m|sigma|e|k_ab|e_ab|mu|na|nb|inchi|smiles
10.213281631469727|3.8644797801971436|245.97406005859375|0.0|0.0|0.0|0.0|0.0|InChI=1S/C24H50/c1-3-5-7-9-11-13-15-17-19-21-23-24-22-20-18-16-14-12-10-8-6-4-2/h3-24H2,1-2H3|CCCCCCCCCCCCCCCCCCCCCCCC
8.836727142333984|3.5796382427215576|258.75732421875|0.011568521035529718|2233.917915864596|0.0|8.0|4.0|InChI=1S/C6H5NO5S.C6H15NO3/c8-7(9)5-2-1-3-6(4-5)13(10,11)12;8-4-1-7(2-5-9)3-6-10/h1-4H,(H,10,11,12);8-10H,1-6H2|O=[N+]([O-])c1cccc(S(=O)(=O)O)c1.OCCN(CCO)CCO
4.542921543121338|4.076259613037109|265.5282287597656|0.0|0.0|0.0|0.0|0.0|InChI=1S/C12H26/c1-4-6-7-8-9-10-11-12(3)5-2/h12H,4-11H2,1-3H3|CCCCCCCCC(C)CC
2.0129170417785645|4.092071533203125|95.46722412109375|0.015882780803193945|3842.752469029401|0.0|2.0|2.0|InChI=1S/C5H12O2/c6-4-2-1-3-5-7/h6-7H,1-5H2|OCCCCCO
4.926435470581055|4.2447123527526855|337.7711486816406|0.0010937498798967594|1617.5537782123347|0.0|3.0|1.0|InChI=1S/C7H17N.CHF3O3S/c1-4-7-8(5-2)6-3;2-1(3,4)8(5,6)7/h4-7H2,1-3H3;(H,5,6,7)|CCCN(CC)CC.O=S(=O)(O)C(F)(F)F
6.404693603515625|4.127521991729736|305.7276611328125|0.0020979354700999273|3731.315587146368|0.0|1.0|1.0|InChI=1S/C18H30O2/c1-2-3-4-5-6-7-8-9-10-11-12-13-14-15-16-17-18(19)20/h3-4,6-7,9-10H,2,5,8,11-17H2,1H3,(H,19,20)/b4-3-,7-6-,10-9-|CC/C=C\C/C=C\C/C=C\CCCCCCCC(=O)O
2.1580026149749756|4.482730865478516|349.5814208984375|0.0032053351176353404|1948.6651782362733|0.0|2.0|1.0|InChI=1S/C6H15NO/c1-3-7(4-2)5-6-8/h8H,3-6H2,1-2H3|CCN(CC)CCO
1.205871343612671|4.48953104019165|209.31549072265625|0.008242179898731924|4844.075943512776|0.0|1.0|1.0|InChI=1S/C2H2Cl2O2/c3-1(4)2(5)6/h1H,(H,5,6)|O=C(O)C(Cl)Cl
5.817720890045166|4.5|499.203857421875|0.03498498199504492|4858.830870978814|0.0|3.0|0.0|InChI=1S/C12H17N7.2BrH/c1-3-17-6-7-19(11-17)9-12(14-15-13)8-18-5-4-16(2)10-18;;/h3-7,10-12H,1,8-9H2,2H3;2*1H/q+2;;/p-2|C=C[n+]1ccn(CC(Cn2cc[n+](C)c2)N=[N+]=[N-])c1.[Br-].[Br-]
2.958866834640503|4.011043071746826|343.3551330566406|0.0|0.0|0.0|0.0|0.0|InChI=1S/C6H5Cl2P/c7-9(8)6-4-2-1-3-5-6/h1-5H|ClP(Cl)c1ccccc1
6.134422302246094|3.634742021560669|224.7806396484375|5.849881438888678e-05|5000.0|0.0|4.0|0.0|InChI=1S/C10H18O4/c1-9(2,3)13-7(11)8(12)14-10(4,5)6/h1-6H3|CC(C)(C)OC(=O)C(=O)OC(C)(C)C
8.180794715881348|4.146534442901611|336.78302001953125|0.0004562158705599164|3573.944407662288|0.0|4.0|0.0|InChI=1S/C15H26N.C2F6NO4S2/c1-3-5-6-7-8-9-12-15-13-10-11-14-16(15)4-2;3-1(4,5)14(10,11)9-15(12,13)2(6,7)8/h10-11,13-14H,3-9,12H2,1-2H3;/q+1;-1|CCCCCCCCc1cccc[n+]1CC.O=S(=O)([N-]S(=O)(=O)C(F)(F)F)C(F)(F)F
3.9570672512054443|3.6137685775756836|255.3326873779297|0.011358796083951765|3303.2605669391064|0.0|1.0|0.0|InChI=1S/C7H14O/c1-3-4-5-6-7(2)8/h3-6H2,1-2H3|CCCCCC(C)=O
7.188380241394043|4.5|315.0688781738281|0.00010235401768897639|5000.0|0.0|7.0|0.0|InChI=1S/C17H33N2O2.C2F6NO4S2/c1-3-5-7-9-13-20-16-18-11-12-19(15-18)17-21-14-10-8-6-4-2;3-1(4,5)14(10,11)9-15(12,13)2(6,7)8/h11-12,15H,3-10,13-14,16-17H2,1-2H3;/q+1;-1|CCCCCCOCn1cc[n+](COCCCCCC)c1.O=S(=O)([N-]S(=O)(=O)C(F)(F)F)C(F)(F)F
3.794299602508545|3.905939817428589|268.85791015625|0.0|0.0|0.0|0.0|0.0|InChI=1S/C8H17Cl/c1-3-5-6-8(4-2)7-9/h8H,3-7H2,1-2H3|CCCCC(CC)CCl
4.184035301208496|4.168917655944824|357.529052734375|0.0030965313592227982|1678.4120032363842|0.0|3.0|1.0|InChI=1S/C5H13N.CHF3O3S/c1-4-6(3)5-2;2-1(3,4)8(5,6)7/h4-5H2,1-3H3;(H,5,6,7)|CCN(C)CC.O=S(=O)(O)C(F)(F)F
6.2050251960754395|4.407883167266846|361.6286926269531|0.0002626650930380936|3195.3803636599696|0.0|4.0|0.0|InChI=1S/C11H26N.C2F6NO4S2/c1-5-9-10-11-12(6-2,7-3)8-4;3-1(4,5)14(10,11)9-15(12,13)2(6,7)8/h5-11H2,1-4H3;/q+1;-1|CCCCC[N+](CC)(CC)CC.O=S(=O)([N-]S(=O)(=O)C(F)(F)F)C(F)(F)F
3.5785293579101562|3.642270803451538|312.58404541015625|0.0|0.0|0.0|0.0|0.0|InChI=1S/C2H2Br4/c3-1(4)2(5)6/h1-2H|BrC(Br)C(Br)Br
3.418856382369995|4.000821590423584|252.6647186279297|0.012916498002153115|1253.8081173260948|0.0|2.0|2.0|InChI=1S/C7H18N2/c8-6-4-2-1-3-5-7-9/h1-9H2|NCCCCCCCN
5.733966827392578|3.5793159008026123|264.2872619628906|0.019596198766219944|2684.7984346920775|0.0|2.0|0.0|InChI=1S/C12H16O2/c1-12(2,3)10-7-5-9(6-8-10)11(13)14-4/h5-8H,1-4H3|COC(=O)c1ccc(C(C)(C)C)cc1
3.3615469932556152|3.742140769958496|315.24554443359375|0.0|0.0|0.0|0.0|0.0|InChI=1S/C7H6Cl2/c1-5-2-3-6(8)4-7(5)9/h2-4H,1H3|Cc1ccc(Cl)cc1Cl
8.276442527770996|3.7716658115386963|219.27133178710938|0.000765363068636418|4603.110143106771|0.0|4.0|0.0|InChI=1S/C15H30N3.C2N3/c1-7-16(8-2)13-14(17(9-3)10-4)15(13)18(11-5)12-6;3-1-5-2-4/h7-12H2,1-6H3;/q+1;-1|CCN(CC)c1c(N(CC)CC)c1=[N+](CC)CC.N#C[N-]C#N
6.720020294189453|4.0360870361328125|258.4346618652344|0.0011921748619153525|2418.1044998613484|0.0|1.0|1.0|InChI=1S/C17H36O/c1-3-5-7-9-11-13-15-17(18)16-14-12-10-8-6-4-2/h17-18H,3-16H2,1-2H3|CCCCCCCCC(O)CCCCCCCC
5.1167497634887695|4.00268030166626|379.27569580078125|0.03936360989818109|1613.655708762677|0.0|3.0|1.0|InChI=1S/C8H15N2.C3H7NO2/c1-3-4-5-10-7-6-9(2)8-10;1-2(4)3(5)6/h6-8H,3-5H2,1-2H3;2H,4H2,1H3,(H,5,6)/q+1;/p-1/t;2-/m.0/s1|CCCCn1cc[n+](C)c1.C[C@H](N)C(=O)[O-]
3.574401378631592|3.8575875759124756|287.3850402832031|0.023270957645024883|1660.0271260436996|0.0|1.0|0.0|InChI=1S/C9H13N/c1-10(2)8-9-6-4-3-5-7-9/h3-7H,8H2,1-2H3|CN(C)Cc1ccccc1
6.59562349319458|4.106177806854248|324.41864013671875|0.0012030657521948764|3914.2838941668883|0.0|1.0|0.0|InChI=1S/C6F18P.C6H11N2/c7-1(8,9)4(16,17)25(22,23,24,5(18,19)2(10,11)12)6(20,21)3(13,14)15;1-3-8-5-4-7(2)6-8/h;4-6H,3H2,1-2H3/q-1;+1|CCn1cc[n+](C)c1.FC(F)(F)C(F)(F)[P-](F)(F)(F)(C(F)(F)C(F)(F)F)C(F)(F)C(F)(F)F
5.318490028381348|3.7832956314086914|263.6412048339844|0.0023136218822512023|2817.2137749585086|0.0|1.0|1.0|InChI=1S/C11H24O/c1-2-3-4-5-6-7-8-9-10-11-12/h12H,2-11H2,1H3|CCCCCCCCCCCO
5.747929096221924|3.6307373046875|308.1956481933594|0.00017461101166488095|1033.7998941942574|0.0|4.0|1.0|InChI=1S/C8H15N2.H2O4S/c1-4-5-10-7-6-9(3)8(10)2;1-5(2,3)4/h6-7H,4-5H2,1-3H3;(H2,1,2,3,4)/q+1;/p-1|CCCn1cc[n+](C)c1C.O=S(=O)([O-])O
4.391282081604004|3.5351784229278564|239.39553833007812|0.0001137546084369311|2271.790626519285|0.0|2.0|0.0|InChI=1S/C7H14O2/c1-3-5-6-7(8)9-4-2/h3-6H2,1-2H3|CCCCC(=O)OCC
4.802750587463379|3.5429606437683105|260.3892517089844|0.06596595349225404|939.7889379909668|0.0|3.0|1.0|InChI=1S/C7H16O3/c1-2-4-9-6-7-10-5-3-8/h8H,2-7H2,1H3|CCCOCCOCCO
4.6635518074035645|4.167385101318359|386.5765380859375|0.006069858512960534|1996.9726812087972|0.0|2.0|0.0|InChI=1S/C10H16N3.BrH/c1-2-3-6-12-8-9-13(10-12)7-4-5-11;/h8-10H,2-4,6-7H2,1H3;1H/q+1;/p-1|CCCC[n+]1ccn(CCC#N)c1.[Br-]
2.8525655269622803|3.3803842067718506|329.0855712890625|0.005414548286427216|2150.4072884367333|0.0|2.0|0.0|InChI=1S/C4H6O2/c5-4-2-1-3-6-4/h1-3H2|O=C1CCCO1
3.662538528442383|4.284905910491943|300.1129150390625|0.014149372054316819|1822.3320283182513|0.0|1.0|1.0|InChI=1S/C10H23N/c1-2-3-4-5-6-7-8-9-10-11/h2-11H2,1H3|CCCCCCCCCCN
5.890110015869141|3.8157742023468018|363.5365905761719|0.0031576354699922485|1628.0849977157577|0.0|4.0|0.0|InChI=1S/C9H17N2.NO3/c1-3-4-5-6-11-8-7-10(2)9-11;2-1(3)4/h7-9H,3-6H2,1-2H3;/q+1;-1|CCCCCn1cc[n+](C)c1.O=[N+]([O-])[O-]
4.7368950843811035|3.5398876667022705|228.80596923828125|0.0005405166379648958|357.98078058421027|0.0|3.0|0.0|InChI=1S/C7H16O3/c1-4-8-7(9-5-2)10-6-3/h7H,4-6H2,1-3H3|CCOC(OCC)OCC
5.1269073486328125|3.831277370452881|294.6746520996094|0.0025151227580021015|2012.0651296533526|0.0|3.0|0.0|InChI=1S/C8H15N2.CHNS/c1-4-5-10-7-6-9(3)8(10)2;2-1-3/h6-7H,4-5H2,1-3H3;3H/q+1;/p-1|CCCn1cc[n+](C)c1C.N#C[S-]
5.423600673675537|3.6579179763793945|248.78985595703125|0.0003032022141775855|3613.2046540307724|0.0|2.0|0.0|InChI=1S/C10H20O2/c1-3-4-5-6-7-8-9-10(11)12-2/h3-9H2,1-2H3|CCCCCCCCC(=O)OC
4.347314834594727|3.585160970687866|292.4438781738281|0.00014927428663867012|2937.7621050285834|0.0|2.0|1.0|InChI=1S/C8H10O2/c9-6-7-10-8-4-2-1-3-5-8/h1-5,9H,6-7H2|OCCOc1ccccc1
6.363256931304932|3.8893277645111084|266.4936828613281|0.0|0.0|0.0|0.0|0.0|InChI=1S/C14H29Cl/c1-2-3-4-5-6-7-8-9-10-11-12-13-14-15/h2-14H2,1H3|CCCCCCCCCCCCCCCl
4.489632606506348|4.024204730987549|357.6998596191406|0.012397829004074582|2258.2470321095725|0.0|1.0|0.0|InChI=1S/C9H17N2.BrH/c1-3-4-5-6-11-8-7-10(2)9-11;/h7-9H,3-6H2,1-2H3;1H/q+1;/p-1|CCCCCn1cc[n+](C)c1.[Br-]
4.4689249992370605|3.5014069080352783|290.34918212890625|0.00010240263376542997|3703.981785188897|0.0|1.0|1.0|InChI=1S/C9H12O/c10-8-4-7-9-5-2-1-3-6-9/h1-3,5-6,10H,4,7-8H2|OCCCc1ccccc1
3.0954437255859375|3.235836982727051|280.55523681640625|0.01001389607158292|1961.3381286865194|0.0|1.0|0.0|InChI=1S/C3H5ClO/c4-1-3-2-5-3/h3H,1-2H2|ClCC1CO1
4.3717193603515625|4.088765621185303|431.6379089355469|0.06723951301804798|1706.8360267127618|0.0|3.0|1.0|InChI=1S/C6H11N2.C3H7NO2/c1-3-8-5-4-7(2)6-8;1-2(4)3(5)6/h4-6H,3H2,1-2H3;2H,4H2,1H3,(H,5,6)/q+1;/p-1/t;2-/m.0/s1|CCn1cc[n+](C)c1.C[C@H](N)C(=O)[O-]
7.859017372131348|4.452977180480957|455.6543273925781|0.0007104580176660722|3913.510381035013|0.0|5.0|0.0|InChI=1S/C16H31N2.C2F6NO4S2/c1-3-4-5-6-7-8-9-10-11-12-13-18-15-14-17(2)16-18;3-1(4,5)14(10,11)9-15(12,13)2(6,7)8/h14-16H,3-13H2,1-2H3;/q+1;-1|CCCCCCCCCCCCn1cc[n+](C)c1.O=S(=O)([N-]S(=O)(=O)C(F)(F)F)C(F)(F)F
4.359493255615234|3.9663615226745605|348.233154296875|0.00011188419945105872|3479.3008672092033|0.0|1.0|0.0|InChI=1S/C8H15N2.BF4/c1-3-4-5-10-7-6-9(2)8-10;2-1(3,4)5/h6-8H,3-5H2,1-2H3;/q+1;-1|CCCCn1cc[n+](C)c1.F[B-](F)(F)F
5.837523460388184|4.256613254547119|338.6328430175781|0.0|0.0|0.0|0.0|0.0|InChI=1S/C10H16N.4O.Re/c1-2-3-5-8-11-9-6-4-7-10-11;;;;;/h4,6-7,9-10H,2-3,5,8H2,1H3;;;;;/q+1;;;;;-1|CCCCC[n+]1ccccc1.[O].[O].[O].[O].[Re-]
4.264499664306641|3.4103498458862305|197.693115234375|0.00015851744250632312|533.7552118913685|0.0|1.0|0.0|InChI=1S/C5H5F5O/c1-2-3(11)4(6,7)5(8,9)10/h2H2,1H3|CCC(=O)C(F)(F)C(F)(F)F
4.709683895111084|4.097135066986084|298.5444030761719|0.0001304543269421112|867.9528085985253|0.0|3.0|3.0|InChI=1S/C6H15NO.C3H6O2/c1-2-3-4-7-5-6-8;1-2-3(4)5/h7-8H,2-6H2,1H3;2H2,1H3,(H,4,5)|CCC(=O)O.CCCCNCCO
3.297388792037964|3.4525396823883057|154.1134796142578|0.0|0.0|0.0|0.0|0.0|InChI=1S/C3F8/c4-1(5,2(6,7)8)3(9,10)11|FC(F)(F)C(F)(F)C(F)(F)F
9.954121589660645|3.6006386280059814|242.50863647460938|0.003179076492541926|4255.163613155688|0.0|4.0|0.0|InChI=1S/C18H34O4/c1-3-5-15-21-17(19)13-11-9-7-8-10-12-14-18(20)22-16-6-4-2/h3-16H2,1-2H3|CCCCOC(=O)CCCCCCCCC(=O)OCCCC
2.550799608230591|3.461946964263916|178.30796813964844|0.0|0.0|0.0|0.0|0.0|InChI=1S/C3H3F3/c1-2-3(4,5)6/h2H,1H2|C=CC(F)(F)F
4.100512981414795|3.194308042526245|217.6135711669922|0.29846879647132496|1798.16148603681|0.0|1.0|2.0|InChI=1S/C4H9NO/c1-2-3-4(5)6/h2-3H2,1H3,(H2,5,6)|CCCC(=N)O
7.551273345947266|3.7693262100219727|238.1100311279297|1.0756017419257771e-05|5000.0|0.0|3.0|2.0|InChI=1S/C13H30N.C3H7NO3/c1-5-8-11-14(4,12-9-6-2)13-10-7-3;4-2(1-5)3(6)7/h5-13H2,1-4H3;2,5H,1,4H2,(H,6,7)/q+1;/p-1/t;2-/m.0/s1|CCCC[N+](C)(CCCC)CCCC.N[C@@H](CO)C(=O)[O-]
2.5414540767669678|3.916032552719116|271.5906677246094|0.0014469763263405316|2648.574885409437|0.0|1.0|1.0|InChI=1S/C5H12O/c1-4-5(2,3)6/h6H,4H2,1-3H3|CCC(C)(C)O
14.824871063232422|4.491667747497559|275.2312927246094|0.0010659525084012436|2627.4210586429786|0.0|4.0|0.0|InChI=1S/C32H68P.C4H2F8O4S/c1-5-9-13-17-18-19-20-21-22-23-24-28-32-33(29-25-14-10-6-2,30-26-15-11-7-3)31-27-16-12-8-4;5-1(2(6,7)17(13,14)15)16-4(11,12)3(8,9)10/h5-32H2,1-4H3;1H,(H,13,14,15)/q+1;/p-1|CCCCCCCCCCCCCC[P+](CCCCCC)(CCCCCC)CCCCCC.O=S(=O)([O-])C(F)(F)C(F)OC(F)(F)C(F)(F)F
6.602748394012451|4.200727462768555|360.4576110839844|2.0819988804312825e-05|5000.0|0.0|4.0|0.0|InChI=1S/C10H16N.C2F6NO4S2/c1-3-4-7-11-8-5-10(2)6-9-11;3-1(4,5)14(10,11)9-15(12,13)2(6,7)8/h5-6,8-9H,3-4,7H2,1-2H3;/q+1;-1|CCCC[n+]1ccc(C)cc1.O=S(=O)([N-]S(=O)(=O)C(F)(F)F)C(F)(F)F
3.08481502532959|3.742321014404297|291.2456970214844|0.0|0.0|0.0|0.0|0.0|InChI=1S/C8H10/c1-7-5-3-4-6-8(7)2/h3-6H,1-2H3|Cc1ccccc1C
5.707732200622559|3.9586129188537598|271.1750793457031|0.00014880660342041595|2778.807005538647|0.0|3.0|3.0|InChI=1S/C6H15NO.C5H10O2/c1-2-3-4-7-5-6-8;1-2-3-4-5(6)7/h7-8H,2-6H2,1H3;2-4H2,1H3,(H,6,7)|CCCCC(=O)O.CCCCNCCO
3.6778361797332764|3.305560827255249|243.23861694335938|0.0012267264793721026|2438.538098676089|0.0|2.0|0.0|InChI=1S/C5H10O2/c1-5(2)6-3-4-7-5/h3-4H2,1-2H3|CC1(C)OCCO1
7.64052152633667|2.517303705215454|134.61268615722656|0.47892655004636636|1939.1567443549538|0.0|3.0|3.0|InChI=1S/C4H11NO2/c6-3-1-5-2-4-7/h5-7H,1-4H2|OCCNCCO
3.7868854999542236|3.338078260421753|262.5452575683594|0.0004305188734044725|2454.4939046296954|0.0|2.0|0.0|InChI=1S/C4H7ClO2/c1-2-7-4(6)3-5/h2-3H2,1H3|CCOC(=O)CCl
4.195100784301758|3.624293088912964|254.22169494628906|0.002699207469641202|1995.2708587736624|0.0|1.0|0.0|InChI=1S/C8H16O/c1-4-8(9)6-5-7(2)3/h7H,4-6H2,1-3H3|CCC(=O)CCC(C)C
3.9788708686828613|3.0157177448272705|235.6055908203125|0.09370811475171674|1204.4521911645134|0.0|2.0|2.0|InChI=1S/C3H9NO/c1-4-2-3-5/h4-5H,2-3H2,1H3|CNCCO
4.548755168914795|3.9657177925109863|446.7855224609375|0.00038449217402868193|1139.6550627920542|0.0|4.0|1.0|InChI=1S/C6H11N2.H2O4S/c1-3-8-5-4-7(2)6-8;1-5(2,3)4/h4-6H,3H2,1-2H3;(H2,1,2,3,4)/q+1;/p-1|CCn1cc[n+](C)c1.O=S(=O)([O-])O
2.593492269515991|3.7657361030578613|261.55255126953125|0.0|0.0|0.0|0.0|0.0|InChI=1S/C4H9Cl/c1-3-4(2)5/h4H,3H2,1-2H3|CCC(C)Cl
4.439160346984863|3.511791467666626|242.20042419433594|0.004661699689171132|2212.165619336145|0.0|2.0|0.0|InChI=1S/C7H14O2/c1-3-4-5-6-7(8)9-2/h3-6H2,1-2H3|CCCCCC(=O)OC
4.61237907409668|3.7207443714141846|276.2847595214844|0.1586276298402122|1371.2854762773998|0.0|2.0|0.0|InChI=1S/C9H14O2Si/c1-10-12(3,11-2)9-7-5-4-6-8-9/h4-8H,1-3H3|CO[Si](C)(OC)c1ccccc1
3.4471495151519775|3.847431182861328|274.6387939453125|0.017294514043883304|2061.8594248815793|0.0|3.0|1.0|InChI=1S/C6H15NO2/c1-7(2)3-5-9-6-4-8/h8H,3-6H2,1-2H3|CN(C)CCOCCO
8.415003776550293|4.25648307800293|353.0984191894531|0.0012600500956789229|2225.828716618592|0.0|4.0|0.0|InChI=1S/C16H28N.C2F6NO4S2/c1-5-7-9-10-16-15(4)12-14(3)13-17(16)11-8-6-2;3-1(4,5)14(10,11)9-15(12,13)2(6,7)8/h12-13H,5-11H2,1-4H3;/q+1;-1|CCCCCc1c(C)cc(C)c[n+]1CCCC.O=S(=O)([N-]S(=O)(=O)C(F)(F)F)C(F)(F)F
3.910325288772583|3.595306158065796|253.05154418945312|0.014033800939354647|1312.50690487217|0.0|2.0|1.0|InChI=1S/C6H14O2/c1-3-4-8-5-6(2)7/h6-7H,3-5H2,1-2H3|CCCOCC(C)O
7.491087913513184|4.159145832061768|384.897216796875|0.0035941473234181467|1662.8044165442473|0.0|5.0|0.0|InChI=1S/C12H17N2.C2F6NO4S2/c1-2-3-4-5-8-14-9-6-7-12(10-13)11-14;3-1(4,5)14(10,11)9-15(12,13)2(6,7)8/h6-7,9,11H,2-5,8H2,1H3;/q+1;-1|CCCCCC[n+]1cccc(C#N)c1.O=S(=O)([N-]S(=O)(=O)C(F)(F)F)C(F)(F)F
1.795113444328308|4.094488620758057|405.7135925292969|0.011478997975807492|2043.8706861699868|0.0|3.0|3.0|InChI=1S/C3H8O3/c4-1-3(6)2-5/h3-6H,1-2H2|OCC(O)CO
5.157251358032227|4.138739585876465|409.0466613769531|0.004299834106349599|3378.372274443952|0.0|5.0|0.0|InChI=1S/C8H15N2.C4BN4/c1-3-4-5-10-7-6-9(2)8-10;6-1-5(2-7,3-8)4-9/h6-8H,3-5H2,1-2H3;/q+1;-1|CCCCn1cc[n+](C)c1.N#C[B-](C#N)(C#N)C#N
2.449920892715454|4.070643424987793|302.4317321777344|0.05201688286508413|957.7085362308565|0.0|1.0|1.0|InChI=1S/C6H13N/c1-6-4-2-3-5-7-6/h6-7H,2-5H2,1H3|CC1CCCCN1
4.054250717163086|3.7314844131469727|268.5810241699219|0.0|0.0|0.0|0.0|0.0|InChI=1S/C7H15Br/c1-2-3-4-5-6-7-8/h2-7H2,1H3|CCCCCCCBr
2.2206661701202393|4.498805046081543|405.15814208984375|0.0016000595018874047|1767.5110470371983|0.0|3.0|2.0|InChI=1S/C6H15N3/c7-1-4-9-5-2-8-3-6-9/h8H,1-7H2|NCCN1CCNCC1
5.608928680419922|3.4583311080932617|255.00633239746094|0.001659332845322537|3305.535379672413|0.0|1.0|0.0|InChI=1S/C10H16O/c1-9(2)5-4-6-10(3)7-8-11/h5,7-8H,4,6H2,1-3H3|CC(C)=CCCC(C)=CC=O
7.4158935546875|4.074126720428467|354.80523681640625|0.003397020184386884|2589.2680557560548|0.0|4.0|0.0|InChI=1S/C12H23N2.C4HF9O3S/c1-3-4-5-6-7-8-9-14-11-10-13(2)12-14;5-1(6,3(9,10)11)2(7,8)4(12,13)17(14,15)16/h10-12H,3-9H2,1-2H3;(H,14,15,16)/q+1;/p-1|CCCCCCCCn1cc[n+](C)c1.O=S(=O)([O-])C(F)(F)C(F)(F)C(F)(F)C(F)(F)F
4.972200393676758|4.068504333496094|297.4662170410156|0.0004545870840029094|1896.1494412543736|0.0|4.0|0.0|InChI=1S/C7H16N.C2H6O4S/c1-3-8(2)6-4-5-7-8;1-2-6-7(3,4)5/h3-7H2,1-2H3;2H2,1H3,(H,3,4,5)/q+1;/p-1|CCOS(=O)(=O)[O-].CC[N+]1(C)CCCC1
4.715137481689453|4.151792049407959|500.8829345703125|0.004091916793703357|2527.775912991546|0.0|3.0|1.0|InChI=1S/C9H16N2.CH4O3S/c1-2-5-9-10-6-4-8-11(9)7-3-1;1-5(2,3)4/h1-8H2;1H3,(H,2,3,4)|C1CCC2=NCCCN2CC1.CS(=O)(=O)O
3.6762990951538086|4.202728748321533|243.54818725585938|0.00010091674449759735|198.0570752317588|0.0|1.0|1.0|InChI=1S/C6H19NSi2/c1-8(2,3)7-9(4,5)6/h7H,1-6H3|C[Si](C)(C)N[Si](C)(C)C
4.066308498382568|3.5335259437561035|281.6704406738281|0.00027629687366155997|2846.140243702838|0.0|1.0|0.0|InChI=1S/C8H10O/c1-7-3-5-8(9-2)6-4-7/h3-6H,1-2H3|COc1ccc(C)cc1
7.361804008483887|3.739110231399536|332.1383056640625|0.012383744879376756|2757.1942088179844|0.0|3.0|0.0|InChI=1S/C14H27N2.C4N3/c1-3-4-5-6-7-8-9-10-11-16-13-12-15(2)14-16;5-1-4(2-6)3-7/h12-14H,3-11H2,1-2H3;/q+1;-1|CCCCCCCCCCn1cc[n+](C)c1.N#CC(=C=[N-])C#N
6.219343185424805|3.90545392036438|353.3133850097656|0.009543542793742895|2557.29392697251|0.0|3.0|0.0|InChI=1S/C12H23N2.CHNS/c1-3-4-5-6-7-8-9-14-11-10-13(2)12-14;2-1-3/h10-12H,3-9H2,1-2H3;3H/q+1;/p-1|CCCCCCCCn1cc[n+](C)c1.N#C[S-]
9.011160850524902|3.839763879776001|230.881591796875|0.01606448082311913|456.2965235422201|0.0|3.0|2.0|InChI=1S/C16H36P.C6H14N2O2/c1-5-9-13-17(14-10-6-2,15-11-7-3)16-12-8-4;7-4-2-1-3-5(8)6(9)10/h5-16H2,1-4H3;5H,1-4,7-8H2,(H,9,10)/q+1;/p-1/t;5-/m.0/s1|CCCC[P+](CCCC)(CCCC)CCCC.NCCCC[C@H](N)C(=O)[O-]
3.8518457412719727|3.301762104034424|244.08602905273438|0.0012095636502593608|3077.3545683824664|0.0|2.0|2.0|InChI=1S/C3H9N.CH2O2/c1-2-3-4;2-1-3/h2-4H2,1H3;1H,(H,2,3)|CCCN.O=CO
1.6957894563674927|4.49310302734375|340.0249938964844|0.0|0.0|0.0|0.0|0.0|InChI=1S/C3H3Cl2F3/c4-1-2(5)3(6,7)8/h2H,1H2|FC(F)(F)C(Cl)CCl
4.71796989440918|3.6580822467803955|252.79901123046875|4.825276721217395e-05|2901.377803883427|0.0|1.0|0.0|InChI=1S/C9H18O/c1-3-5-7-9(10)8-6-4-2/h3-8H2,1-2H3|CCCCC(=O)CCCC
2.9135828018188477|3.5621397495269775|255.73277282714844|0.0064494846427746695|3454.469305361264|0.0|1.0|0.0|InChI=1S/C5H7N/c1-3-5(2)4-6/h3,5H,1H2,2H3|C=CC(C)C#N
3.946066379547119|3.9919888973236084|285.45770263671875|0.0|0.0|0.0|0.0|0.0|InChI=1S/C12H18/c1-10(12(2,3)4)11-8-6-5-7-9-11/h5-10H,1-4H3|CC(c1ccccc1)C(C)(C)C
10.733283996582031|4.197206974029541|324.68548583984375|0.0016314616374594158|4242.2977504492255|0.0|6.0|0.0|InChI=1S/C16H28N3.C12H26O4S/c1-2-3-4-5-6-7-8-9-12-18-14-15-19(16-18)13-10-11-17;1-2-3-4-5-6-7-8-9-10-11-12-16-17(13,14)15/h14-16H,2-10,12-13H2,1H3;2-12H2,1H3,(H,13,14,15)/q+1;/p-1|CCCCCCCCCCCCOS(=O)(=O)[O-].CCCCCCCCCC[n+]1ccn(CCC#N)c1
4.276991367340088|3.5380685329437256|291.9602966308594|0.0008356716982244352|3201.067262071149|0.0|1.0|0.0|InChI=1S/C6H5Cl2OP/c7-10(8,9)6-4-2-1-3-5-6/h1-5H|O=P(Cl)(Cl)c1ccccc1
1.9130653142929077|4.270908355712891|175.6148681640625|0.011836563093656815|3335.5017501672974|0.0|2.0|1.0|InChI=1S/C5H13NO/c1-2-7-5-3-4-6/h2-6H2,1H3|CCOCCCN
4.609866142272949|3.8325815200805664|246.0350341796875|0.0|0.0|0.0|0.0|0.0|InChI=1S/C10H22/c1-3-5-7-9-10-8-6-4-2/h3-10H2,1-2H3|CCCCCCCCCC
3.291186809539795|4.048962116241455|286.447998046875|0.0|0.0|0.0|0.0|0.0|InChI=1S/C10H16/c1-7-4-5-8-6-9(7)10(8,2)3/h4,8-9H,5-6H2,1-3H3|CC1=CCC2CC1C2(C)C
3.5273594856262207|3.3192663192749023|163.81236267089844|0.0|0.0|0.0|0.0|0.0|InChI=1S/C3HF7/c4-1(2(5,6)7)3(8,9)10/h1H|FC(C(F)(F)F)C(F)(F)F
4.240164756774902|4.319284915924072|312.0180358886719|0.0|0.0|0.0|0.0|0.0|InChI=1S/C15H24/c1-10-11-6-7-12-13(11)14(2,3)8-5-9-15(10,12)4/h11-13H,1,5-9H2,2-4H3/t11-,12-,13+,15+/m0/s1|C=C1[C@@H]2CC[C@H]3[C@@H]2C(C)(C)CCC[C@]13C
1.8548647165298462|3.559387683868408|307.2796936035156|0.0|0.0|0.0|0.0|0.0|InChI=1S/CH3I/c1-2/h1H3|CI
5.225776195526123|3.9490811824798584|293.9123840332031|0.00010674358146350552|3796.631036212199|0.0|4.0|0.0|InChI=1S/C7H16NO.C2H7O3P/c1-3-8(2)4-6-9-7-5-8;1-2-5-6(3)4/h3-7H2,1-2H3;6H,2H2,1H3,(H,3,4)/q+1;/p-1|CCO[PH](=O)[O-].CC[N+]1(C)CCOCC1
3.7528061866760254|3.7509663105010986|397.5118408203125|0.0008772253658746614|427.2654021428342|0.0|3.0|3.0|InChI=1S/C4H9N.H2O4S/c1-2-4-5-3-1;1-5(2,3)4/h5H,1-4H2;(H2,1,2,3,4)|C1CCNC1.O=S(=O)(O)O
5.112827301025391|4.068721771240234|352.25238037109375|0.00035645821569954257|2601.698563009035|0.0|5.0|1.0|InChI=1S/C3H7NO.C2F6NO4S2/c1-4(2)3-5;3-1(4,5)14(10,11)9-15(12,13)2(6,7)8/h3H,1-2H3;/q;-1/p+1|C[NH+](C)C=O.O=S(=O)([N-]S(=O)(=O)C(F)(F)F)C(F)(F)F
5.819421768188477|3.172097682952881|313.6355285644531|0.06486302146464341|1726.051983236213|0.0|3.0|2.0|InChI=1S/C7H6N2O3/c8-7(10)5-3-1-2-4-6(5)9(11)12/h1-4H,(H2,8,10)|N=C(O)c1ccccc1[N+](=O)[O-]
3.8799140453338623|3.569939374923706|270.5779113769531|0.0004981039485131798|2463.619696127602|0.0|1.0|0.0|InChI=1S/C8H11N/c1-6-4-7(2)9-8(3)5-6/h4-5H,1-3H3|Cc1cc(C)nc(C)c1
4.239264488220215|3.24543833732605|284.9158020019531|0.00017529947399390745|2898.717462717295|0.0|1.0|1.0|InChI=1S/C7H8O/c1-6-3-2-4-7(8)5-6/h2-5,8H,1H3|Cc1cccc(O)c1
14.425662994384766|4.285980224609375|277.0824890136719|0.005518727267993824|2068.9619622344744|0.0|3.0|0.0|InChI=1S/C32H68P.C3H2N3O2/c1-5-9-13-17-18-19-20-21-22-23-24-28-32-33(29-25-14-10-6-2,30-26-15-11-7-3)31-27-16-12-8-4;7-6(8)3-1-4-5-2-3/h5-32H2,1-4H3;1-2H/q+1;-1|CCCCCCCCCCCCCC[P+](CCCCCC)(CCCCCC)CCCCCC.O=[N+]([O-])c1cn[n-]c1
5.881918430328369|4.218160152435303|372.7293395996094|7.497534292804798e-05|3816.2046858299427|0.0|4.0|0.0|InChI=1S/C7H18N.C2F6NO4S2/c1-5-6-7-8(2,3)4;3-1(4,5)14(10,11)9-15(12,13)2(6,7)8/h5-7H2,1-4H3;/q+1;-1|CCCC[N+](C)(C)C.O=S(=O)([N-]S(=O)(=O)C(F)(F)F)C(F)(F)F
4.4373273849487305|3.709953784942627|262.3887634277344|3.6698929537826622e-06|1123.1362473941467|0.0|3.0|0.0|InChI=1S/C8H18O3/c1-7(10-4)6-11-8(2)5-9-3/h7-8H,5-6H2,1-4H3|COCC(C)OCC(C)OC
2.999370574951172|3.4971983432769775|255.94174194335938|0.019445306058545893|2277.5035799306384|0.0|1.0|0.0|InChI=1S/C5H7N/c1-3-5(2)4-6/h3H,1-2H3|CC=C(C)C#N
4.447274684906006|3.6120219230651855|251.71182250976562|0.00217519257029153|3355.649751306098|0.0|1.0|0.0|InChI=1S/C8H16O/c1-3-4-5-6-7-8(2)9/h3-7H2,1-2H3|CCCCCCC(C)=O
7.390020847320557|3.7327489852905273|249.2047882080078|0.0027927192519787937|3311.612844665051|0.0|2.0|0.0|InChI=1S/C15H30O2/c1-3-4-5-6-7-8-9-10-11-12-13-14-15(16)17-2/h3-14H2,1-2H3|CCCCCCCCCCCCCC(=O)OC
6.0383992195129395|3.8211829662323|189.47325134277344|0.0|0.0|0.0|0.0|0.0|InChI=1S/C10H3F17/c1-2-3(11,12)4(13,14)5(15,16)6(17,18)7(19,20)8(21,22)9(23,24)10(25,26)27/h2H,1H2|C=CC(F)(F)C(F)(F)C(F)(F)C(F)(F)C(F)(F)C(F)(F)C(F)(F)C(F)(F)F
3.58383846282959|3.577524185180664|304.7007751464844|0.0022658357464928587|2732.397891282448|0.0|1.0|0.0|InChI=1S/C8H7N/c1-7-3-2-4-8(5-7)6-9/h2-5H,1H3|Cc1cccc(C#N)c1
6.686572074890137|4.120299816131592|346.0470275878906|0.0004022565780164591|3447.745422846508|0.0|5.0|0.0|InChI=1S/C9H17N2.C2F6NO4S2/c1-5-6-11-9(3)7-8(2)10(11)4;3-1(4,5)14(10,11)9-15(12,13)2(6,7)8/h7H,5-6H2,1-4H3;/q+1;-1|CCC[n+]1c(C)cc(C)n1C.O=S(=O)([N-]S(=O)(=O)C(F)(F)F)C(F)(F)F
4.930868625640869|4.180412769317627|432.8987731933594|0.0010737268234797931|2341.142879357688|0.0|4.0|0.0|InChI=1S/C9H17N2.CHF3O3S/c1-3-5-6-11-8-7-10(4-2)9-11;2-1(3,4)8(5,6)7/h7-9H,3-6H2,1-2H3;(H,5,6,7)/q+1;/p-1|CCCCn1cc[n+](CC)c1.O=S(=O)([O-])C(F)(F)F
8.766636848449707|3.9626646041870117|260.9419250488281|0.0078368740329762|3418.4948835908713|0.0|3.0|0.0|InChI=1S/C15H34P.C3H2N3O2/c1-5-9-10-11-12-13-14-15-16(6-2,7-3)8-4;7-6(8)3-1-4-5-2-3/h5-15H2,1-4H3;1-2H/q+1;-1|CCCCCCCCC[P+](CC)(CC)CC.O=[N+]([O-])c1cn[n-]c1
3.696070432662964|3.5825700759887695|253.83877563476562|0.00018415052374436995|2433.5351372790155|0.0|2.0|0.0|InChI=1S/C6H12O2/c1-3-4-5-6(7)8-2/h3-5H2,1-2H3|CCCCC(=O)OC
3.718263864517212|3.2415666580200195|220.4415740966797|0.005727927506212117|1297.5835698905453|0.0|2.0|2.0|InChI=1S/C3H10N2/c1-5-3-2-4/h5H,2-4H2,1H3|CNCCN
2.427058458328247|4.006711006164551|334.21917724609375|0.0|0.0|0.0|0.0|0.0|InChI=1S/C4H8BrCl/c5-3-1-2-4-6/h1-4H2|ClCCCCBr
3.2804758548736572|3.5209782123565674|310.1001281738281|0.02149274869533832|3707.847276885421|0.0|2.0|0.0|InChI=1S/C6H5NO2/c8-7(9)6-4-2-1-3-5-6/h1-5H|O=[N+]([O-])c1ccccc1
4.480523586273193|4.5|429.2839050292969|0.00020985690132009863|3148.1209171103924|0.0|5.0|1.0|InChI=1S/C5H14NO.C2F6NO4S2/c1-6(2,3)4-5-7;3-1(4,5)14(10,11)9-15(12,13)2(6,7)8/h7H,4-5H2,1-3H3;/q+1;-1|C[N+](C)(C)CCO.O=S(=O)([N-]S(=O)(=O)C(F)(F)F)C(F)(F)F
1.2977068424224854|4.494234085083008|425.48992919921875|0.004353518927329841|2578.5186527926044|0.0|2.0|2.0|InChI=1S/C3H8O2/c4-2-1-3-5/h4-5H,1-3H2|OCCCO
3.2019295692443848|3.76141619682312|295.4325866699219|5.258488858633592e-05|2572.859829173212|0.0|2.0|0.0|InChI=1S/C4H10S2/c1-3-5-6-4-2/h3-4H2,1-2H3|CCSSCC
3.116084575653076|3.738424062728882|289.5494384765625|0.2369266971938022|1665.0369066104072|0.0|2.0|2.0|InChI=1S/C4H9N.CH2O2/c1-2-4-5-3-1;2-1-3/h5H,1-4H2;1H,(H,2,3)|C1CCNC1.O=CO
8.828676223754883|4.5|526.6383666992188|0.007284649121194999|1821.3368801105598|0.0|10.0|0.0|InChI=1S/2C8H15N2.4CNS.Co/c2*1-3-4-5-10-7-6-9(2)8-10;4*2-1-3;/h2*6-8H,3-5H2,1-2H3;;;;;/q2*+1;4*-1;+2|CCCCn1cc[n+](C)c1.CCCCn1cc[n+](C)c1.[Co+2].[N-]=C=S.[N-]=C=S.[N-]=C=S.[N-]=C=S
5.9456467628479|4.5|456.6059875488281|1.3334804365738597e-05|3914.720137037599|0.0|5.0|0.0|InChI=1S/C11H21N2.C2F6NO4S2/c1-3-5-7-12-9-10-13(11-12)8-6-4-2;3-1(4,5)14(10,11)9-15(12,13)2(6,7)8/h9-11H,3-8H2,1-2H3;/q+1;-1|CCCCn1cc[n+](CCCC)c1.O=S(=O)([N-]S(=O)(=O)C(F)(F)F)C(F)(F)F
5.786245822906494|3.726346015930176|252.90728759765625|0.00139591685888763|1116.1071459647744|0.0|2.0|0.0|InChI=1S/C12H20O2Si/c1-5-13-15(4,14-6-2)12-9-7-11(3)8-10-12/h7-10H,5-6H2,1-4H3|CCO[Si](C)(OCC)c1ccc(C)cc1
5.132967472076416|4.195844650268555|381.66363525390625|0.002577679366624676|2548.328924298569|0.0|2.0|1.0|InChI=1S/C13H25N2O.ClH/c1-2-3-8-14-10-11-15(13-14)9-6-4-5-7-12-16;/h10-11,13,16H,2-9,12H2,1H3;1H/q+1;/p-1|CCCC[n+]1ccn(CCCCCCO)c1.[Cl-]
3.0640859603881836|3.2186601161956787|306.9313049316406|0.0003736809377475612|2407.0611926925353|0.0|1.0|0.0|InChI=1S/C2H6OS/c1-4(2)3/h1-2H3|CS(C)=O
7.303492069244385|3.324160099029541|311.2796936035156|0.08654315680710631|2296.6633278003933|0.0|5.0|0.0|InChI=1S/C18H18O5/c19-17(15-7-3-1-4-8-15)22-13-11-21-12-14-23-18(20)16-9-5-2-6-10-16/h1-10H,11-14H2|O=C(OCCOCCOC(=O)c1ccccc1)c1ccccc1
3.4891648292541504|3.595207691192627|248.47470092773438|0.009957790496534023|2366.507241129858|0.0|1.0|0.0|InChI=1S/C6H12O/c1-5(2)4-6(3)7/h5H,4H2,1-3H3|CC(=O)CC(C)C
2.8600504398345947|4.368345737457275|305.3807373046875|0.00010234778076535894|2687.7581784787917|0.0|1.0|1.0|InChI=1S/C8H19N/c1-3-5-7-9-8-6-4-2/h9H,3-8H2,1-2H3|CCCCNCCCC
7.335063457489014|4.014875411987305|367.50689697265625|0.007495789316404518|2828.8899241502063|0.0|5.0|0.0|InChI=1S/C14H27N2.C4BN4/c1-3-4-5-6-7-8-9-10-11-16-13-12-15(2)14-16;6-1-5(2-7,3-8)4-9/h12-14H,3-11H2,1-2H3;/q+1;-1|CCCCCCCCCCn1cc[n+](C)c1.N#C[B-](C#N)(C#N)C#N
3.2293431758880615|3.3966281414031982|317.7376403808594|0.010504483481154936|2425.475308477629|0.0|3.0|0.0|InChI=1S/C4H6O3/c1-3-2-6-4(5)7-3/h3H,2H2,1H3|CC1COC(=O)O1
4.2047295570373535|3.662825107574463|257.03668212890625|0.0028993079082049356|1716.7804001709796|0.0|1.0|0.0|InChI=1S/C8H16O/c1-3-5-6-7-8(9)4-2/h3-7H2,1-2H3|CCCCCC(=O)CC
3.0983030796051025|3.3756604194641113|253.14205932617188|0.2575789850345014|1396.645061437814|0.0|2.0|0.0|InChI=1S/C4H6N2/c1-6-4-2-3-5-6/h2-4H,1H3|Cn1cccn1
5.636797904968262|3.5963497161865234|194.60337829589844|0.0042117478816712794|2599.7825197591665|0.0|1.0|1.0|InChI=1S/C7H3F13O/c8-2(9,1-21)3(10,11)4(12,13)5(14,15)6(16,17)7(18,19)20/h21H,1H2|OCC(F)(F)C(F)(F)C(F)(F)C(F)(F)C(F)(F)C(F)(F)F
4.100143909454346|3.694326162338257|227.4456024169922|0.008322361973440506|1194.9183174774712|0.0|2.0|0.0|InChI=1S/C6H16O2Si/c1-5-7-9(3,4)8-6-2/h5-6H2,1-4H3|CCO[Si](C)(C)OCC
3.026360034942627|3.6948492527008057|336.10211181640625|0.0017710971256709232|2137.135591427628|0.0|1.0|1.0|InChI=1S/C7H9N/c1-6-4-2-3-5-7(6)8/h2-5H,8H2,1H3|Cc1ccccc1N
5.6497883796691895|4.042243480682373|309.1816711425781|0.0009791903795216502|2175.300045113303|0.0|3.0|0.0|InChI=1S/C10H22N.CHF3O3S/c1-3-4-8-11(2)9-6-5-7-10-11;2-1(3,4)8(5,6)7/h3-10H2,1-2H3;(H,5,6,7)/q+1;/p-1|CCCC[N+]1(C)CCCCC1.O=S(=O)([O-])C(F)(F)F
6.395719051361084|3.8904740810394287|328.8003845214844|0.16521889704534712|502.7343147987419|0.0|1.0|0.0|InChI=1S/C10H19N2.6FH.Sb/c1-3-4-5-6-7-12-9-8-11(2)10-12;;;;;;;/h8-10H,3-7H2,1-2H3;6*1H;/q+1;;;;;;;+5/p-6|CCCCCCn1cc[n+](C)c1.[F-].[F-].[F-].[F-].[F-].[F-].[Sb+5]
3.491908073425293|3.529733896255493|226.89627075195312|0.0007270106859484286|2626.7287982593616|0.0|2.0|0.0|InChI=1S/C5H12O2/c1-5(2,6-3)7-4/h1-4H3|COC(C)(C)OC
4.592823028564453|4.206928730010986|291.89959716796875|0.0|0.0|0.0|0.0|0.0|InChI=1S/C15H24/c1-11(2)6-5-9-15(4)13-8-7-12(3)14(15)10-13/h6-7,13-14H,5,8-10H2,1-4H3/t13-,14-,15+/m0/s1|CC(C)=CCC[C@]1(C)[C@H]2CC=C(C)[C@@H]1C2
2.1868648529052734|3.6227385997772217|243.28692626953125|0.0|0.0|0.0|0.0|0.0|InChI=1S/Cl2H2Si/c1-3-2/h3H2|Cl[SiH2]Cl
5.281400680541992|3.7767493724823|339.023193359375|0.004393007510171195|4237.144625836356|0.0|4.0|1.0|InChI=1S/C14H12N2O4/c1-10-4-2-3-5-13(10)15(18)14(17)11-6-8-12(9-7-11)16(19)20/h2-9,18H,1H3|Cc1ccccc1N(O)C(=O)c1ccc([N+](=O)[O-])cc1
4.848462104797363|3.2377912998199463|216.93299865722656|0.03630882721724718|1927.4469910663336|0.0|1.0|1.0|InChI=1S/C6H14O/c1-3-4-6(2)5-7/h6-7H,3-5H2,1-2H3|CCCC(C)CO
4.791954040527344|4.169458389282227|298.37158203125|0.0005061474329667285|2303.7196081816105|0.0|1.0|1.0|InChI=1S/C15H26O/c1-12(2)6-5-11-15(4,16)14-9-7-13(3)8-10-14/h6-7,14,16H,5,8-11H2,1-4H3/t14-,15+/m1/s1|CC(C)=CCC[C@](C)(O)[C@@H]1CC=C(C)CC1
3.4259450435638428|3.3744235038757324|283.1888122558594|0.13029647190483923|965.652971327225|0.0|2.0|2.0|InChI=1S/C4H10N2/c1-2-6-4-3-5-1/h5-6H,1-4H2|C1CNCCN1
3.4899709224700928|3.5802574157714844|277.35784912109375|0.0657676369097414|1641.9626127881027|0.0|1.0|0.0|InChI=1S/C5H9N3/c6-8-7-5-3-1-2-4-5/h5H,1-4H2|[N-]=[N+]=NC1CCCC1
3.23279070854187|3.4606080055236816|359.9058532714844|0.3324484964305848|975.1273905409022|0.0|2.0|0.0|InChI=1S/C4H6N2.ClH/c1-6-3-2-5-4-6;/h2-4H,1H3;1H|Cl.Cn1ccnc1
3.3162717819213867|3.397067070007324|175.29554748535156|0.0695797405886735|2520.754227612756|0.0|3.0|2.0|InChI=1S/C4H10O3/c5-1-3-7-4-2-6/h5-6H,1-4H2|OCCOCCO
5.42410945892334|3.553840398788452|215.65184020996094|0.004540246771120387|1230.2833863777685|0.0|2.0|0.0|InChI=1S/C7H16O2Si/c1-5-8-10(4,7-3)9-6-2/h7H,3,5-6H2,1-2,4H3|C=C[Si](C)(OCC)OCC
4.3586907386779785|3.4358808994293213|324.4727478027344|0.0008607719862303132|2618.296456074576|0.0|2.0|0.0|InChI=1S/C8H6ClNO/c9-5-8-10-6-3-1-2-4-7(6)11-8/h1-4H,5H2|ClCc1nc2ccccc2o1
1.8498269319534302|3.462343454360962|232.02235412597656|0.0|0.0|0.0|0.0|0.0|InChI=1S/C3H6/c1-2-3-1/h1-3H2|C1CC1
2.570436954498291|3.504286289215088|306.5921936035156|0.0|0.0|0.0|0.0|0.0|InChI=1S/C2H4BrCl/c3-1-2-4/h1-2H2|ClCCBr
6.005625247955322|2.901094913482666|191.01698303222656|0.011988834240213167|2275.1579721779603|0.0|3.0|2.0|InChI=1S/C4H10O2S/c5-1-3-7-4-2-6/h5-6H,1-4H2|OCCSCCO
3.1949870586395264|3.5453102588653564|263.3070068359375|0.007330708014621663|2515.621258054385|0.0|2.0|2.0|InChI=1S/C5H12O2/c1-5(2,3-6)4-7/h6-7H,3-4H2,1-2H3|CC(C)(CO)CO
2.6206648349761963|4.5|429.890380859375|0.009490049056498888|1665.1648813850766|0.0|3.0|2.0|InChI=1S/C5H14NO.C3H6O3/c1-6(2,3)4-5-7;1-2(4)3(5)6/h7H,4-5H2,1-3H3;2,4H,1H3,(H,5,6)/q+1;/p-1/t;2-/m.0/s1|C[C@H](O)C(=O)[O-].C[N+](C)(C)CCO
4.777958869934082|3.2461485862731934|278.7161560058594|0.5402973601800531|1177.5545250986033|0.0|1.0|0.0|InChI=1S/C7H12N2/c1-3-7-8-4-2-6-9(7)5-1/h1-6H2|C1CN=C2CCCN2C1
6.604402542114258|4.264942646026611|368.3319091796875|0.00017888236567377785|3626.6225965913377|0.0|4.0|0.0|InChI=1S/C12H20N.C2F6NO4S2/c1-5-6-7-13-9-10(2)8-11(3)12(13)4;3-1(4,5)14(10,11)9-15(12,13)2(6,7)8/h8-9H,5-7H2,1-4H3;/q+1;-1|CCCC[n+]1cc(C)cc(C)c1C.O=S(=O)([N-]S(=O)(=O)C(F)(F)F)C(F)(F)F
4.589731216430664|3.706676959991455|263.4244384765625|0.0|0.0|0.0|0.0|0.0|InChI=1S/C8H17Br/c1-2-3-4-5-6-7-8-9/h2-8H2,1H3|CCCCCCCCBr
2.971576452255249|4.1582489013671875|329.83978271484375|0.009613046476683264|1951.0704489970892|0.0|3.0|1.0|InChI=1S/C8H9NO2/c1-11-8(10)6-4-2-3-5-7(6)9/h2-5H,9H2,1H3|COC(=O)c1ccccc1N
2.885481119155884|3.709987163543701|261.9320068359375|0.005417013027906732|2648.131448823689|0.0|1.0|1.0|InChI=1S/C5H12O/c1-3-5(2)4-6/h5-6H,3-4H2,1-2H3|CCC(C)CO
13.583145141601562|3.1226015090942383|191.90228271484375|0.0007603609956621879|4587.333314548771|0.0|2.0|0.0|InChI=1S/C25H50O2/c1-3-4-5-6-7-8-9-10-11-12-13-14-15-16-17-18-19-20-21-22-23-24-25(26)27-2/h3-24H2,1-2H3|CCCCCCCCCCCCCCCCCCCCCCCC(=O)OC
4.019525051116943|3.4100677967071533|270.02935791015625|0.0002518502340421769|2835.8870695552955|0.0|1.0|1.0|InChI=1S/C8H10O/c1-7(9)8-5-3-2-4-6-8/h2-7,9H,1H3/t7-/m1/s1|C[C@@H](O)c1ccccc1
3.3363661766052246|4.0091233253479|283.8819885253906|0.0|0.0|0.0|0.0|0.0|InChI=1S/C9H18/c1-2-6-9-7-4-3-5-8-9/h9H,2-8H2,1H3|CCCC1CCCCC1
5.531221389770508|3.7602972984313965|190.6375732421875|0.0|0.0|0.0|0.0|0.0|InChI=1S/C8HF17/c9-1(10)2(11,12)3(13,14)4(15,16)5(17,18)6(19,20)7(21,22)8(23,24)25/h1H|FC(F)C(F)(F)C(F)(F)C(F)(F)C(F)(F)C(F)(F)C(F)(F)C(F)(F)F
2.8644142150878906|3.7797796726226807|331.1481628417969|0.0|0.0|0.0|0.0|0.0|InChI=1S/C6H4Cl2/c7-5-3-1-2-4-6(5)8/h1-4H|Clc1ccccc1Cl
7.617846965789795|3.9952664375305176|378.2026672363281|0.002090393757627531|1817.2040899253643|0.0|5.0|0.0|InChI=1S/C14H24N3.C6H6O3S/c1-2-3-4-5-6-7-10-16-12-13-17(14-16)11-8-9-15;7-10(8,9)6-4-2-1-3-5-6/h12-14H,2-8,10-11H2,1H3;1-5H,(H,7,8,9)/q+1;/p-1|CCCCCCCC[n+]1ccn(CCC#N)c1.O=S(=O)([O-])c1ccccc1
2.6127188205718994|3.8460917472839355|284.4420166015625|0.027581441827276124|1014.0083395422242|0.0|1.0|0.0|InChI=1S/C5H11N/c1-6-4-2-3-5-6/h2-5H2,1H3|CN1CCCC1
3.8127334117889404|3.2484872341156006|103.75930786132812|0.10802514821965485|2600.143633059907|0.0|3.0|3.0|InChI=1S/C3H9NO.CH2O2/c4-2-1-3-5;2-1-3/h5H,1-4H2;1H,(H,2,3)|NCCCO.O=CO
7.284031867980957|3.7094027996063232|257.7057189941406|0.00026264346428301363|2548.895573879072|0.0|2.0|0.0|InChI=1S/C15H28O2/c1-3-4-5-6-7-8-9-10-11-12-13-14-15(16)17-2/h6-7H,3-5,8-14H2,1-2H3/b7-6-|CCCC/C=C\CCCCCCCC(=O)OC
3.2040717601776123|2.902360677719116|287.2916564941406|0.00010140862762463601|197.22227712773386|0.0|1.0|1.0|InChI=1S/C2H4O2/c1-2(3)4/h1H3,(H,3,4)|CC(=O)O
13.582094192504883|4.338979244232178|263.7793273925781|0.0|0.0|0.0|0.0|0.0|InChI=1S/C32H68P.F6P/c1-5-9-13-17-18-19-20-21-22-23-24-28-32-33(29-25-14-10-6-2,30-26-15-11-7-3)31-27-16-12-8-4;1-7(2,3,4,5)6/h5-32H2,1-4H3;/q+1;-1|CCCCCCCCCCCCCC[P+](CCCCCC)(CCCCCC)CCCCCC.F[P-](F)(F)(F)(F)F
3.680326223373413|3.431706428527832|228.30972290039062|0.000757921328005904|2640.659462547393|0.0|2.0|0.0|InChI=1S/C5H10O2/c1-4(2)7-5(3)6/h4H,1-3H3|CC(=O)OC(C)C
7.525589942932129|3.8581743240356445|249.1898193359375|0.0037365632139693345|1329.0143572543318|0.0|4.0|1.0|InChI=1S/C16H35O4P/c1-5-9-11-15(7-3)13-19-21(17,18)20-14-16(8-4)12-10-6-2/h15-16H,5-14H2,1-4H3,(H,17,18)|CCCCC(CC)COP(=O)(O)OCC(CC)CCCC
4.708024501800537|4.027451038360596|219.64508056640625|0.0|0.0|0.0|0.0|0.0|InChI=1S/C10F18/c11-1-2(12,5(17,18)9(25,26)7(21,22)3(1,13)14)6(19,20)10(27,28)8(23,24)4(1,15)16|FC1(F)C(F)(F)C(F)(F)C2(F)C(F)(F)C(F)(F)C(F)(F)C(F)(F)C2(F)C1(F)F
3.8702383041381836|3.981470823287964|306.8168640136719|0.0|0.0|0.0|0.0|0.0|InChI=1S/C8H10/c1-7-3-5-8(2)6-4-7/h3-6H,1-2H3/i1D3,2D3,3D,4D,5D,6D|[2H]c1c([2H])c(C([2H])([2H])[2H])c([2H])c([2H])c1C([2H])([2H])[2H]
7.571735382080078|2.9605298042297363|209.29437255859375|0.014386433518400679|1140.5920409716111|0.0|5.0|4.0|InChI=1S/C6H15NO3.C2H4O2/c8-4-1-7(2-5-9)3-6-10;1-2(3)4/h8-10H,1-6H2;1H3,(H,3,4)|CC(=O)O.OCCN(CCO)CCO
3.099837064743042|3.7606804370880127|284.169677734375|0.0|0.0|0.0|0.0|0.0|InChI=1S/C8H10/c1-7-3-5-8(2)6-4-7/h3-6H,1-2H3|Cc1ccc(C)cc1
3.155956745147705|3.607424259185791|346.72467041015625|0.0016834098025606075|2724.7763916583394|0.0|2.0|0.0|InChI=1S/C6H10O2/c7-6-4-2-1-3-5-8-6/h1-5H2|O=C1CCCCCO1
6.140918731689453|4.049569129943848|285.303466796875|0.0034172377377779234|1755.0178193592437|0.0|1.0|0.0|InChI=1S/C16H22OSi2/c1-18(2,15-11-7-5-8-12-15)17-19(3,4)16-13-9-6-10-14-16/h5-14H,1-4H3|C[Si](C)(O[Si](C)(C)c1ccccc1)c1ccccc1
4.350512981414795|4.199183464050293|461.61614990234375|0.0057696650102724185|2409.76767256787|0.0|4.0|0.0|InChI=1S/C6H11N2.C2H2F4O3S/c1-3-8-5-4-7(2)6-8;3-1(4)2(5,6)10(7,8)9/h4-6H,3H2,1-2H3;1H,(H,7,8,9)/q+1;/p-1|CCn1cc[n+](C)c1.O=S(=O)([O-])C(F)(F)C(F)F
3.4684152603149414|3.5874547958374023|322.1832580566406|0.7945336609533756|213.310695815421|0.0|2.0|0.0|InChI=1S/C8H6N2/c1-2-4-8-7(3-1)9-5-6-10-8/h1-6H|c1ccc2nccnc2c1
6.218381881713867|4.132214546203613|282.73663330078125|0.00032890450086577164|2834.5220471888565|0.0|2.0|2.0|InChI=1S/C7H15N.C7H14O2/c1-8-7-5-3-2-4-6-7;1-2-3-4-5-6-7(8)9/h7-8H,2-6H2,1H3;2-6H2,1H3,(H,8,9)|CCCCCCC(=O)O.CNC1CCCCC1
3.5044679641723633|4.132534027099609|363.4991455078125|0.0006607379608943541|734.6916088426087|0.0|4.0|3.0|InChI=1S/C5H13NO2.C2H4O2/c1-6(2-4-7)3-5-8;1-2(3)4/h7-8H,2-5H2,1H3;1H3,(H,3,4)|CC(=O)O.CN(CCO)CCO
10.096356391906738|4.266692638397217|286.5519714355469|0.0003597750056627301|2976.459972596833|0.0|8.0|2.0|InChI=1S/C13H25NO4.C12H26O4S/c1-9(2)7-17-12(15)6-5-11(14)13(16)18-8-10(3)4;1-2-3-4-5-6-7-8-9-10-11-12-16-17(13,14)15/h9-11H,5-8,14H2,1-4H3;2-12H2,1H3,(H,13,14,15)/t11-;/m0./s1|CC(C)COC(=O)CC[C@H](N)C(=O)OCC(C)C.CCCCCCCCCCCCOS(=O)(=O)O
3.9029641151428223|3.098996162414551|232.5718994140625|0.27292904739644486|404.0242232063166|0.0|2.0|2.0|InChI=1S/C3H10N2/c1-3(5)2-4/h3H,2,4-5H2,1H3|CC(N)CN
8.327946662902832|3.48213529586792|240.88685607910156|4.491850455823678e-06|4511.683214163946|0.0|3.0|0.0|InChI=1S/C16H36N.HNO2/c1-5-9-13-17(14-10-6-2,15-11-7-3)16-12-8-4;2-1-3/h5-16H2,1-4H3;(H,2,3)/q+1;/p-1|CCCC[N+](CCCC)(CCCC)CCCC.O=N[O-]
4.118410110473633|4.024891376495361|284.50347900390625|0.0019314890400762865|3060.021297579283|0.0|1.0|1.0|InChI=1S/C10H22O/c1-2-3-4-5-6-7-8-9-10-11/h11H,2-10H2,1H3|CCCCCCCCCCO
5.129355430603027|3.468827962875366|287.0584411621094|0.004423922443269458|2013.2816416431228|0.0|2.0|0.0|InChI=1S/C9H11BrO2/c1-11-6-7-12-9-5-3-2-4-8(9)10/h2-5H,6-7H2,1H3|COCCOc1ccccc1Br
2.9651498794555664|3.3928382396698|237.29782104492188|0.0035245013637952927|3620.203521131132|0.0|1.0|0.0|InChI=1S/C4H8O/c1-3-4(2)5/h3H2,1-2H3|CCC(C)=O
2.4110865592956543|4.494846820831299|322.9294128417969|0.0004488953920184433|2779.7972358932634|0.0|2.0|1.0|InChI=1S/C7H16O2/c1-3-4-5-9-6-7(2)8/h7-8H,3-6H2,1-2H3|CCCCOCC(C)O
3.464398145675659|3.6453986167907715|298.0837097167969|0.0|0.0|0.0|0.0|0.0|InChI=1S/C9H10/c1-2-5-9-7-3-6-8(9)4-1/h1-2,4-5H,3,6-7H2|c1ccc2c(c1)CCC2
2.909060478210449|3.630122661590576|302.15216064453125|0.013356131460692443|1746.077525304333|0.0|1.0|0.0|InChI=1S/C6H10O/c1-2-4-6-5(3-1)7-6/h5-6H,1-4H2|C1CCC2OC2C1
4.802929401397705|4.346542835235596|291.4505920410156|0.0021871643585586647|3270.9395480614935|0.0|4.0|2.0|InChI=1S/C13H26O4/c1-2-3-4-5-6-7-8-9-13(16)17-11-12(15)10-14/h12,14-15H,2-11H2,1H3|CCCCCCCCCC(=O)OCC(O)CO
4.21188497543335|4.043951988220215|473.68902587890625|0.9|2518.706974284103|0.0|3.0|1.0|InChI=1S/C6H11N2O.C3H3N2/c1-7-2-3-8(6-7)4-5-9;1-2-5-3-4-1/h2-3,6,9H,4-5H2,1H3;1-3H/q+1;-1|C[n+]1ccn(CCO)c1.c1c[n-]cn1
8.502517700195312|4.029655933380127|262.22393798828125|0.006308215079371916|3751.038450465024|0.0|3.0|0.0|InChI=1S/C16H36P.C3H2N3O2/c1-5-9-10-11-12-13-14-15-16-17(6-2,7-3)8-4;7-6(8)3-1-4-5-2-3/h5-16H2,1-4H3;1-2H/q+1;-1|CCCCCCCCCC[P+](CC)(CC)CC.O=[N+]([O-])c1cn[n-]c1
5.276388168334961|4.27508544921875|299.50115966796875|0.0018378209901836467|2263.565529744201|0.0|2.0|1.0|InChI=1S/C6H12O2.C5H14NO/c1-2-3-4-5-6(7)8;1-6(2,3)4-5-7/h2-5H2,1H3,(H,7,8);7H,4-5H2,1-3H3/q;+1/p-1|CCCCCC(=O)[O-].C[N+](C)(C)CCO
11.389582633972168|4.5|550.0|4.606373670793372e-05|4081.374673128241|0.0|10.0|0.0|InChI=1S/C14H24N4.2C4F10NO4S2/c1-15-9-11-17(13-15)7-5-3-4-6-8-18-12-10-16(2)14-18;2*5-1(6,7)3(11,12)20(16,17)15-21(18,19)4(13,14)2(8,9)10/h9-14H,3-8H2,1-2H3;;/q+2;2*-1|C[n+]1ccn(CCCCCCn2cc[n+](C)c2)c1.O=S(=O)([N-]S(=O)(=O)C(F)(F)C(F)(F)F)C(F)(F)C(F)(F)F.O=S(=O)([N-]S(=O)(=O)C(F)(F)C(F)(F)F)C(F)(F)C(F)(F)F
5.166970729827881|4.00805139541626|273.8554382324219|0.0|0.0|0.0|0.0|0.0|InChI=1S/C15H24/c1-11-8-12(14(2,3)4)10-13(9-11)15(5,6)7/h8-10H,1-7H3|Cc1cc(C(C)(C)C)cc(C(C)(C)C)c1
4.302798271179199|3.536529779434204|237.78128051757812|0.005758725604776512|2569.2013721831313|0.0|1.0|1.0|InChI=1S/C7H16O/c1-4-7(8)5-6(2)3/h6-8H,4-5H2,1-3H3|CCC(O)CC(C)C
2.983208656311035|3.672090530395508|309.8257751464844|0.0|0.0|0.0|0.0|0.0|InChI=1S/C6H4BrF/c7-5-3-1-2-4-6(5)8/h1-4H|Fc1ccccc1Br
6.006680011749268|3.677746534347534|304.86602783203125|0.0|0.0|0.0|0.0|0.0|InChI=1S/C16H14/c1-11-13-7-3-5-9-15(13)12(2)16-10-6-4-8-14(11)16/h3-10H,1-2H3|Cc1c2ccccc2c(C)c2ccccc12
8.074102401733398|3.5643794536590576|251.05445861816406|0.0025625921139165527|3422.716269297057|0.0|4.0|0.0|InChI=1S/C14H26O4/c1-17-13(15)11-9-7-5-3-4-6-8-10-12-14(16)18-2/h3-12H2,1-2H3|COC(=O)CCCCCCCCCCC(=O)OC
4.102835178375244|3.788227081298828|319.2203063964844|0.005450850389229537|2477.3448404762|0.0|1.0|0.0|InChI=1S/C12H10O/c1-3-7-11(8-4-1)13-12-9-5-2-6-10-12/h1-10H|c1ccc(Oc2ccccc2)cc1
3.9714393615722656|3.979560375213623|253.6290740966797|0.7920990711202937|1777.8518691243023|0.0|1.0|0.0|InChI=1S/C9H21N/c1-4-7-10(8-5-2)9-6-3/h4-9H2,1-3H3|CCCN(CCC)CCC
6.188879489898682|3.763923406600952|314.5128173828125|0.0008684604166110638|2583.362972559556|0.0|1.0|0.0|InChI=1S/C12H23N2.BF4/c1-3-4-5-6-7-8-9-14-11-10-13(2)12-14;2-1(3,4)5/h10-12H,3-9H2,1-2H3;/q+1;-1|CCCCCCCCn1cc[n+](C)c1.F[B-](F)(F)F
5.2431254386901855|3.181501626968384|254.03701782226562|0.008488307164250461|1834.7644733216623|0.0|4.0|0.0|InChI=1S/C6H8O4/c1-9-5(7)3-4-6(8)10-2/h3-4H,1-2H3/b4-3-|COC(=O)/C=C\C(=O)OC
12.607562065124512|3.653263807296753|252.071533203125|0.004559244364362941|1512.4218968969842|0.0|4.0|0.0|InChI=1S/C28H46O4/c1-23(2)17-11-7-5-9-15-21-31-27(29)25-19-13-14-20-26(25)28(30)32-22-16-10-6-8-12-18-24(3)4/h13-14,19-20,23-24H,5-12,15-18,21-22H2,1-4H3|CC(C)CCCCCCCOC(=O)c1ccccc1C(=O)OCCCCCCCC(C)C
4.1714887619018555|3.5988056659698486|325.04248046875|0.4806760896812989|1591.8605209780421|0.0|2.0|0.0|InChI=1S/C10H8N2/c1-2-4-9(5-3-1)10-6-7-11-8-12-10/h1-8H|c1ccc(-c2ccncn2)cc1
5.170567989349365|2.8884623050689697|217.14649963378906|0.013024254941894041|1426.5887088499135|0.0|4.0|0.0|InChI=1S/C4H6O4/c1-7-3(5)4(6)8-2/h1-2H3|COC(=O)C(=O)OC
7.9516401290893555|3.652562379837036|262.2227783203125|3.8613151461340714e-05|4129.733000935527|0.0|8.0|0.0|InChI=1S/C9H20N.C4BO8/c1-3-4-7-10(2)8-5-6-9-10;6-1-2(7)11-5(10-1)12-3(8)4(9)13-5/h3-9H2,1-2H3;/q+1;-1|CCCC[N+]1(C)CCCC1.O=C1O[B-]2(OC1=O)OC(=O)C(=O)O2
3.9444029331207275|2.696707248687744|200.3180694580078|0.9|2576.8389390063253|0.0|1.0|1.0|InChI=1S/C2H5NO/c1-3-2-4/h2H,1H3,(H,3,4)|CN=CO
2.9503886699676514|3.4830257892608643|261.58050537109375|0.0|0.0|0.0|0.0|0.0|InChI=1S/C6H4F2/c7-5-1-2-6(8)4-3-5/h1-4H|Fc1ccc(F)cc1
4.356415271759033|4.5|456.09405517578125|0.0007199837472407498|2021.8011959098399|0.0|8.0|6.0|InChI=1S/2C5H13NO2.H2O4S/c2*1-6(2-4-7)3-5-8;1-5(2,3)4/h2*7-8H,2-5H2,1H3;(H2,1,2,3,4)|CN(CCO)CCO.CN(CCO)CCO.O=S(=O)(O)O
8.013845443725586|4.292826175689697|278.6193542480469|5.686401398963518e-05|950.4976551362718|0.0|3.0|0.0|InChI=1S/C13H30P.C7H8O3S/c1-11(2)8-14(7,9-12(3)4)10-13(5)6;1-6-2-4-7(5-3-6)11(8,9)10/h11-13H,8-10H2,1-7H3;2-5H,1H3,(H,8,9,10)/q+1;/p-1|CC(C)C[P+](C)(CC(C)C)CC(C)C.Cc1ccc(S(=O)(=O)[O-])cc1
3.706883430480957|3.4562971591949463|344.07257080078125|0.0722962017764413|1329.4989006666765|0.0|0.0|1.0|InChI=1S/C8H7N/c1-2-4-8-7(3-1)5-6-9-8/h1-6,9H|c1ccc2[nH]ccc2c1
8.788910865783691|4.493066310882568|386.6947021484375|0.00021154603142167124|968.5911343669803|0.0|5.0|0.0|InChI=1S/C16H36PS.C2F6NO4S2/c1-5-9-12-17(13-10-6-2,14-11-7-3)15-16-18-8-4;3-1(4,5)14(10,11)9-15(12,13)2(6,7)8/h5-16H2,1-4H3;/q+1;-1|CCCC[P+](CCCC)(CCCC)CCSCC.O=S(=O)([N-]S(=O)(=O)C(F)(F)F)C(F)(F)F
3.461982011795044|3.78184175491333|345.09552001953125|0.00594988695850642|2275.2429067220014|0.0|1.0|0.0|InChI=1S/C10H9N/c1-8-4-2-5-9-6-3-7-11-10(8)9/h2-7H,1H3|Cc1cccc2cccnc12
5.963858127593994|4.402015209197998|381.2312927246094|0.001632625486528058|4619.549840163804|0.0|5.0|0.0|InChI=1S/C9H22OP.C2F6NO4S2/c1-5-11(6-2,7-3)9-8-10-4;3-1(4,5)14(10,11)9-15(12,13)2(6,7)8/h5-9H2,1-4H3;/q+1;-1|CC[P+](CC)(CC)CCOC.O=S(=O)([N-]S(=O)(=O)C(F)(F)F)C(F)(F)F
2.508690357208252|3.6318676471710205|274.05609130859375|0.0|0.0|0.0|0.0|0.0|InChI=1S/C3H7Br/c1-2-3-4/h2-3H2,1H3|CCCBr
3.7133073806762695|3.944227457046509|393.19195556640625|0.6641975132402026|1322.5454577952994|0.0|1.0|0.0|InChI=1S/C13H9N/c1-3-7-12-10(5-1)9-11-6-2-4-8-13(11)14-12/h1-9H|c1ccc2nc3ccccc3cc2c1
2.854116678237915|3.3684182167053223|176.84481811523438|0.0|0.0|0.0|0.0|0.0|InChI=1S/C3H2F4/c1-2(4)3(5,6)7/h1H2|C=C(F)C(F)(F)F
3.4509754180908203|3.908947229385376|257.7431945800781|0.0006538502963166252|950.1731488812076|0.0|1.0|0.0|InChI=1S/C6H12Cl2O/c1-5(2,7)9-6(3,4)8/h1-4H3|CC(C)(Cl)OC(C)(C)Cl
4.653510570526123|4.126923561096191|287.999755859375|0.0|0.0|0.0|0.0|0.0|InChI=1S/C10H22N.BrH/c1-3-4-5-8-11(2)9-6-7-10-11;/h3-10H2,1-2H3;1H/q+1;/p-1|CCCCC[N+]1(C)CCCC1.[Br-]
8.786242485046387|2.7128825187683105|184.30889892578125|0.005484071126997453|768.116329850133|0.0|4.0|4.0|InChI=1S/C4H11NO2.C3H6O2/c6-3-1-5-2-4-7;1-2-3(4)5/h5-7H,1-4H2;2H2,1H3,(H,4,5)|CCC(=O)O.OCCNCCO
4.055090427398682|3.7718775272369385|295.9964294433594|0.0003928336817642677|1342.9117268483203|0.0|5.0|3.0|InChI=1S/C3H9N.H3O4P/c1-4(2)3;1-5(2,3)4/h1-3H3;(H3,1,2,3,4)|CN(C)C.O=P(O)(O)O
4.22176456451416|3.882004976272583|360.31536865234375|0.014083167883596525|2338.8177531710858|0.0|1.0|1.0|InChI=1S/C13H10O/c14-13-11-7-3-1-5-9(11)10-6-2-4-8-12(10)13/h1-8,13-14H|OC1c2ccccc2-c2ccccc21
4.942177772521973|3.950411558151245|397.06561279296875|0.029853598381202634|2430.3122662114056|0.0|1.0|0.0|InChI=1S/C10H19N2.ClH/c1-3-4-5-6-7-12-9-8-11(2)10-12;/h8-10H,3-7H2,1-2H3;1H/q+1;/p-1|CCCCCCn1cc[n+](C)c1.[Cl-]
7.888606071472168|4.013619422912598|259.7963562011719|0.0014011584040885935|4915.691132952655|0.0|5.0|1.0|InChI=1S/C19H36O5/c1-3-5-7-9-11-13-18(21)23-15-17(20)16-24-19(22)14-12-10-8-6-4-2/h17,20H,3-16H2,1-2H3|CCCCCCCC(=O)OCC(O)COC(=O)CCCCCCC
8.179736137390137|4.155877590179443|384.6745300292969|0.00016733481999844777|3220.316588003086|0.0|4.0|0.0|InChI=1S/C17H24N.C2F6NO4S2/c1-2-3-4-5-6-9-14-18-15-10-12-16-11-7-8-13-17(16)18;3-1(4,5)14(10,11)9-15(12,13)2(6,7)8/h7-8,10-13,15H,2-6,9,14H2,1H3;/q+1;-1|CCCCCCCC[n+]1cccc2ccccc21.O=S(=O)([N-]S(=O)(=O)C(F)(F)F)C(F)(F)F
3.1633081436157227|4.044173240661621|261.935791015625|0.0|0.0|0.0|0.0|0.0|InChI=1S/C8H18/c1-6(2)8(5)7(3)4/h6-8H,1-5H3|CC(C)C(C)C(C)C
2.983203172683716|3.8430047035217285|356.33245849609375|0.0|0.0|0.0|0.0|0.0|InChI=1S/C6H4Br2/c7-5-2-1-3-6(8)4-5/h1-4H|Brc1cccc(Br)c1
3.419525384902954|3.3759264945983887|294.8147888183594|0.40547724089607295|1045.5488527803236|0.0|2.0|0.0|InChI=1S/C5H6OS/c1-6-5-3-2-4-7-5/h2-4H,1H3|COc1cccs1
3.255950689315796|3.8094680309295654|260.0087890625|0.018398045980117118|2342.6985344860814|0.0|2.0|2.0|InChI=1S/C6H14O2/c1-2-3-4-6(8)5-7/h6-8H,2-5H2,1H3|CCCCC(O)CO
6.003922939300537|3.943594455718994|385.4756774902344|0.04997714888981219|2225.103006527808|0.0|3.0|0.0|InChI=1S/C10H19N2.C2H2N3/c1-3-4-5-6-7-12-9-8-11(2)10-12;1-2-4-5-3-1/h8-10H,3-7H2,1-2H3;1-2H/q+1;-1|CCCCCCn1cc[n+](C)c1.c1c[n-]nn1
6.462836742401123|3.953836441040039|389.6105651855469|0.05044496181912366|2698.9985427435763|0.0|7.0|0.0|InChI=1S/C6H11N2.C6H14O6S/c1-3-8-5-4-7(2)6-8;1-2-10-3-4-11-5-6-12-13(7,8)9/h4-6H,3H2,1-2H3;2-6H2,1H3,(H,7,8,9)/q+1;/p-1|CCOCCOCCOS(=O)(=O)[O-].CCn1cc[n+](C)c1
3.0739572048187256|3.7903504371643066|329.0849914550781|0.0|0.0|0.0|0.0|0.0|InChI=1S/C7H7Br/c1-6-3-2-4-7(8)5-6/h2-5H,1H3|Cc1cccc(Br)c1
4.651926517486572|3.0777387619018555|171.57391357421875|0.0|0.0|0.0|0.0|0.0|InChI=1S/C4H2F6/c5-3(6,7)1-2-4(8,9)10/h1-2H/b2-1-|FC(F)(F)/C=C\C(F)(F)F
14.458850860595703|4.157212257385254|279.6854553222656|0.0007184549414150111|4584.241822974925|0.0|9.0|0.0|InChI=1S/C20H38O7S.C14H24N3/c1-5-9-11-16(7-3)14-26-19(21)13-18(28(23,24)25)20(22)27-15-17(8-4)12-10-6-2;1-2-3-4-5-6-7-10-16-12-13-17(14-16)11-8-9-15/h16-18H,5-15H2,1-4H3,(H,23,24,25);12-14H,2-8,10-11H2,1H3/q;+1/p-1|CCCCC(CC)COC(=O)CC(C(=O)OCC(CC)CCCC)S(=O)(=O)[O-].CCCCCCCC[n+]1ccn(CCC#N)c1
2.0236713886260986|4.497328758239746|377.8386535644531|0.0007347976923730763|2845.901195616057|0.0|1.0|1.0|InChI=1S/C7H14O/c1-6-4-2-3-5-7(6)8/h6-8H,2-5H2,1H3|CC1CCCCC1O
3.6221859455108643|3.382650852203369|240.00958251953125|0.0030325248674871064|2840.542732762331|0.0|2.0|0.0|InChI=1S/C5H8O2/c1-3-5(6)7-4-2/h3H,1,4H2,2H3|C=CC(=O)OCC
4.102902412414551|3.841874122619629|280.20703125|0.0|0.0|0.0|0.0|0.0|InChI=1S/C11H16/c1-2-3-5-8-11-9-6-4-7-10-11/h4,6-7,9-10H,2-3,5,8H2,1H3|CCCCCc1ccccc1
7.715785026550293|4.1037516593933105|356.8692626953125|0.0005353419271804797|2980.1044196380008|0.0|4.0|0.0|InChI=1S/C13H22N.C2F6NO4S2/c1-2-3-4-5-6-8-11-14-12-9-7-10-13-14;3-1(4,5)14(10,11)9-15(12,13)2(6,7)8/h7,9-10,12-13H,2-6,8,11H2,1H3;/q+1;-1|CCCCCCCC[n+]1ccccc1.O=S(=O)([N-]S(=O)(=O)C(F)(F)F)C(F)(F)F
4.661522388458252|4.5|403.0033874511719|0.0004252765221695825|2343.6684489207614|0.0|5.0|1.0|InChI=1S/C7H18NO.C2F6NO4S2/c1-4-5-8(2,3)6-7-9;3-1(4,5)14(10,11)9-15(12,13)2(6,7)8/h9H,4-7H2,1-3H3;/q+1;-1|CCC[N+](C)(C)CCO.O=S(=O)([N-]S(=O)(=O)C(F)(F)F)C(F)(F)F
3.470763683319092|3.6424460411071777|208.30995178222656|0.00382419085328541|2491.547184674374|0.0|1.0|1.0|InChI=1S/C4H3F7O/c5-2(6,1-12)3(7,8)4(9,10)11/h12H,1H2|OCC(F)(F)C(F)(F)C(F)(F)F
3.326700448989868|4.005582809448242|300.9209899902344|0.0|0.0|0.0|0.0|0.0|InChI=1S/C10H18/c1-2-6-10-8-4-3-7-9(10)5-1/h9-10H,1-8H2|C1CCC2CCCCC2C1
3.962406635284424|3.1677277088165283|202.84228515625|0.0|0.0|0.0|0.0|0.0|InChI=1S/3CH3.Bi/h3*1H3;|[Bi].[CH3].[CH3].[CH3]
11.333168029785156|3.55544376373291|230.13998413085938|0.002570548693406049|3219.017453621871|0.0|2.0|0.0|InChI=1S/C21H42O2/c1-3-4-5-6-7-8-9-10-11-12-13-14-15-16-17-18-19-20-21(22)23-2/h3-20H2,1-2H3|CCCCCCCCCCCCCCCCCCCC(=O)OC
4.508031368255615|3.5809528827667236|276.9940490722656|0.3723707350592835|1444.2106292414458|0.0|2.0|0.0|InChI=1S/C9H8O2/c1-3-8(10-5-1)7-9-4-2-6-11-9/h1-6H,7H2|c1coc(Cc2ccco2)c1
4.156008720397949|3.285644292831421|272.83428955078125|0.0012861229665797561|200.09408255544494|0.0|1.0|0.0|InChI=1S/C5H11NO/c1-4-5(7)6(2)3/h4H2,1-3H3|CCC(=O)N(C)C
4.284888744354248|4.316331386566162|430.76611328125|0.2923727945266778|2759.7882969464845|0.0|1.0|0.0|InChI=1S/C6H11N2.Al.4ClH/c1-3-8-5-4-7(2)6-8;;;;;/h4-6H,3H2,1-2H3;;4*1H/q+1;+3;;;;/p-4|CCn1cc[n+](C)c1.[Al+3].[Cl-].[Cl-].[Cl-].[Cl-]
5.078600883483887|3.3418188095092773|182.40841674804688|0.0004680511656336357|2390.9411559127957|0.0|1.0|0.0|InChI=1S/C5H3F9O/c6-2(4(10,11)12)5(13,14)15-1-3(7,8)9/h2H,1H2|FC(C(F)(F)F)C(F)(F)OCC(F)(F)F
13.485859870910645|3.983687400817871|250.89431762695312|0.08872574701007534|3476.2919092333773|0.0|7.0|0.0|InChI=1S/C14H27N2.3C5HF6O2.Cu/c1-3-4-5-6-7-8-9-10-11-16-13-12-15(2)14-16;3*6-4(7,8)2(12)1-3(13)5(9,10)11;/h12-14H,3-11H2,1-2H3;3*1H;/q+1;3*-1;+2|CCCCCCCCCCn1cc[n+](C)c1.O=C([CH-]C(=O)C(F)(F)F)C(F)(F)F.O=C([CH-]C(=O)C(F)(F)F)C(F)(F)F.O=C([CH-]C(=O)C(F)(F)F)C(F)(F)F.[Cu+2]
5.465771198272705|4.403182506561279|411.79876708984375|3.238387166016441e-05|5000.0|0.0|6.0|1.0|InChI=1S/C8H18NO2.C2F6NO4S2/c1-9(3-2-6-10)4-7-11-8-5-9;3-1(4,5)14(10,11)9-15(12,13)2(6,7)8/h10H,2-8H2,1H3;/q+1;-1|C[N+]1(CCCO)CCOCC1.O=S(=O)([N-]S(=O)(=O)C(F)(F)F)C(F)(F)F
2.405836820602417|3.855386734008789|385.6586608886719|0.02390901122660342|2005.7744503855154|0.0|2.0|2.0|InChI=1S/C6H6O2/c7-5-2-1-3-6(8)4-5/h1-4,7-8H|Oc1cccc(O)c1
5.200618267059326|3.8335115909576416|405.2977600097656|0.01041377727496655|2927.1451186452296|0.0|2.0|1.0|InChI=1S/C9H17N2.CH2O3/c1-3-4-5-6-11-8-7-10(2)9-11;2-1(3)4/h7-9H,3-6H2,1-2H3;(H2,2,3,4)/q+1;/p-1|CCCCCn1cc[n+](C)c1.O=C([O-])O
3.6993918418884277|3.1422371864318848|181.59823608398438|0.0|0.0|0.0|0.0|0.0|InChI=1S/C3H3F5/c4-2(5)1-3(6,7)8/h2H,1H2|FC(F)CC(F)(F)F
13.951643943786621|3.847663402557373|243.9602813720703|0.0|0.0|0.0|0.0|0.0|InChI=1S/C31H64/c1-3-5-7-9-11-13-15-17-19-21-23-25-27-29-31-30-28-26-24-22-20-18-16-14-12-10-8-6-4-2/h3-31H2,1-2H3|CCCCCCCCCCCCCCCCCCCCCCCCCCCCCCC
11.926444053649902|4.077652454376221|354.2423400878906|0.00013808454187042487|3535.002076423269|0.0|5.0|0.0|InChI=1S/C22H41N2.C2F6NO4S2/c1-3-4-5-6-7-8-9-10-11-12-13-14-15-16-17-18-19-24-21-20-23(2)22-24;3-1(4,5)14(10,11)9-15(12,13)2(6,7)8/h10-11,20-22H,3-9,12-19H2,1-2H3;/q+1;-1/b11-10-;|CCCCCCCC/C=C\CCCCCCCCn1cc[n+](C)c1.O=S(=O)([N-]S(=O)(=O)C(F)(F)F)C(F)(F)F
2.906810760498047|3.9869544506073|317.9659423828125|0.0003160460565058497|994.6803192765781|0.0|3.0|1.0|InChI=1S/C5H12O3/c1-7-4-5(3-6)8-2/h5-6H,3-4H2,1-2H3|COCC(CO)OC
6.481176376342773|3.661466360092163|280.4167175292969|0.00010006298772782854|1441.2539829056486|0.0|4.0|1.0|InChI=1S/C9H17N2.H2O4S/c1-4-5-6-11-8-7-10(3)9(11)2;1-5(2,3)4/h7-8H,4-6H2,1-3H3;(H2,1,2,3,4)/q+1;/p-1|CCCCn1cc[n+](C)c1C.O=S(=O)([O-])O
7.0787248611450195|3.920415163040161|350.6145324707031|0.0007763862393514249|2912.6015892869427|0.0|5.0|0.0|InChI=1S/C12H23N2.C2H6O4S/c1-3-4-5-6-7-8-9-14-11-10-13(2)12-14;1-2-6-7(3,4)5/h10-12H,3-9H2,1-2H3;2H2,1H3,(H,3,4,5)/q+1;/p-1|CCCCCCCCn1cc[n+](C)c1.CCOS(=O)(=O)[O-]
3.338956832885742|3.68471622467041|209.09718322753906|0.04757982946663745|2520.852482260034|0.0|2.0|1.0|InChI=1S/C6H12O2/c1-5(7)4-6(2,3)8/h8H,4H2,1-3H3|CC(=O)CC(C)(C)O
6.286042213439941|3.829094409942627|200.08612060546875|0.0007167078309767132|3769.6630126724426|0.0|2.0|0.0|InChI=1S/C10H5F15O2/c1-2-27-3(26)4(11,12)5(13,14)6(15,16)7(17,18)8(19,20)9(21,22)10(23,24)25/h2H2,1H3|CCOC(=O)C(F)(F)C(F)(F)C(F)(F)C(F)(F)C(F)(F)C(F)(F)C(F)(F)F
3.4184224605560303|3.698627471923828|223.7837677001953|0.008935550842545086|1580.6253236799291|0.0|1.0|0.0|InChI=1S/C6H14O/c1-5-7-6(2,3)4/h5H2,1-4H3|CCOC(C)(C)C
7.5244245529174805|4.011453151702881|305.3263244628906|0.002482003170474285|1670.3506322458984|0.0|5.0|0.0|InChI=1S/C8H15N2.C8H19O4P/c1-3-4-5-10-7-6-9(2)8-10;1-3-5-7-11-13(9,10)12-8-6-4-2/h6-8H,3-5H2,1-2H3;3-8H2,1-2H3,(H,9,10)/q+1;/p-1|CCCCOP(=O)([O-])OCCCC.CCCCn1cc[n+](C)c1
8.179892539978027|3.99721622467041|285.36566162109375|0.000545987096214741|4025.6364947409857|0.0|2.0|0.0|InChI=1S/C9H17N2O.C6F18P/c1-10-6-7-11(9-10)5-3-4-8-12-2;7-1(8,9)4(16,17)25(22,23,24,5(18,19)2(10,11)12)6(20,21)3(13,14)15/h6-7,9H,3-5,8H2,1-2H3;/q+1;-1|COCCCCn1cc[n+](C)c1.FC(F)(F)C(F)(F)[P-](F)(F)(F)(C(F)(F)C(F)(F)F)C(F)(F)C(F)(F)F
5.644628047943115|3.9641401767730713|333.7466735839844|0.009735515990937374|2216.4360376783497|0.0|1.0|0.0|InChI=1S/C11H21N2.BrH/c1-3-5-6-7-8-13-10-9-12(4-2)11-13;/h9-11H,3-8H2,1-2H3;1H/q+1;/p-1|CCCCCCn1cc[n+](CC)c1.[Br-]
6.123861312866211|3.541598320007324|274.5415344238281|0.004642458678556692|1343.0761392969243|0.0|4.0|0.0|InChI=1S/C12H14O4/c1-3-15-11(13)9-7-5-6-8-10(9)12(14)16-4-2/h5-8H,3-4H2,1-2H3|CCOC(=O)c1ccccc1C(=O)OCC
4.140773773193359|3.7463364601135254|316.5391540527344|0.05573817677359061|2390.0894454073973|0.0|1.0|0.0|InChI=1S/C11H11N/c1-8-3-6-11-10(7-8)5-4-9(2)12-11/h3-7H,1-2H3|Cc1ccc2nc(C)ccc2c1
14.671578407287598|3.7016921043395996|252.61898803710938|0.006216114708507993|2274.152737965378|0.0|6.0|0.0|InChI=1S/C33H54O6/c1-7-13-16-25(10-4)22-37-31(34)28-19-20-29(32(35)38-23-26(11-5)17-14-8-2)30(21-28)33(36)39-24-27(12-6)18-15-9-3/h19-21,25-27H,7-18,22-24H2,1-6H3|CCCCC(CC)COC(=O)c1ccc(C(=O)OCC(CC)CCCC)c(C(=O)OCC(CC)CCCC)c1
5.615694999694824|3.3574960231781006|256.4454650878906|5.107008718567329e-05|255.46896140278284|0.0|2.0|0.0|InChI=1S/C10H12O2/c1-2-10(11)12-8-9-6-4-3-5-7-9/h3-7H,2,8H2,1H3|CCC(=O)OCc1ccccc1
7.026963233947754|4.081186771392822|397.8908386230469|0.00610037149629958|1425.9106471293742|0.0|5.0|0.0|InChI=1S/C12H20N3.C6H6O3S/c1-2-3-4-5-8-14-10-11-15(12-14)9-6-7-13;7-10(8,9)6-4-2-1-3-5-6/h10-12H,2-6,8-9H2,1H3;1-5H,(H,7,8,9)/q+1;/p-1|CCCCCC[n+]1ccn(CCC#N)c1.O=S(=O)([O-])c1ccccc1
6.2048821449279785|4.236185073852539|373.2955017089844|4.052408545527451e-05|4671.629614485413|0.0|6.0|0.0|InChI=1S/C8H18NO2.C2F6NO4S2/c1-5-9(3,4)6-7-11-8(2)10;3-1(4,5)14(10,11)9-15(12,13)2(6,7)8/h5-7H2,1-4H3;/q+1;-1|CC[N+](C)(C)CCOC(C)=O.O=S(=O)([N-]S(=O)(=O)C(F)(F)F)C(F)(F)F
2.2647485733032227|3.462867021560669|266.1238098144531|0.0008815102865871876|1641.3119287106367|0.0|1.0|0.0|InChI=1S/C2H6S/c1-3-2/h1-2H3|CSC
2.7994353771209717|3.3294968605041504|140.73403930664062|0.0|0.0|0.0|0.0|0.0|InChI=1S/C2F6/c3-1(4,5)2(6,7)8|FC(F)(F)C(F)(F)F
1.8464438915252686|4.292940139770508|426.88372802734375|0.0003522207346005213|2591.3328297293465|0.0|2.0|1.0|InChI=1S/C5H10O2/c6-4-5-2-1-3-7-5/h5-6H,1-4H2|OCC1CCCO1
6.169349193572998|4.129312515258789|339.0352783203125|0.0007193907123461039|3868.6544353969703|0.0|5.0|0.0|InChI=1S/C8H15N2.C4H6BF2O4/c1-3-4-5-10-7-6-9(2)8-10;1-3(8)10-5(6,7)11-4(2)9/h6-8H,3-5H2,1-2H3;1-2H3/q+1;-1|CC(=O)O[B-](F)(F)OC(C)=O.CCCCn1cc[n+](C)c1
6.30526876449585|3.951584577560425|275.66510009765625|0.006551747260418444|3313.3676853628394|0.0|1.0|1.0|InChI=1S/C15H30O2/c1-2-3-4-5-6-7-8-9-10-11-12-13-14-15(16)17/h2-14H2,1H3,(H,16,17)|CCCCCCCCCCCCCCC(=O)O
4.600897312164307|3.605558156967163|244.0388641357422|0.002803579645426782|2468.5151053933455|0.0|1.0|1.0|InChI=1S/C8H18O/c1-3-5-6-7-8(9)4-2/h8-9H,3-7H2,1-2H3|CCCCCC(O)CC
6.844831943511963|4.5|317.0799560546875|0.000271541803751099|3157.359859373459|0.0|1.0|1.0|InChI=1S/C27H46O/c1-18(2)7-6-8-19(3)23-11-12-24-22-10-9-20-17-21(28)13-15-26(20,4)25(22)14-16-27(23,24)5/h9,18-19,21-25,28H,6-8,10-17H2,1-5H3/t19-,21+,22+,23-,24+,25+,26+,27-/m1/s1|CC(C)CCC[C@@H](C)[C@H]1CC[C@H]2[C@@H]3CC=C4C[C@@H](O)CC[C@]4(C)[C@H]3CC[C@]12C
2.5401523113250732|3.295731544494629|248.42408752441406|0.037471063318274565|2068.772289522574|0.0|1.0|0.0|InChI=1S/C4H4O/c1-2-4-5-3-1/h1-4H|c1ccoc1
3.776893138885498|4.5|264.21002197265625|0.002334056539152209|3174.9115746546186|0.0|1.0|1.0|InChI=1S/C10H5F17O/c11-3(12,1-2-28)4(13,14)5(15,16)6(17,18)7(19,20)8(21,22)9(23,24)10(25,26)27/h28H,1-2H2|OCCC(F)(F)C(F)(F)C(F)(F)C(F)(F)C(F)(F)C(F)(F)C(F)(F)C(F)(F)F
5.393095016479492|3.6077017784118652|208.5124053955078|0.0005372367584122265|3115.2085036094772|0.0|1.0|1.0|InChI=1S/C7H4F12O/c8-2(9)4(12,13)6(16,17)7(18,19)5(14,15)3(10,11)1-20/h2,20H,1H2|OCC(F)(F)C(F)(F)C(F)(F)C(F)(F)C(F)(F)C(F)F
4.25801944732666|3.561495780944824|246.7486572265625|0.07569786546913582|1692.4807244391188|0.0|2.0|1.0|InChI=1S/C4H9NO.C2HF3O2/c1-4(6)5(2)3;3-2(4,5)1(6)7/h1-3H3;(H,6,7)|CC(=O)N(C)C.O=C(O)C(F)(F)F
3.506453514099121|4.1206536293029785|317.0392150878906|0.0|0.0|0.0|0.0|0.0|InChI=1S/C12H20/c1-2-12-6-9-3-10(7-12)5-11(4-9)8-12/h9-11H,2-8H2,1H3|CCC12CC3CC(CC(C3)C1)C2
18.18516731262207|4.140396595001221|264.5971374511719|0.0|0.0|0.0|0.0|0.0|InChI=1S/C38H78/c1-3-5-7-9-11-13-15-17-19-21-23-25-27-29-31-33-35-37-38-36-34-32-30-28-26-24-22-20-18-16-14-12-10-8-6-4-2/h3-38H2,1-2H3|CCCCCCCCCCCCCCCCCCCCCCCCCCCCCCCCCCCCCC
4.939327239990234|3.853609561920166|185.1466522216797|0.0|0.0|0.0|0.0|0.0|InChI=1S/C8F18/c9-1(3(11,12)7(21,22)23,4(13,14)8(24,25)26)2(10,5(15,16)17)6(18,19)20|FC(F)(F)C(F)(F)C(F)(C(F)(F)C(F)(F)F)C(F)(C(F)(F)F)C(F)(F)F
5.750951766967773|4.254650592803955|468.2936096191406|0.014928625159310246|1902.856642881837|0.0|5.0|0.0|InChI=1S/C11H13N2.CH4O4S/c1-12-7-8-13(10-12)9-11-5-3-2-4-6-11;1-5-6(2,3)4/h2-8,10H,9H2,1H3;1H3,(H,2,3,4)/q+1;/p-1|COS(=O)(=O)[O-].C[n+]1ccn(Cc2ccccc2)c1
3.6464760303497314|3.8835289478302|243.4893035888672|0.0|0.0|0.0|0.0|0.0|InChI=1S/C8H18/c1-4-5-6-7-8(2)3/h8H,4-7H2,1-3H3|CCCCCC(C)C
3.7416634559631348|4.151427268981934|315.6170349121094|0.0|0.0|0.0|0.0|0.0|InChI=1S/C12H22/c1-3-7-11(8-4-1)12-9-5-2-6-10-12/h11-12H,1-10H2|C1CCC(C2CCCCC2)CC1
5.428165912628174|3.815598487854004|279.13507080078125|0.031093173656648883|1968.72655832341|0.0|2.0|1.0|InChI=1S/C9H16N2.C2HF3O2/c1-2-5-9-10-6-4-8-11(9)7-3-1;3-2(4,5)1(6)7/h1-8H2;(H,6,7)|C1CCC2=NCCCN2CC1.O=C(O)C(F)(F)F
3.491633653640747|4.199290752410889|414.6712341308594|0.0|0.0|0.0|0.0|0.0|InChI=1S/C15H12/c1-11-5-4-8-14-9-12-6-2-3-7-13(12)10-15(11)14/h2-10H,1H3|Cc1cccc2cc3ccccc3cc12
2.142054557800293|4.070577621459961|347.8091125488281|0.01395708816032412|4420.674115013417|0.0|2.0|0.0|InChI=1S/C5H8O2/c1-4(6)3-5(2)7/h3H2,1-2H3|CC(=O)CC(C)=O
2.940195322036743|3.552590847015381|301.1517028808594|0.006554179129570399|1969.874691607633|0.0|1.0|0.0|InChI=1S/C6H7N/c1-6-3-2-4-7-5-6/h2-5H,1H3|Cc1cccnc1
5.603748798370361|4.183521747589111|392.6917419433594|0.00014260194597992323|2464.1918597541744|0.0|4.0|0.0|InChI=1S/C8H12N.C2F6NO4S2/c1-2-6-9-7-4-3-5-8-9;3-1(4,5)14(10,11)9-15(12,13)2(6,7)8/h3-5,7-8H,2,6H2,1H3;/q+1;-1|CCC[n+]1ccccc1.O=S(=O)([N-]S(=O)(=O)C(F)(F)F)C(F)(F)F
5.217225551605225|3.56305193901062|283.8580017089844|0.0|0.0|0.0|0.0|0.0|InChI=1S/C12H18/c1-7-8(2)10(4)12(6)11(5)9(7)3/h1-6H3|Cc1c(C)c(C)c(C)c(C)c1C
4.018548488616943|3.7942519187927246|353.6806640625|0.0|0.0|0.0|0.0|0.0|InChI=1S/2C5H5.Fe/c2*1-2-4-5-3-1;/h2*1-5H;|[CH]1C=CC=C1.[CH]1C=CC=C1.[Fe]
9.832454681396484|3.802955150604248|270.093505859375|0.0|0.0|0.0|0.0|0.0|InChI=1S/C24H42/c1-2-3-4-5-6-7-8-9-10-11-12-13-14-15-16-18-21-24-22-19-17-20-23-24/h17,19-20,22-23H,2-16,18,21H2,1H3|CCCCCCCCCCCCCCCCCCc1ccccc1
7.01922607421875|4.3782172203063965|368.5626525878906|0.0007782835270203997|2212.6210784475084|0.0|4.0|0.0|InChI=1S/C13H30P.C2F6NO4S2/c1-5-8-11-14(4,12-9-6-2)13-10-7-3;3-1(4,5)14(10,11)9-15(12,13)2(6,7)8/h5-13H2,1-4H3;/q+1;-1|CCCC[P+](C)(CCCC)CCCC.O=S(=O)([N-]S(=O)(=O)C(F)(F)F)C(F)(F)F
8.798759460449219|4.345735549926758|251.97109985351562|0.02759706484595042|2188.0758854030537|0.0|2.0|1.0|InChI=1S/C18H39N.C8H16O2/c1-4-7-10-13-16-19(17-14-11-8-5-2)18-15-12-9-6-3;1-2-3-4-5-6-7-8(9)10/h4-18H2,1-3H3;2-7H2,1H3,(H,9,10)|CCCCCCCC(=O)O.CCCCCCN(CCCCCC)CCCCCC
3.7371418476104736|3.64900541305542|330.0847473144531|0.0822070614608957|1560.1453601857534|0.0|1.0|0.0|InChI=1S/C9H9N/c1-10-7-6-8-4-2-3-5-9(8)10/h2-7H,1H3|Cn1ccc2ccccc21
2.1432888507843018|4.488134384155273|317.0386047363281|0.05918419030180362|1045.8582761664884|0.0|1.0|1.0|InChI=1S/C7H15N/c1-6-4-3-5-7(2)8-6/h6-8H,3-5H2,1-2H3/t6-,7+|C[C@@H]1CCC[C@H](C)N1
5.418467044830322|3.9222238063812256|350.4399108886719|0.017320006090141667|2237.862961784014|0.0|1.0|0.0|InChI=1S/C10H19N2.BrH/c1-3-4-5-6-7-12-9-8-11(2)10-12;/h8-10H,3-7H2,1-2H3;1H/q+1;/p-1|CCCCCCn1cc[n+](C)c1.[Br-]
9.03668212890625|2.9868223667144775|111.09956359863281|0.1477698876825728|5000.0|0.0|6.0|2.0|InChI=1S/C10H22O6/c11-1-3-13-5-7-15-9-10-16-8-6-14-4-2-12/h11-12H,1-10H2|OCCOCCOCCOCCOCCO
3.998762369155884|3.938812255859375|345.2867431640625|0.002231640474350545|2012.6362794077488|0.0|2.0|2.0|InChI=1S/C9H13NO/c11-7-6-10-8-9-4-2-1-3-5-9/h1-5,10-11H,6-8H2|OCCNCc1ccccc1
5.8148651123046875|3.4365010261535645|217.25050354003906|0.00016701864995425592|2875.843630872636|0.0|1.0|1.0|InChI=1S/C9H20O/c1-3-5-6-8-9(10)7-4-2/h9-10H,3-8H2,1-2H3|CCCCCC(O)CCC
3.0076076984405518|4.399334907531738|331.40789794921875|0.0|0.0|0.0|0.0|0.0|InChI=1S/C12H20/c1-11-4-9-3-10(5-11)7-12(2,6-9)8-11/h9-10H,3-8H2,1-2H3|CC12CC3CC(C1)CC(C)(C3)C2
7.298384666442871|3.979018449783325|269.82977294921875|0.0015561805886339897|3137.2448440855424|0.0|1.0|1.0|InChI=1S/C18H38O/c1-2-3-4-5-6-7-8-9-10-11-12-13-14-15-16-17-18-19/h19H,2-18H2,1H3|CCCCCCCCCCCCCCCCCCO
5.822531700134277|4.066401481628418|387.966552734375|0.005015296813714754|2202.060402267135|0.0|4.0|2.0|InChI=1S/C8H15N2.C5H9NO4/c1-3-4-5-10-7-6-9(2)8-10;6-3(5(9)10)1-2-4(7)8/h6-8H,3-5H2,1-2H3;3H,1-2,6H2,(H,7,8)(H,9,10)/q+1;/p-1/t;3-/m.0/s1|CCCCn1cc[n+](C)c1.N[C@@H](CCC(=O)[O-])C(=O)O
6.274352073669434|3.8538739681243896|264.22039794921875|0.000264168747633624|2410.598604535286|0.0|2.0|0.0|InChI=1S/C14H26O2/c1-3-4-5-6-7-8-9-10-11-12-13-16-14(2)15/h5-6H,3-4,7-13H2,1-2H3/b6-5-|CCC/C=C\CCCCCCCOC(C)=O
2.6221563816070557|1.9653453826904297|343.4258117675781|0.0|0.0|0.0|0.0|0.0|InChI=1S/H2O/h1H2/i/hD2|[2H]O[2H]
2.700911045074463|3.813875436782837|249.16110229492188|0.0|0.0|0.0|0.0|0.0|InChI=1S/C6H10/c1-3-5-6-4-2/h3-4H,1-2,5-6H2|C=CCCC=C
13.821337699890137|4.2654337882995605|272.1732482910156|0.014725464566243521|1897.2156699808618|0.0|2.0|0.0|InChI=1S/C32H68P.C2N3/c1-5-9-13-17-18-19-20-21-22-23-24-28-32-33(29-25-14-10-6-2,30-26-15-11-7-3)31-27-16-12-8-4;3-1-5-2-4/h5-32H2,1-4H3;/q+1;-1|CCCCCCCCCCCCCC[P+](CCCCCC)(CCCCCC)CCCCCC.N#C[N-]C#N
4.05886173248291|4.000529766082764|278.953125|0.017241129310053248|2135.9204575709805|0.0|1.0|1.0|InChI=1S/C10H20O/c1-5-9(2)7-6-8-10(3,4)11/h5,11H,6-8H2,1-4H3|CC=C(C)CCCC(C)(C)O
3.756014823913574|4.342080116271973|530.1131591796875|0.013094898790628097|2124.1277075932535|0.0|5.0|1.0|InChI=1S/C6H11N2O.CHF3O3S/c1-7-2-3-8(6-7)4-5-9;2-1(3,4)8(5,6)7/h2-3,6,9H,4-5H2,1H3;(H,5,6,7)/q+1;/p-1|C[n+]1ccn(CCO)c1.O=S(=O)([O-])C(F)(F)F
3.916699171066284|2.973404884338379|240.38458251953125|0.004922082898375901|2398.262080536259|0.0|2.0|2.0|InChI=1S/C3H8O2/c1-3(5)2-4/h3-5H,2H2,1H3/t3-/m0/s1|C[C@H](O)CO
5.548033714294434|3.1616830825805664|240.8800048828125|6.114772320209023e-05|2281.5518999536207|0.0|4.0|0.0|InChI=1S/C6H10O4/c1-5(7)9-3-4-10-6(2)8/h3-4H2,1-2H3|CC(=O)OCCOC(C)=O
4.515776634216309|3.5661511421203613|259.59063720703125|0.017171809994151466|1590.992103227339|0.0|1.0|0.0|InChI=1S/C7H15NO/c1-3-5-8(7-9)6-4-2/h7H,3-6H2,1-2H3|CCCN(C=O)CCC
9.948383331298828|3.782245397567749|238.94647216796875|0.015188644998054718|2619.5142084530794|0.0|4.0|0.0|InChI=1S/C22H42O4/c1-5-9-13-19(7-3)17-25-21(23)15-11-12-16-22(24)26-18-20(8-4)14-10-6-2/h19-20H,5-18H2,1-4H3|CCCCC(CC)COC(=O)CCCCC(=O)OCC(CC)CCCC
4.593514919281006|3.3102970123291016|263.72357177734375|0.020638706909681614|401.53687372405864|0.0|2.0|2.0|InChI=1S/C4H11N.C2H4O2/c1-2-3-4-5;1-2(3)4/h2-5H2,1H3;1H3,(H,3,4)|CC(=O)O.CCCCN
4.747546195983887|3.770707130432129|340.5497131347656|0.011666293995669355|1901.4375222431083|0.0|1.0|0.0|InChI=1S/C14H13N/c1-2-15-13-9-5-3-7-11(13)12-8-4-6-10-14(12)15/h3-10H,2H2,1H3|CCn1c2ccccc2c2ccccc21
3.542025089263916|3.592482566833496|318.9169921875|0.4318124725960521|2320.776131800781|0.0|2.0|0.0|InChI=1S/C6H10N2/c1-2-4-8-5-3-7-6-8/h3,5-6H,2,4H2,1H3|CCCn1ccnc1
3.5709526538848877|3.757983922958374|338.3780517578125|0.01188641340656037|1893.3596774199066|0.0|1.0|0.0|InChI=1S/C10H9N/c1-8-6-7-9-4-2-3-5-10(9)11-8/h2-7H,1H3|Cc1ccc2ccccc2n1
6.001037120819092|3.8144168853759766|282.1325988769531|0.0008916978589192233|2659.1593770116283|0.0|2.0|0.0|InChI=1S/C15H24O2/c1-11(2)9-16-14-6-13(5)7-15(8-14)17-10-12(3)4/h6-8,11-12H,9-10H2,1-5H3|Cc1cc(OCC(C)C)cc(OCC(C)C)c1
3.2532753944396973|3.360443592071533|240.00466918945312|0.00672267423035322|2347.572744124417|0.0|1.0|1.0|InChI=1S/C4H10O/c1-4(2)3-5/h4-5H,3H2,1-2H3|CC(C)CO
4.932130813598633|3.3647043704986572|253.87181091308594|0.0003698258100458739|3383.4820017590796|0.0|4.0|0.0|InChI=1S/C6H10O4/c1-3-9-5(7)6(8)10-4-2/h3-4H2,1-2H3|CCOC(=O)C(=O)OCC
3.5286128520965576|3.619849681854248|315.6841125488281|0.0014137255734990126|3840.866957708068|0.0|2.0|0.0|InChI=1S/C7H7NO2/c1-6-3-2-4-7(5-6)8(9)10/h2-5H,1H3|Cc1cccc([N+](=O)[O-])c1
4.250763416290283|3.4504165649414062|324.1584777832031|0.043507462263826235|1722.0852973975052|0.0|2.0|2.0|InChI=1S/C6H11NO.CH2O2/c8-6-4-2-1-3-5-7-6;2-1-3/h1-5H2,(H,7,8);1H,(H,2,3)|O=CO.OC1=NCCCCC1
5.199282169342041|4.5|516.6707763671875|6.362530470115003e-05|3201.5118946341095|0.0|5.0|0.0|InChI=1S/C8H15N2.C2F6NO4S2/c1-3-4-5-10-7-6-9(2)8-10;3-1(4,5)14(10,11)9-15(12,13)2(6,7)8/h6-8H,3-5H2,1-2H3;/q+1;-1|CCCCn1cc[n+](C)c1.O=S(=O)([N-]S(=O)(=O)C(F)(F)F)C(F)(F)F
4.954036235809326|3.979498863220215|424.1915588378906|0.0014133934392612704|2585.77505866821|0.0|4.0|2.0|InChI=1S/C7H13N2.C3H7NO3/c1-3-4-9-6-5-8(2)7-9;4-2(1-5)3(6)7/h5-7H,3-4H2,1-2H3;2,5H,1,4H2,(H,6,7)/q+1;/p-1/t;2-/m.0/s1|CCCn1cc[n+](C)c1.N[C@@H](CO)C(=O)[O-]
4.6505255699157715|4.307570934295654|337.4347839355469|0.0005350163944017746|2418.838712582679|0.0|2.0|1.0|InChI=1S/C6H10O2.C5H14NO/c7-6(8)5-3-1-2-4-5;1-6(2,3)4-5-7/h5H,1-4H2,(H,7,8);7H,4-5H2,1-3H3/q;+1/p-1|C[N+](C)(C)CCO.O=C([O-])C1CCCC1
3.1581227779388428|3.4951765537261963|255.8286895751953|0.023385449271630478|1792.3427694716202|0.0|2.0|2.0|InChI=1S/C4H11NO/c1-4(2,5)3-6/h6H,3,5H2,1-2H3|CC(C)(N)CO
3.6840696334838867|3.720628023147583|260.77642822265625|0.0|0.0|0.0|0.0|0.0|InChI=1S/3C2H5.Sb/c3*1-2;/h3*1H2,2H3;|[CH2]C.[CH2]C.[CH2]C.[Sb]
4.779430866241455|4.0431976318359375|396.9190979003906|0.08092762408048876|4198.386330723749|0.0|2.0|0.0|InChI=1S/C7H11BrN5.BrH/c1-12-2-3-13(6-12)5-7(8)4-10-11-9;/h2-3,6-7H,4-5H2,1H3;1H/q+1;/p-1|C[n+]1ccn(CC(Br)CN=[N+]=[N-])c1.[Br-]
6.435405731201172|4.184700965881348|368.23663330078125|5.460149723265598e-05|3686.7765320037324|0.0|4.0|0.0|InChI=1S/C10H16N.C2F6NO4S2/c1-3-4-7-11-8-5-6-10(2)9-11;3-1(4,5)14(10,11)9-15(12,13)2(6,7)8/h5-6,8-9H,3-4,7H2,1-2H3;/q+1;-1|CCCC[n+]1cccc(C)c1.O=S(=O)([N-]S(=O)(=O)C(F)(F)F)C(F)(F)F
2.612236976623535|3.4185402393341064|281.5741271972656|0.0|0.0|0.0|0.0|0.0|InChI=1S/C2H4Cl2/c3-1-2-4/h1-2H2|ClCCCl
3.93871808052063|3.717395067214966|250.77346801757812|0.002750673593923657|1736.0025233140295|0.0|2.0|1.0|InChI=1S/C7H16O2/c1-6(8)5-9-7(2,3)4/h6,8H,5H2,1-4H3|CC(O)COC(C)(C)C
3.8583226203918457|3.613651752471924|227.35462951660156|0.010290334109404347|551.6764393748731|0.0|2.0|0.0|InChI=1S/C6H14O2/c1-4-7-6(3)8-5-2/h6H,4-5H2,1-3H3|CCOC(C)OCC
10.426958084106445|4.014627933502197|195.85655212402344|1.4953445360559706e-05|1084.3770819024141|0.0|7.0|0.0|InChI=1S/C14H42O7Si7/c1-22(2)15-23(3,4)17-25(7,8)19-27(11,12)21-28(13,14)20-26(9,10)18-24(5,6)16-22/h1-14H3|C[Si]1(C)O[Si](C)(C)O[Si](C)(C)O[Si](C)(C)O[Si](C)(C)O[Si](C)(C)O[Si](C)(C)O1
5.671877384185791|3.3986892700195312|247.143310546875|0.0005562783870592283|2517.906508132373|0.0|4.0|0.0|InChI=1S/C8H14O4/c1-3-11-7(9)5-6-8(10)12-4-2/h3-6H2,1-2H3|CCOC(=O)CCC(=O)OCC
3.723057270050049|3.2511062622070312|189.80630493164062|0.019449085399119936|1352.4542691018446|0.0|1.0|0.0|InChI=1S/C3H3F5O/c4-2(5)9-1-3(6,7)8/h2H,1H2|FC(F)OCC(F)(F)F
4.098155498504639|3.834472894668579|272.0413513183594|0.004304860225848589|2056.1071348862165|0.0|3.0|0.0|InChI=1S/C8H15NO2/c1-7(2)8(10)11-6-5-9(3)4/h1,5-6H2,2-4H3|C=C(C)C(=O)OCCN(C)C
9.196577072143555|4.197597503662109|312.72479248046875|0.0009215785870612951|4440.570450041074|0.0|6.0|0.0|InChI=1S/C14H24N3.C10H22O4S/c1-2-3-4-5-6-7-10-16-12-13-17(14-16)11-8-9-15;1-2-3-4-5-6-7-8-9-10-14-15(11,12)13/h12-14H,2-8,10-11H2,1H3;2-10H2,1H3,(H,11,12,13)/q+1;/p-1|CCCCCCCCCCOS(=O)(=O)[O-].CCCCCCCC[n+]1ccn(CCC#N)c1
4.794086933135986|4.220399856567383|334.29486083984375|0.0|0.0|0.0|0.0|0.0|InChI=1S/C18H12/c1-3-7-15-13(5-1)9-11-18-16-8-4-2-6-14(16)10-12-17(15)18/h1-12H/i1D,2D,3D,4D,5D,6D,7D,8D,9D,10D,11D,12D|[2H]c1c([2H])c([2H])c2c(c1[2H])c([2H])c([2H])c1c3c([2H])c([2H])c([2H])c([2H])c3c([2H])c([2H])c21
5.127513885498047|3.417107105255127|274.79461669921875|0.0009117080614449092|423.1154494777419|0.0|2.0|2.0|InChI=1S/C4H11N.C3H6O2/c1-3-5-4-2;1-2-3(4)5/h5H,3-4H2,1-2H3;2H2,1H3,(H,4,5)|CCC(=O)O.CCNCC
10.9589204788208|4.288564682006836|277.7507629394531|0.00031533116774852283|5000.0|0.0|6.0|0.0|InChI=1S/C33H62O6/c1-4-7-10-13-16-19-22-25-31(34)37-28-30(39-33(36)27-24-21-18-15-12-9-6-3)29-38-32(35)26-23-20-17-14-11-8-5-2/h30H,4-29H2,1-3H3|CCCCCCCCCC(=O)OCC(COC(=O)CCCCCCCCC)OC(=O)CCCCCCCCC
4.748315811157227|4.280097484588623|394.88958740234375|0.00011624866234926533|2299.605443122146|0.0|3.0|1.0|InChI=1S/C9H7NO.C5H14NO/c11-8-5-1-3-7-4-2-6-10-9(7)8;1-6(2,3)4-5-7/h1-6,11H;7H,4-5H2,1-3H3/q;+1/p-1|C[N+](C)(C)CCO.[O-]c1cccc2cccnc12
1.8833674192428589|4.250698566436768|550.0|0.014396483093074015|2094.4371532043097|0.0|1.0|0.0|InChI=1S/C6H7NO/c1-6-3-2-4-7(8)5-6/h2-5H,1H3|Cc1ccc[n+]([O-])c1
3.594452142715454|3.243187665939331|169.49050903320312|0.0|0.0|0.0|0.0|0.0|InChI=1S/C3H2F6/c4-2(5,6)1-3(7,8)9/h1H2|FC(F)(F)CC(F)(F)F
1.861965298652649|4.412875652313232|407.78387451171875|0.3078206990353507|1655.2850229589144|0.0|2.0|1.0|InChI=1S/C6H7NO/c8-5-6-2-1-3-7-4-6/h1-4,8H,5H2|OCc1cccnc1
6.944656848907471|4.063681125640869|391.32696533203125|0.003555671891528328|2796.6775670983775|0.0|3.0|1.0|InChI=1S/C12H23N2.C5H9NO2/c1-3-4-5-6-7-8-9-14-11-10-13(2)12-14;7-5(8)4-2-1-3-6-4/h10-12H,3-9H2,1-2H3;4,6H,1-3H2,(H,7,8)/q+1;/p-1/t;4-/m.0/s1|CCCCCCCCn1cc[n+](C)c1.O=C([O-])[C@@H]1CCCN1
3.2504916191101074|3.7986679077148438|352.1175231933594|0.011315770100006872|2851.632936599785|0.0|3.0|3.0|InChI=1S/C7H6O4/c8-5-2-1-4(7(10)11)3-6(5)9/h1-3,8-9H,(H,10,11)|O=C(O)c1ccc(O)c(O)c1
3.895280599594116|2.8370718955993652|261.52593994140625|0.00010250218604170894|2098.9688197291034|0.0|1.0|1.0|InChI=1S/C2H5ClO/c3-1-2-4/h4H,1-2H2|OCCCl
2.939103364944458|3.6942384243011475|233.83383178710938|0.0004163599305123964|2516.719411285196|0.0|1.0|0.0|InChI=1S/C5H12O/c1-5(2,3)6-4/h1-4H3|COC(C)(C)C
5.829225540161133|4.487227916717529|384.34429931640625|0.006677839589424537|2768.799438315624|0.0|3.0|1.0|InChI=1S/C9H20N.C7H13NO4S/c1-3-4-7-10(2)8-5-6-9-10;1-4-6(9)8-7(2,3)5-13(10,11)12/h3-9H2,1-2H3;4H,1,5H2,2-3H3,(H,8,9)(H,10,11,12)/q+1;/p-1|C=CC([O-])=NC(C)(C)CS(=O)(=O)O.CCCC[N+]1(C)CCCC1
4.4134521484375|3.680164337158203|266.11309814453125|0.0005380448886997707|262.5143056069232|0.0|2.0|0.0|InChI=1S/C9H16O2/c1-2-9(10)11-8-6-4-3-5-7-8/h8H,2-7H2,1H3|CCC(=O)OC1CCCCC1
6.032371997833252|4.5|550.0|0.0016968039338341979|2871.8962400210075|0.0|5.0|0.0|InChI=1S/C15H15N2.C2F6NO4S2/c1-16-8-9-17(12-16)11-13-6-7-14-4-2-3-5-15(14)10-13;3-1(4,5)14(10,11)9-15(12,13)2(6,7)8/h2-10,12H,11H2,1H3;/q+1;-1|C[n+]1ccn(Cc2ccc3ccccc3c2)c1.O=S(=O)([N-]S(=O)(=O)C(F)(F)F)C(F)(F)F
7.820520877838135|4.4581499099731445|550.0|0.6721664463740319|5000.0|0.0|4.0|0.0|InChI=1S/C10H16N4.2C3H3N2/c1-11-3-5-13(9-11)7-8-14-6-4-12(2)10-14;2*1-2-5-3-4-1/h3-6,9-10H,7-8H2,1-2H3;2*1-3H/q+2;2*-1|C[n+]1ccn(CCn2cc[n+](C)c2)c1.c1c[n-]cn1.c1c[n-]cn1
2.551360607147217|3.6061859130859375|289.0350036621094|0.0|0.0|0.0|0.0|0.0|InChI=1S/C2HCl3/c3-1-2(4)5/h1H|ClC=C(Cl)Cl
3.2853891849517822|3.0776774883270264|325.3504943847656|0.0006522484724685273|3943.572293803144|0.0|3.0|0.0|InChI=1S/C3H4O3/c4-3-5-1-2-6-3/h1-2H2|O=C1OCCO1
4.297699451446533|3.9983232021331787|389.5264892578125|0.2781873821320412|1726.786503443703|0.0|2.0|0.0|InChI=1S/C6H11N2.C2HF3O2/c1-3-8-5-4-7(2)6-8;3-2(4,5)1(6)7/h4-6H,3H2,1-2H3;(H,6,7)/q+1;/p-1|CCn1cc[n+](C)c1.O=C([O-])C(F)(F)F
4.984490394592285|3.9189462661743164|400.77886962890625|0.05049809154292911|1936.3239017208332|0.0|4.0|1.0|InChI=1S/C7H13N2O.C2N3/c1-8-4-5-9(7-8)3-2-6-10;3-1-5-2-4/h4-5,7,10H,2-3,6H2,1H3;/q+1;-1|C[n+]1ccn(CCCO)c1.N#C[N-]C#N
5.12313985824585|3.6101460456848145|246.33409118652344|0.01637673039969273|2666.529999788812|0.0|2.0|0.0|InChI=1S/C9H18O2/c1-3-4-5-6-7-8-9(10)11-2/h3-8H2,1-2H3|CCCCCCCC(=O)OC
9.120723724365234|3.602687358856201|251.75807189941406|0.00012087637645852343|3243.3439252613916|0.0|1.0|1.0|InChI=1S/C18H34O2/c1-2-3-4-5-6-7-8-9-10-11-12-13-14-15-16-17-18(19)20/h9-10H,2-8,11-17H2,1H3,(H,19,20)/b10-9+|CCCCCCCC/C=C/CCCCCCCC(=O)O
4.348201751708984|4.066794395446777|459.669189453125|0.1473063315207313|1939.498497089503|0.0|5.0|0.0|InChI=1S/C5H9N2.CH4O4S/c1-6-3-4-7(2)5-6;1-5-6(2,3)4/h3-5H,1-2H3;1H3,(H,2,3,4)/q+1;/p-1|COS(=O)(=O)[O-].Cn1cc[n+](C)c1
4.6889495849609375|3.1429996490478516|285.7983093261719|0.03140800786203687|2116.199057595628|0.0|1.0|1.0|InChI=1S/C7H6O2/c8-7(9)6-4-2-1-3-5-6/h1-5H,(H,8,9)|O=C(O)c1ccccc1
3.764843702316284|3.3626108169555664|290.9270324707031|0.00983170980220164|1574.4314845755334|0.0|1.0|1.0|InChI=1S/C7H8O/c1-6-4-2-3-5-7(6)8/h2-5,8H,1H3|Cc1ccccc1O
4.352157115936279|4.5|442.02923583984375|0.0006935249168313998|2112.5775031817593|0.0|7.0|3.0|InChI=1S/C7H18NO3.C2F6NO4S2/c1-8(2-5-9,3-6-10)4-7-11;3-1(4,5)14(10,11)9-15(12,13)2(6,7)8/h9-11H,2-7H2,1H3;/q+1;-1|C[N+](CCO)(CCO)CCO.O=S(=O)([N-]S(=O)(=O)C(F)(F)F)C(F)(F)F
3.169717788696289|3.06892728805542|288.5083312988281|0.7372435405228508|768.759660781457|0.0|0.0|1.0|InChI=1S/C4H5N/c1-2-4-5-3-1/h1-5H|c1cc[nH]c1
8.899551391601562|4.031214714050293|266.8607177734375|0.007666048318953076|547.5160856940535|0.0|2.0|1.0|InChI=1S/C16H36P.C5H9NO2/c1-5-9-13-17(14-10-6-2,15-11-7-3)16-12-8-4;7-5(8)4-2-1-3-6-4/h5-16H2,1-4H3;4,6H,1-3H2,(H,7,8)/q+1;/p-1/t;4-/m.0/s1|CCCC[P+](CCCC)(CCCC)CCCC.O=C([O-])[C@@H]1CCCN1
4.101621150970459|3.4876461029052734|255.23658752441406|0.006055782877892445|2476.425643979246|0.0|2.0|0.0|InChI=1S/C7H12O2/c1-6(8)9-7-4-2-3-5-7/h7H,2-5H2,1H3|CC(=O)OC1CCCC1
4.296901226043701|3.9002561569213867|248.0514373779297|0.002842556629793934|1932.005498124554|0.0|1.0|0.0|InChI=1S/C9H20O/c1-5-7-8-10-9(3,4)6-2/h5-8H2,1-4H3|CCCCOC(C)(C)CC
4.870068550109863|4.5|536.949462890625|0.001213463101702415|3797.216761528903|0.0|5.0|0.0|InChI=1S/C8H15N2.C2F6NO4S2/c1-8(2,3)10-6-5-9(4)7-10;3-1(4,5)14(10,11)9-15(12,13)2(6,7)8/h5-7H,1-4H3;/q+1;-1|C[n+]1ccn(C(C)(C)C)c1.O=S(=O)([N-]S(=O)(=O)C(F)(F)F)C(F)(F)F
8.579041481018066|3.8990719318389893|237.1329345703125|0.0263279877026716|486.8576628848341|0.0|3.0|2.0|InChI=1S/C15H35NP.C6H13NO2/c1-4-7-12-17(13-8-5-2,14-9-6-3)15-10-11-16;1-4(2)3-5(7)6(8)9/h4-16H2,1-3H3;4-5H,3,7H2,1-2H3,(H,8,9)/q+1;/p-1/t;5-/m.0/s1|CC(C)C[C@H](N)C(=O)[O-].CCCC[P+](CCCC)(CCCC)CCCN
6.269784450531006|3.222665309906006|211.24758911132812|0.00022695269025702135|3309.099496427149|0.0|1.0|1.0|InChI=1S/C8H18O/c1-3-5-7-8(9)6-4-2/h8-9H,3-7H2,1-2H3|CCCCC(O)CCC
4.477698802947998|4.170409202575684|296.93231201171875|0.0|0.0|0.0|0.0|0.0|InChI=1S/C15H24/c1-13(2)8-5-6-12-14(3,4)11-7-9-15(12,13)10-11/h6,11H,5,7-10H2,1-4H3/t11-,15-/m0/s1|CC1(C)C2=CCCC(C)(C)[C@]23CC[C@H]1C3
3.248811721801758|3.8730900287628174|285.81060791015625|0.0|0.0|0.0|0.0|0.0|InChI=1S/C9H12/c1-8(2)9-6-4-3-5-7-9/h3-8H,1-2H3|CC(C)c1ccccc1
5.094834804534912|3.9229533672332764|298.6851501464844|0.0|0.0|0.0|0.0|0.0|InChI=1S/C16H18/c1-16(2,3)15-11-7-10-14(12-15)13-8-5-4-6-9-13/h4-12H,1-3H3|CC(C)(C)c1cccc(-c2ccccc2)c1
4.620272159576416|4.042354583740234|415.4757080078125|0.0|0.0|0.0|0.0|0.0|InChI=1S/C20H12/c1-5-13-6-2-11-17-18-12-4-8-14-7-3-10-16(20(14)18)15(9-1)19(13)17/h1-12H|c1cc2cccc3c4cccc5cccc(c(c1)c23)c54
4.149073123931885|3.630559206008911|324.4903869628906|0.004869354460252571|3153.451899872955|0.0|2.0|0.0|InChI=1S/C8H7IO2/c1-11-8(10)6-2-4-7(9)5-3-6/h2-5H,1H3|COC(=O)c1ccc(I)cc1
4.266250133514404|3.5366463661193848|248.92471313476562|0.0015067211170808063|2928.1753493347524|0.0|2.0|0.0|InChI=1S/C7H14O2/c1-4-6(2)5-9-7(3)8/h6H,4-5H2,1-3H3|CCC(C)COC(C)=O
5.035821914672852|3.3595056533813477|236.83865356445312|0.02637379455753572|1798.4319863063213|0.0|3.0|0.0|InChI=1S/C6H14O3/c1-7-3-5-9-6-4-8-2/h3-6H2,1-2H3|COCCOCCOC
6.731842041015625|3.850118637084961|348.3313903808594|0.06317060782183662|1721.0154497601861|0.0|3.0|0.0|InChI=1S/C10H19N2.C4N3/c1-3-4-5-6-7-12-9-8-11(2)10-12;5-1-4(2-6)3-7/h8-10H,3-7H2,1-2H3;/q+1;-1|CCCCCCn1cc[n+](C)c1.N#CC(=C=[N-])C#N
3.113417625427246|2.9640069007873535|217.55422973632812|0.0315254143113852|2288.079355715963|0.0|2.0|0.0|InChI=1S/CH3NO2/c1-2(3)4/h1H3/i1D3|[2H]C([2H])([2H])[N+](=O)[O-]
3.5395493507385254|3.352914571762085|236.72634887695312|0.009553402828749797|1173.6171141743298|0.0|1.0|0.0|InChI=1S/C6H8O/c1-5-3-4-6(2)7-5/h3-4H,1-2H3|Cc1ccc(C)o1
13.485660552978516|3.9839441776275635|250.91236877441406|0.08895485083683402|3477.857158934031|0.0|7.0|0.0|InChI=1S/C14H27N2.3C5HF6O2.Co/c1-3-4-5-6-7-8-9-10-11-16-13-12-15(2)14-16;3*6-4(7,8)2(12)1-3(13)5(9,10)11;/h12-14H,3-11H2,1-2H3;3*1H;/q+1;3*-1;+2|CCCCCCCCCCn1cc[n+](C)c1.O=C([CH-]C(=O)C(F)(F)F)C(F)(F)F.O=C([CH-]C(=O)C(F)(F)F)C(F)(F)F.O=C([CH-]C(=O)C(F)(F)F)C(F)(F)F.[Co+2]
6.64739465713501|4.343507289886475|367.54736328125|0.0004993266684251006|5000.0|0.0|6.0|0.0|InChI=1S/C10H24O2P.C2F6NO4S2/c1-5-13(6-2,7-3)10-12-9-8-11-4;3-1(4,5)14(10,11)9-15(12,13)2(6,7)8/h5-10H2,1-4H3;/q+1;-1|CC[P+](CC)(CC)COCCOC.O=S(=O)([N-]S(=O)(=O)C(F)(F)F)C(F)(F)F
6.518200874328613|3.7238290309906006|251.07290649414062|0.000201485613224205|5000.0|0.0|4.0|0.0|InChI=1S/C14H26O4/c1-13(2,3)17-11(15)9-7-8-10-12(16)18-14(4,5)6/h7-10H2,1-6H3|CC(C)(C)OC(=O)CCCCC(=O)OC(C)(C)C
3.2706451416015625|3.9947500228881836|479.5050048828125|0.005159947611341614|1906.219135413076|0.0|3.0|2.0|InChI=1S/C4H11N.CH4O3S/c1-3-5-4-2;1-5(2,3)4/h5H,3-4H2,1-2H3;1H3,(H,2,3,4)|CCNCC.CS(=O)(=O)O
5.871830940246582|4.294110298156738|352.4762268066406|0.00017207197523105966|2954.315265829971|0.0|4.0|0.0|InChI=1S/C9H22N.C2F6NO4S2/c1-5-7-8-9-10(3,4)6-2;3-1(4,5)14(10,11)9-15(12,13)2(6,7)8/h5-9H2,1-4H3;/q+1;-1|CCCCC[N+](C)(C)CC.O=S(=O)([N-]S(=O)(=O)C(F)(F)F)C(F)(F)F
5.920920372009277|4.098037242889404|275.7325439453125|0.0006420111379194541|3354.95347895733|0.0|1.0|1.0|InChI=1S/C17H36O/c1-3-5-7-8-9-10-11-12-14-16-17(18)15-13-6-4-2/h17-18H,3-16H2,1-2H3|CCCCCCCCCCCC(O)CCCCC
5.51933479309082|3.266458034515381|270.08551025390625|0.00010297267985880193|3118.7163548425497|0.0|3.0|3.0|InChI=1S/C6H15NO2/c1-5(8)3-7-4-6(2)9/h5-9H,3-4H2,1-2H3|CC(O)CNCC(C)O
6.659937858581543|4.04545783996582|258.7576904296875|0.000780224427943247|3651.9477655262754|0.0|1.0|1.0|InChI=1S/C17H36O/c1-3-5-7-9-10-11-12-14-16-17(18)15-13-8-6-4-2/h17-18H,3-16H2,1-2H3|CCCCCCCCCCC(O)CCCCCC
6.404896259307861|4.5|505.31109619140625|3.990659328437007e-05|3228.0639309912403|0.0|5.0|0.0|InChI=1S/C14H19N2.C2F6NO4S2/c1-2-3-9-15-10-11-16(13-15)12-14-7-5-4-6-8-14;3-1(4,5)14(10,11)9-15(12,13)2(6,7)8/h4-8,10-11,13H,2-3,9,12H2,1H3;/q+1;-1|CCCC[n+]1ccn(Cc2ccccc2)c1.O=S(=O)([N-]S(=O)(=O)C(F)(F)F)C(F)(F)F
6.237768650054932|4.1839728355407715|430.4177551269531|0.00483288527440385|2294.4579521813325|0.0|5.0|0.0|InChI=1S/C12H20N3.CHF3O3S/c1-2-3-4-5-8-14-10-11-15(12-14)9-6-7-13;2-1(3,4)8(5,6)7/h10-12H,2-6,8-9H2,1H3;(H,5,6,7)/q+1;/p-1|CCCCCC[n+]1ccn(CCC#N)c1.O=S(=O)([O-])C(F)(F)F
3.4190871715545654|3.436314821243286|298.77764892578125|0.004713072071446254|3745.4394369767233|0.0|1.0|0.0|InChI=1S/C7H6O/c8-6-7-4-2-1-3-5-7/h1-6H|O=Cc1ccccc1
3.964463710784912|3.166269302368164|202.72763061523438|0.0|0.0|0.0|0.0|0.0|InChI=1S/3CH3.Sb/h3*1H3;|[CH3].[CH3].[CH3].[Sb]
5.795338153839111|3.827497720718384|359.7761535644531|0.0011772035535513|1192.5695781066056|0.0|2.0|0.0|InChI=1S/C10H19N2.C2H4O2/c1-3-4-5-6-7-12-9-8-11(2)10-12;1-2(3)4/h8-10H,3-7H2,1-2H3;1H3,(H,3,4)/q+1;/p-1|CC(=O)[O-].CCCCCCn1cc[n+](C)c1
3.1834256649017334|4.094381332397461|299.785400390625|0.0|0.0|0.0|0.0|0.0|InChI=1S/C10H16/c1-7-4-5-8-6-9(7)10(8,2)3/h8-9H,1,4-6H2,2-3H3|C=C1CCC2CC1C2(C)C
7.184395790100098|2.9443047046661377|186.72848510742188|0.2754587058823652|1710.885927292762|0.0|4.0|3.0|InChI=1S/C6H15NO3/c8-4-1-7(2-5-9)3-6-10/h8-10H,1-6H2|OCCN(CCO)CCO
3.60155987739563|4.289918422698975|459.23052978515625|0.0|0.0|0.0|0.0|0.0|InChI=1S/C18H12/c1-2-7-15-12-18-16(11-14(15)6-1)10-9-13-5-3-4-8-17(13)18/h1-12H|c1ccc2cc3c(ccc4ccccc43)cc2c1
9.039194107055664|4.028463840484619|235.85777282714844|0.023987723156302935|478.22411445399996|0.0|3.0|2.0|InChI=1S/C16H36P.C3H7NO2S/c1-5-9-13-17(14-10-6-2,15-11-7-3)16-12-8-4;4-2(1-7)3(5)6/h5-16H2,1-4H3;2,7H,1,4H2,(H,5,6)/q+1;/p-1/t;2-/m.0/s1|CCCC[P+](CCCC)(CCCC)CCCC.N[C@@H](CS)C(=O)[O-]
4.363034725189209|3.6798641681671143|245.23977661132812|0.002336580877800222|1580.9950199789778|0.0|2.0|0.0|InChI=1S/C8H16O2/c1-4-6-7(3)8(9)10-5-2/h7H,4-6H2,1-3H3|CCCC(C)C(=O)OCC
5.376176357269287|4.045392036437988|440.1860046386719|0.0019964289923196433|2891.2081473855105|0.0|5.0|2.0|InChI=1S/C9H17N2.H3O4P/c1-3-4-5-6-11-8-7-10(2)9-11;1-5(2,3)4/h7-9H,3-6H2,1-2H3;(H3,1,2,3,4)/q+1;/p-1|CCCCCn1cc[n+](C)c1.O=P([O-])(O)O
3.562479019165039|4.361272811889648|339.7929382324219|0.00016307067890655526|914.5272718949732|0.0|3.0|3.0|InChI=1S/C6H15NO.C2H4O2/c1-2-3-4-7-5-6-8;1-2(3)4/h7-8H,2-6H2,1H3;1H3,(H,3,4)|CC(=O)O.CCCCNCCO
5.346833229064941|3.3639724254608154|249.43504333496094|0.024119037987662493|2295.0500449744045|0.0|3.0|0.0|InChI=1S/C7H12O3/c1-2-3-7(8)10-5-6-4-9-6/h6H,2-5H2,1H3/t6-/m1/s1|CCCC(=O)OC[C@H]1CO1
8.705865859985352|3.8748934268951416|262.3702697753906|0.0047049185424089535|3399.1897474279886|0.0|1.0|1.0|InChI=1S/C20H40O2/c1-2-3-4-5-6-7-8-9-10-11-12-13-14-15-16-17-18-19-20(21)22/h2-19H2,1H3,(H,21,22)|CCCCCCCCCCCCCCCCCCCC(=O)O
1.2469096183776855|3.2878592014312744|89.45384216308594|0.4640344767227174|1428.9268109373957|0.0|2.0|0.0|InChI=1S/N2/c1-2|N#N
4.46213436126709|3.2223052978515625|224.32090759277344|0.053315500422408804|2830.1574571360125|0.0|1.0|1.0|InChI=1S/C5H11NO/c1-2-3-4-6-5-7/h5H,2-4H2,1H3,(H,6,7)|CCCCN=CO
5.813889503479004|4.10448694229126|384.4078674316406|0.0006342812253718521|2796.8694883632315|0.0|4.0|0.0|InChI=1S/C7H10N.C2F6NO4S2/c1-2-8-6-4-3-5-7-8;3-1(4,5)14(10,11)9-15(12,13)2(6,7)8/h3-7H,2H2,1H3;/q+1;-1|CC[n+]1ccccc1.O=S(=O)([N-]S(=O)(=O)C(F)(F)F)C(F)(F)F
6.2180047035217285|3.9379420280456543|244.55030822753906|0.0851173914948285|1871.9460549260707|0.0|1.0|0.0|InChI=1S/C15H33N/c1-4-7-10-13-16(14-11-8-5-2)15-12-9-6-3/h4-15H2,1-3H3|CCCCCN(CCCCC)CCCCC
5.482838153839111|4.329407691955566|363.6334228515625|0.004991493443511674|2038.3599250708335|0.0|4.0|0.0|InChI=1S/C6H15S.C2F6NO4S2/c1-4-7(5-2)6-3;3-1(4,5)14(10,11)9-15(12,13)2(6,7)8/h4-6H2,1-3H3;/q+1;-1|CC[S+](CC)CC.O=S(=O)([N-]S(=O)(=O)C(F)(F)F)C(F)(F)F
4.9097394943237305|3.0051028728485107|245.96180725097656|0.00327733661101766|1589.7244007351046|0.0|0.0|1.0|InChI=1S/C6H9N/c1-5-3-4-6(2)7-5/h3-4,7H,1-2H3|Cc1ccc(C)[nH]1
4.69215202331543|3.7863519191741943|315.9306335449219|0.0046210285858706585|2128.070453636253|0.0|3.0|1.0|InChI=1S/C9H16N2O.ClH/c12-8-4-2-1-3-6-11-7-5-10-9-11;/h5,7,9,12H,1-4,6,8H2;1H|Cl.OCCCCCCn1ccnc1
4.263420104980469|3.4293570518493652|281.6048889160156|0.9|242.09536404182919|0.0|2.0|0.0|InChI=1S/C8H10O2/c1-9-7-5-3-4-6-8(7)10-2/h3-6H,1-2H3|COc1ccccc1OC
6.472307205200195|4.4089131355285645|473.7460021972656|0.00385102462648526|2796.9309059495613|0.0|5.0|0.0|InChI=1S/C11H21N2.C2F6NO4S2/c1-3-4-5-6-7-8-13-10-9-12(2)11-13;3-1(4,5)14(10,11)9-15(12,13)2(6,7)8/h9-11H,3-8H2,1-2H3;/q+1;-1|CCCCCCCn1cc[n+](C)c1.O=S(=O)([N-]S(=O)(=O)C(F)(F)F)C(F)(F)F
2.913060426712036|4.23691987991333|399.8914489746094|0.0670251688830571|3449.4057555366844|0.0|6.0|6.0|InChI=1S/C6H14O6/c7-1-3(9)5(11)6(12)4(10)2-8/h3-12H,1-2H2/t3-,4+,5-,6-/m1/s1|OC[C@@H](O)[C@@H](O)[C@H](O)[C@@H](O)CO
4.112034320831299|3.461505651473999|304.2402648925781|0.006600248535009702|3049.2051831100785|0.0|3.0|1.0|InChI=1S/C8H8O3/c1-11-8(10)6-2-4-7(9)5-3-6/h2-5,9H,1H3|COC(=O)c1ccc(O)cc1
6.356189727783203|4.0218505859375|398.3976135253906|0.22081561646352477|1550.2765703554|0.0|2.0|0.0|InChI=1S/C10H19N2.C5H3N2/c1-3-4-5-6-7-12-9-8-11(2)10-12;6-4-5-2-1-3-7-5/h8-10H,3-7H2,1-2H3;1-3H/q+1;-1|CCCCCCn1cc[n+](C)c1.N#Cc1ccc[n-]1
2.9296600818634033|3.2643017768859863|237.9010772705078|0.00010451557473622676|1595.0184212796662|0.0|1.0|1.0|InChI=1S/C3H9N/c1-2-3-4/h2-4H2,1H3|CCCN
6.655707359313965|3.703476905822754|305.18634033203125|0.013460449194086904|2303.7309904542813|0.0|8.0|2.0|InChI=1S/C6H16N2O2.C2F6NO4S2.Li/c7-1-3-9-5-6-10-4-2-8;3-1(4,5)14(10,11)9-15(12,13)2(6,7)8;/h1-8H2;;/q;-1;+1|NCCOCCOCCN.O=S(=O)([N-]S(=O)(=O)C(F)(F)F)C(F)(F)F.[Li+]
4.741243839263916|3.731330633163452|254.18370056152344|0.006262746755127286|1904.0698431115663|0.0|1.0|1.0|InChI=1S/C10H18O/c1-5-10(4,11)8-6-7-9(2)3/h5,7,11H,1,6,8H2,2-4H3|C=CC(C)(O)CCC=C(C)C
4.227566719055176|3.56447696685791|257.8962707519531|0.0015377520355422723|3452.1336918847364|0.0|1.0|0.0|InChI=1S/C8H14O/c1-7(2)5-4-6-8(3)9/h5H,4,6H2,1-3H3|CC(=O)CCC=C(C)C
2.5259640216827393|3.754185199737549|294.21099853515625|0.0|0.0|0.0|0.0|0.0|InChI=1S/C3H6Cl2/c1-3(5)2-4/h3H,2H2,1H3|CC(Cl)CCl
7.877773284912109|3.161949396133423|234.90724182128906|0.00045523590032311794|2082.4252533116055|0.0|6.0|0.0|InChI=1S/C9H14O6/c1-6(10)13-4-9(15-8(3)12)5-14-7(2)11/h9H,4-5H2,1-3H3|CC(=O)OCC(COC(C)=O)OC(C)=O
6.9278364181518555|3.970200300216675|270.8403625488281|0.0013540552367983737|3204.0596166204928|0.0|1.0|1.0|InChI=1S/C17H36O/c1-2-3-4-5-6-7-8-9-10-11-12-13-14-15-16-17-18/h18H,2-17H2,1H3|CCCCCCCCCCCCCCCCCO
5.433646202087402|3.406818389892578|288.9825439453125|0.001278358715428018|3120.314162626717|0.0|3.0|0.0|InChI=1S/C8H12N2O3/c1-3-9-6(11)5-7(12)10(4-2)8(9)13/h3-5H2,1-2H3|CCN1C(=O)CC(=O)N(CC)C1=O
1.0|3.933610200881958|226.85296630859375|0.0|0.0|0.0|0.0|0.0|InChI=1S/Hg|[Hg]
14.634909629821777|4.232008457183838|282.7259826660156|0.009201347906922555|2312.6225058607997|0.0|3.0|0.0|InChI=1S/C32H68P.C3H2N3O2/c1-5-9-13-17-18-19-20-21-22-23-24-28-32-33(29-25-14-10-6-2,30-26-15-11-7-3)31-27-16-12-8-4;7-6(8)3-1-4-2-5-3/h5-32H2,1-4H3;1-2H/q+1;-1|CCCCCCCCCCCCCC[P+](CCCCCC)(CCCCCC)CCCCCC.O=[N+]([O-])c1cnc[n-]1
6.323799133300781|4.061163902282715|389.0638427734375|0.007734691441608428|2872.7319653813934|0.0|4.0|0.0|InChI=1S/C11H21N2.C2H2F4O3S/c1-3-4-5-6-7-8-13-10-9-12(2)11-13;3-1(4)2(5,6)10(7,8)9/h9-11H,3-8H2,1-2H3;1H,(H,7,8,9)/q+1;/p-1|CCCCCCCn1cc[n+](C)c1.O=S(=O)([O-])C(F)(F)C(F)F
1.7290953397750854|3.723843574523926|351.6869201660156|0.016241321260118284|2120.3028437000144|0.0|2.0|2.0|InChI=1S/C2H6O2/c3-1-2-4/h3-4H,1-2H2|OCCO
3.57894229888916|3.4083762168884277|337.1523132324219|0.0001392448172043295|4275.279551518011|0.0|2.0|0.0|InChI=1S/C5H9NO2/c7-5-6-1-3-8-4-2-6/h5H,1-4H2|O=CN1CCOCC1
4.546818256378174|3.028639793395996|207.3570098876953|0.5362805200940827|836.2508618577326|0.0|2.0|1.0|InChI=1S/C4H10O2/c1-2-6-4-3-5/h5H,2-4H2,1H3|CCOCCO
3.8544249534606934|4.5|271.1565856933594|0.014882388222021231|1191.1379638176477|0.0|4.0|3.0|InChI=1S/C17H38N4/c1-16(2)13-15(14-17(3,4)20-16)19-11-7-9-18-10-8-12-21(5)6/h15,18-20H,7-14H2,1-6H3|CN(C)CCCNCCCNC1CC(C)(C)NC(C)(C)C1
5.499248504638672|4.139503002166748|398.52392578125|0.0023822192801893024|1980.230459195714|0.0|5.0|0.0|InChI=1S/C8H15N2.C2H7O4P/c1-3-4-5-10-7-6-9(2)8-10;1-5-7(3,4)6-2/h6-8H,3-5H2,1-2H3;1-2H3,(H,3,4)/q+1;/p-1|CCCCn1cc[n+](C)c1.COP(=O)([O-])OC
6.191533088684082|4.158205986022949|360.10491943359375|0.0007135803911619772|2650.7873614927807|0.0|4.0|0.0|InChI=1S/C10H16N.C2F6NO4S2/c1-3-7-10-8-5-6-9-11(10)4-2;3-1(4,5)14(10,11)9-15(12,13)2(6,7)8/h5-6,8-9H,3-4,7H2,1-2H3;/q+1;-1|CCCc1cccc[n+]1CC.O=S(=O)([N-]S(=O)(=O)C(F)(F)F)C(F)(F)F
5.818938732147217|4.2736945152282715|398.3742370605469|0.001987570028504086|1998.0616001106316|0.0|5.0|0.0|InChI=1S/C8H18NO.C2F6NO4S2/c1-9(7-8-10-2)5-3-4-6-9;3-1(4,5)14(10,11)9-15(12,13)2(6,7)8/h3-8H2,1-2H3;/q+1;-1|COCC[N+]1(C)CCCC1.O=S(=O)([N-]S(=O)(=O)C(F)(F)F)C(F)(F)F
6.5302042961120605|3.8766307830810547|256.8039855957031|5.0707078379122475e-05|2691.1599343108687|0.0|2.0|0.0|InChI=1S/C15H28O2/c1-3-4-5-6-7-8-9-10-11-12-13-14-17-15(2)16/h10-11H,3-9,12-14H2,1-2H3/b11-10-|CCCCCCCC/C=C\CCCOC(C)=O
5.94045877456665|3.5180373191833496|271.1496276855469|0.005479526943955691|2210.9575888471945|0.0|2.0|0.0|InChI=1S/C9H17N2.N3/c1-4-5-6-11-8-7-10(3)9(11)2;1-3-2/h7-8H,4-6H2,1-3H3;/q+1;-1|CCCCn1cc[n+](C)c1C.[N]N=[N-]
3.6063232421875|3.572201728820801|310.4473876953125|0.5295094371160765|614.8345693166261|0.0|2.0|0.0|InChI=1S/C7H7NO2/c1-6-4-2-3-5-7(6)8(9)10/h2-5H,1H3|Cc1ccccc1[N+](=O)[O-]
3.1497585773468018|3.4718289375305176|278.56268310546875|0.027938701139225256|1955.0740266122798|0.0|2.0|2.0|InChI=1S/C4H10O2/c1-4(6)2-3-5/h4-6H,2-3H2,1H3|CC(O)CCO
4.886170387268066|3.6762619018554688|284.92108154296875|0.16275845552790646|2076.1402543263766|0.0|2.0|1.0|InChI=1S/C5H9NO.C4H8O2/c1-6-4-2-3-5(6)7;1-2-3-4(5)6/h2-4H2,1H3;2-3H2,1H3,(H,5,6)|CCCC(=O)O.CN1CCCC1=O
4.321656703948975|3.5555384159088135|313.6333923339844|0.016838183294025328|2822.71882557947|0.0|3.0|0.0|InChI=1S/C9H7NO2/c1-12-9(11)8-4-2-7(6-10)3-5-8/h2-5H,1H3|COC(=O)c1ccc(C#N)cc1
6.010030746459961|4.2977471351623535|387.7398681640625|0.00010048769060668705|3003.4183737464537|0.0|4.0|0.0|InChI=1S/C9H20N.C2F6NO4S2/c1-3-4-7-10(2)8-5-6-9-10;3-1(4,5)14(10,11)9-15(12,13)2(6,7)8/h3-9H2,1-2H3;/q+1;-1|CCCC[N+]1(C)CCCC1.O=S(=O)([N-]S(=O)(=O)C(F)(F)F)C(F)(F)F
5.23989725112915|4.108541965484619|410.10382080078125|0.04265553939278718|1500.7633253809704|0.0|4.0|2.0|InChI=1S/C7H13N2.C5H9NO4/c1-3-4-9-6-5-8(2)7-9;6-3(5(9)10)1-2-4(7)8/h5-7H,3-4H2,1-2H3;3H,1-2,6H2,(H,7,8)(H,9,10)/q+1;/p-1/t;3-/m.0/s1|CCCn1cc[n+](C)c1.N[C@@H](CCC(=O)[O-])C(=O)O
3.7881226539611816|3.534031391143799|244.71438598632812|0.0002272612657268568|2823.923132138071|0.0|1.0|1.0|InChI=1S/C6H14O/c1-4-6(3,7)5-2/h7H,4-5H2,1-3H3|CCC(C)(O)CC
1.9678561687469482|3.8117494583129883|321.0580749511719|0.0|0.0|0.0|0.0|0.0|InChI=1S/C2H5I/c1-2-3/h2H2,1H3|CCI
3.528628349304199|3.279381513595581|155.7584991455078|0.0003612452957794961|2436.734190041806|0.0|1.0|0.0|InChI=1S/C3F6O/c4-1(2(5,6)7)3(8,9)10-1|FC(F)(F)C1(F)OC1(F)F
2.530801296234131|3.398582935333252|192.53842163085938|0.0|0.0|0.0|0.0|0.0|InChI=1S/C2ClF3/c3-1(4)2(5)6|FC(F)=C(F)Cl
4.928323745727539|3.3144516944885254|266.929931640625|3.046186872496944e-05|823.4532039003225|0.0|1.0|0.0|InChI=1S/C9H10O/c1-2-9(10)8-6-4-3-5-7-8/h3-7H,2H2,1H3|CCC(=O)c1ccccc1
3.420738458633423|3.543898344039917|258.9371337890625|9.531531621760094e-05|408.60243017371795|0.0|1.0|0.0|InChI=1S/C6H10O/c1-5(2)4-6(3)7/h4H,1-3H3|CC(=O)C=C(C)C
2.2840230464935303|3.6757588386535645|268.4903869628906|0.0|0.0|0.0|0.0|0.0|InChI=1S/C5H8/c1-2-4-5-3-1/h1-2H,3-5H2|C1=CCCC1
3.407684087753296|3.3375210762023926|305.6966247558594|0.029698691311055424|1405.812895123996|0.0|3.0|0.0|InChI=1S/C2H7O3P/c1-4-6(3)5-2/h6H,1-2H3|CO[PH](=O)OC
2.457261323928833|3.2050721645355225|256.6204528808594|0.0|0.0|0.0|0.0|0.0|InChI=1S/CH2Cl2/c2-1-3/h1H2|ClCCl
3.869375467300415|3.551180124282837|325.2886657714844|0.002396074896469177|314.718088813493|0.0|2.0|2.0|InChI=1S/C4H9N.C2H4O2/c1-2-4-5-3-1;1-2(3)4/h5H,1-4H2;1H3,(H,3,4)|C1CCNC1.CC(=O)O
5.629049301147461|4.13379430770874|352.8604431152344|0.0026639387473919875|2349.6318095675274|0.0|4.0|0.0|InChI=1S/C9H20N.F2NO4S2/c1-3-4-7-10(2)8-5-6-9-10;1-8(4,5)3-9(2,6)7/h3-9H2,1-2H3;/q+1;-1|CCCC[N+]1(C)CCCC1.O=S(=O)(F)[N-]S(=O)(=O)F
3.7845516204833984|3.371546745300293|234.66461181640625|0.0017214756295809248|1473.7259760586453|0.0|2.0|0.0|InChI=1S/C5H10O2/c1-3-4-7-5(2)6/h3-4H2,1-2H3|CCCOC(C)=O
5.5785369873046875|3.414463520050049|242.85748291015625|0.001292232093252226|1074.5977994356808|0.0|4.0|0.0|InChI=1S/C6H15O4P/c1-4-8-11(7,9-5-2)10-6-3/h4-6H2,1-3H3|CCOP(=O)(OCC)OCC
5.603985786437988|3.7595012187957764|182.30345153808594|0.0|0.0|0.0|0.0|0.0|InChI=1S/C8F18/c9-1(10,3(13,14)5(17,18)7(21,22)23)2(11,12)4(15,16)6(19,20)8(24,25)26|FC(F)(F)C(F)(F)C(F)(F)C(F)(F)C(F)(F)C(F)(F)C(F)(F)C(F)(F)F
3.676642656326294|3.9861912727355957|242.41839599609375|0.012664896569259952|1350.0070803001433|0.0|1.0|1.0|InChI=1S/C8H16O2/c1-3-5-7(6-4-2)8(9)10/h7H,3-6H2,1-2H3,(H,9,10)|CCCC(CCC)C(=O)O
3.661972761154175|3.5669538974761963|171.5526123046875|0.38490801162236404|2195.3902260411896|0.0|1.0|1.0|InChI=1S/C6H15N/c1-2-3-4-5-6-7/h2-7H2,1H3|CCCCCCN
3.215104103088379|3.857520818710327|229.25559997558594|0.3696747637104374|431.1544033229308|0.0|1.0|1.0|InChI=1S/C6H15N/c1-5(2)7-6(3)4/h5-7H,1-4H3|CC(C)NC(C)C
5.439213275909424|3.6537444591522217|232.6903076171875|0.0020017978192333973|440.24134284291534|0.0|3.0|0.0|InChI=1S/C8H20O3Si/c1-5-9-12(8-4,10-6-2)11-7-3/h5-8H2,1-4H3|CCO[Si](CC)(OCC)OCC
13.689282417297363|4.5|312.41650390625|0.00030405698092313176|5000.0|0.0|8.0|0.0|InChI=1S/C41H76O8/c1-5-9-13-17-21-25-29-37(42)46-33-41(34-47-38(43)30-26-22-18-14-10-6-2,35-48-39(44)31-27-23-19-15-11-7-3)36-49-40(45)32-28-24-20-16-12-8-4/h5-36H2,1-4H3|CCCCCCCCC(=O)OCC(COC(=O)CCCCCCCC)(COC(=O)CCCCCCCC)COC(=O)CCCCCCCC
7.12699031829834|4.414145469665527|394.7510986328125|0.0017913197445352685|3203.8907607510605|0.0|4.0|0.0|InChI=1S/C13H28N.C2F6NO4S2/c1-3-4-5-6-7-8-11-14(2)12-9-10-13-14;3-1(4,5)14(10,11)9-15(12,13)2(6,7)8/h3-13H2,1-2H3;/q+1;-1|CCCCCCCC[N+]1(C)CCCC1.O=S(=O)([N-]S(=O)(=O)C(F)(F)F)C(F)(F)F
4.022993087768555|3.2573907375335693|304.97979736328125|0.0013410551906630178|1948.268331610168|0.0|1.0|1.0|InChI=1S/C6H5ClO/c7-5-1-3-6(8)4-2-5/h1-4,8H|Oc1ccc(Cl)cc1
4.183719635009766|3.8747949600219727|273.8561706542969|0.011190096893640847|2036.618360130184|0.0|3.0|1.0|InChI=1S/C8H18O3/c1-2-3-5-10-7-8-11-6-4-9/h9H,2-8H2,1H3|CCCCOCCOCCO
23.107473373413086|4.5|285.9041442871094|5.143134641697735e-08|5000.0|0.0|13.0|0.0|InChI=1S/C52H94O13/c1-7-13-19-25-31-45(53)60-39-51(40-61-46(54)32-26-20-14-8-2,41-62-47(55)33-27-21-15-9-3)37-59-38-52(42-63-48(56)34-28-22-16-10-4,43-64-49(57)35-29-23-17-11-5)44-65-50(58)36-30-24-18-12-6/h7-44H2,1-6H3|CCCCCCC(=O)OCC(COCC(COC(=O)CCCCCC)(COC(=O)CCCCCC)COC(=O)CCCCCC)(COC(=O)CCCCCC)COC(=O)CCCCCC
3.903644561767578|3.2698123455047607|275.5071105957031|0.010888588092331359|2195.610792979955|0.0|1.0|1.0|InChI=1S/C6H5FO/c7-5-1-3-6(8)4-2-5/h1-4,8H|Oc1ccc(F)cc1
6.38720178604126|2.913400888442993|239.3317108154297|0.023852873643780366|2318.401230512036|0.0|2.0|2.0|InChI=1S/C5H8O4/c6-4(7)2-1-3-5(8)9/h1-3H2,(H,6,7)(H,8,9)|O=C(O)CCCC(=O)O
11.11135482788086|3.873582124710083|241.23182678222656|0.08243428833793486|1310.7060738464097|0.0|6.0|2.0|InChI=1S/C16H36P.C6H15NO5S/c1-5-9-13-17(14-10-6-2,15-11-7-3)16-12-8-4;8-4-1-7(2-5-9)3-6-13(10,11)12/h5-16H2,1-4H3;8-9H,1-6H2,(H,10,11,12)/q+1;/p-1|CCCC[P+](CCCC)(CCCC)CCCC.O=S(=O)([O-])CCN(CCO)CCO
3.4253787994384766|3.5522923469543457|274.2878112792969|0.018565827403696063|1820.9079838910604|0.0|1.0|0.0|InChI=1S/C7H9N/c1-6-4-3-5-7(2)8-6/h3-5H,1-2H3|Cc1cccc(C)n1
3.748883008956909|3.9136698246002197|249.17691040039062|0.0031573563927264283|1556.4668089919921|0.0|1.0|0.0|InChI=1S/C8H18O/c1-4-5-6-9-7-8(2)3/h8H,4-7H2,1-3H3|CCCCOCC(C)C
2.80889630317688|3.5250742435455322|269.31109619140625|0.0|0.0|0.0|0.0|0.0|InChI=1S/C5H9F/c6-5-3-1-2-4-5/h5H,1-4H2|FC1CCCC1
7.0347819328308105|4.142786026000977|207.5785675048828|4.3019709067302624e-05|949.4186569767677|0.0|5.0|0.0|InChI=1S/C10H30O5Si5/c1-16(2)11-17(3,4)13-19(7,8)15-20(9,10)14-18(5,6)12-16/h1-10H3|C[Si]1(C)O[Si](C)(C)O[Si](C)(C)O[Si](C)(C)O[Si](C)(C)O1
4.614346504211426|3.61348295211792|266.2687683105469|0.001166229183781329|2937.5556777346133|0.0|2.0|1.0|InChI=1S/C8H11N.CH2O2/c1-6-4-7(2)9-8(3)5-6;2-1-3/h4-5H,1-3H3;1H,(H,2,3)|Cc1cc(C)nc(C)c1.O=CO
8.116424560546875|4.225218772888184|407.9795837402344|0.0013553425837256167|3039.2447459583423|0.0|4.0|0.0|InChI=1S/C17H24N.C2F6NO4S2/c1-2-3-4-5-6-9-13-18-14-12-16-10-7-8-11-17(16)15-18;3-1(4,5)14(10,11)9-15(12,13)2(6,7)8/h7-8,10-12,14-15H,2-6,9,13H2,1H3;/q+1;-1|CCCCCCCC[n+]1ccc2ccccc2c1.O=S(=O)([N-]S(=O)(=O)C(F)(F)F)C(F)(F)F
3.0327348709106445|3.7592031955718994|309.0364685058594|0.0|0.0|0.0|0.0|0.0|InChI=1S/C7H7Cl/c1-6-3-2-4-7(8)5-6/h2-5H,1H3|Cc1cccc(Cl)c1
4.154753684997559|3.5278372764587402|279.7951965332031|0.0|0.0|0.0|0.0|0.0|InChI=1S/C5H10BrCl/c6-4-2-1-3-5-7/h1-5H2|ClCCCCCBr
3.024864673614502|3.591860294342041|260.5951843261719|0.025944508820109315|847.1501572918945|0.0|1.0|0.0|InChI=1S/C4H10S/c1-3-5-4-2/h3-4H2,1-2H3|CCSCC
3.537580966949463|3.674360990524292|217.51283264160156|0.0026397985008732145|1509.7847133519542|0.0|1.0|0.0|InChI=1S/C6H14O/c1-5(2)7-6(3)4/h5-6H,1-4H3|CC(C)OC(C)C
3.1552913188934326|3.9896152019500732|282.9454040527344|0.0030096904060725915|2932.103513826291|0.0|1.0|1.0|InChI=1S/C7H16O/c1-2-3-4-5-6-7-8/h8H,2-7H2,1H3|CCCCCCCO
6.996559143066406|3.66636323928833|261.6876525878906|0.003213603857882869|2392.5154533725336|0.0|2.0|2.0|InChI=1S/C7H14O2.C5H13N3/c1-2-3-4-5-6-7(8)9;1-7(2)5(6)8(3)4/h2-6H2,1H3,(H,8,9);6H,1-4H3|CCCCCCC(=O)O.CN(C)C(=N)N(C)C
3.9129891395568848|3.850884199142456|237.3568878173828|0.06515683138725115|2187.615871156889|0.0|1.0|0.0|InChI=1S/C8H18O/c1-7(2)5-9-6-8(3)4/h7-8H,5-6H2,1-4H3|CC(C)COCC(C)C
4.17402458190918|3.6466050148010254|312.75836181640625|0.00025272791666175286|3477.969807734095|0.0|2.0|0.0|InChI=1S/C8H14O2/c1-2-4-7-5-3-6-8(9)10-7/h7H,2-6H2,1H3|CCCC1CCCC(=O)O1
5.600569248199463|4.127295017242432|389.8210144042969|0.002113026378302139|2056.6162685701324|0.0|5.0|1.0|InChI=1S/C7H10NO.C2F6NO4S2/c9-7-6-8-4-2-1-3-5-8;3-1(4,5)14(10,11)9-15(12,13)2(6,7)8/h1-5,9H,6-7H2;/q+1;-1|O=S(=O)([N-]S(=O)(=O)C(F)(F)F)C(F)(F)F.OCC[n+]1ccccc1
4.233716011047363|3.4864299297332764|375.769775390625|0.022321581492331773|435.6689208828377|0.0|3.0|1.0|InChI=1S/C4H6N2.C2H4O2/c1-6-3-2-5-4-6;1-2(3)4/h2-4H,1H3;1H3,(H,3,4)|CC(=O)O.Cn1ccnc1
11.233855247497559|4.021581649780273|358.5802001953125|4.408433036986633e-05|3668.754827960122|0.0|2.0|0.0|InChI=1S/C20H36N4.2BF4/c1-21-15-17-23(19-21)13-11-9-7-5-3-4-6-8-10-12-14-24-18-16-22(2)20-24;2*2-1(3,4)5/h15-20H,3-14H2,1-2H3;;/q+2;2*-1|C[n+]1ccn(CCCCCCCCCCCCn2cc[n+](C)c2)c1.F[B-](F)(F)F.F[B-](F)(F)F
3.4637787342071533|3.6575074195861816|287.4291076660156|0.004467472067331452|1208.1142884349101|0.0|2.0|2.0|InChI=1S/C4H12N2/c1-2-6-4-3-5/h6H,2-5H2,1H3|CCNCCN
3.237551689147949|4.200368881225586|422.28985595703125|0.0|0.0|0.0|0.0|0.0|InChI=1S/C14H10/c1-2-6-12-10-14-8-4-3-7-13(14)9-11(12)5-1/h1-10H|c1ccc2cc3ccccc3cc2c1
3.288482189178467|3.748683452606201|279.5998840332031|0.0006228015294363808|2308.458224075981|0.0|2.0|0.0|InChI=1S/C6H13NO/c1-2-7-3-5-8-6-4-7/h2-6H2,1H3|CCN1CCOCC1
4.0391716957092285|4.116489410400391|266.3609619140625|0.017930454536616326|1389.6890421083567|0.0|2.0|1.0|InChI=1S/C8H19N.CH2O2/c1-6-9(7(2)3)8(4)5;2-1-3/h7-8H,6H2,1-5H3;1H,(H,2,3)|CCN(C(C)C)C(C)C.O=CO
3.1479907035827637|4.39211368560791|375.0433349609375|0.0001841381905939122|558.0028160586323|0.0|3.0|2.0|InChI=1S/C4H11NO.C2H4O2/c1-5(2)3-4-6;1-2(3)4/h6H,3-4H2,1-2H3;1H3,(H,3,4)|CC(=O)O.CN(C)CCO
4.820448398590088|4.2002716064453125|370.80352783203125|0.001258582384732853|2159.274763678585|0.0|5.0|0.0|InChI=1S/C7H16NO.F2NO4S2/c1-8(7-9-2)5-3-4-6-8;1-8(4,5)3-9(2,6)7/h3-7H2,1-2H3;/q+1;-1|COC[N+]1(C)CCCC1.O=S(=O)(F)[N-]S(=O)(=O)F
5.616063117980957|4.377673149108887|426.30072021484375|0.0002515393399511947|3445.6829533175946|0.0|5.0|1.0|InChI=1S/C8H12NO.C2F6NO4S2/c10-8-4-7-9-5-2-1-3-6-9;3-1(4,5)14(10,11)9-15(12,13)2(6,7)8/h1-3,5-6,10H,4,7-8H2;/q+1;-1|O=S(=O)([N-]S(=O)(=O)C(F)(F)F)C(F)(F)F.OCCC[n+]1ccccc1
2.752779245376587|4.036126613616943|346.135009765625|0.8039543720504067|2066.96729424588|0.0|1.0|1.0|InChI=1S/C6H5Cl2N/c7-4-1-5(8)3-6(9)2-4/h1-3H,9H2|Nc1cc(Cl)cc(Cl)c1
4.108721733093262|3.622624635696411|191.7807159423828|0.006026478744706156|2168.893093568965|0.0|1.0|0.0|InChI=1S/C5H3F9O/c1-15-5(13,14)3(8,9)2(6,7)4(10,11)12/h1H3|COC(F)(F)C(F)(F)C(F)(F)C(F)(F)F
10.96402359008789|4.5|283.8849182128906|0.4032384271235833|4787.6261421978725|0.0|8.0|0.0|InChI=1S/C33H60O8/c1-9-13-17-25(5)29(34)38-21-33(22-39-30(35)26(6)18-14-10-2,23-40-31(36)27(7)19-15-11-3)24-41-32(37)28(8)20-16-12-4/h25-28H,9-24H2,1-8H3|CCCCC(C)C(=O)OCC(COC(=O)C(C)CCCC)(COC(=O)C(C)CCCC)COC(=O)C(C)CCCC
3.5254108905792236|3.6570231914520264|259.5111999511719|0.007314816789831301|2517.559580266343|0.0|1.0|1.0|InChI=1S/C6H14O/c1-2-3-4-5-6-7/h7H,2-6H2,1H3|CCCCCCO
3.789466619491577|3.300330638885498|202.7164306640625|0.0006504762857184585|2821.6807754218585|0.0|1.0|0.0|InChI=1S/C4H6F4O/c1-9-2-4(7,8)3(5)6/h3H,2H2,1H3|COCC(F)(F)C(F)F
5.448916912078857|4.06995153427124|400.69091796875|0.004585452492806328|1554.3790369505143|0.0|5.0|0.0|InChI=1S/C6H11N2.C4H11O4P/c1-3-8-5-4-7(2)6-8;1-3-7-9(5,6)8-4-2/h4-6H,3H2,1-2H3;3-4H2,1-2H3,(H,5,6)/q+1;/p-1|CCOP(=O)([O-])OCC.CCn1cc[n+](C)c1
11.75955867767334|3.80696439743042|245.45384216308594|0.0024132163236985547|3195.636486675568|0.0|4.0|0.0|InChI=1S/C26H50O4/c1-5-9-17-23(7-3)21-29-25(27)19-15-13-11-12-14-16-20-26(28)30-22-24(8-4)18-10-6-2/h23-24H,5-22H2,1-4H3|CCCCC(CC)COC(=O)CCCCCCCCC(=O)OCC(CC)CCCC
3.9225332736968994|2.867138147354126|157.8394012451172|0.9|1496.6939043186308|0.0|1.0|1.0|InChI=1S/C2HF3O2/c3-2(4,5)1(6)7/h(H,6,7)|O=C(O)C(F)(F)F
9.00056266784668|3.8813087940216064|248.86819458007812|0.0|0.0|0.0|0.0|0.0|InChI=1S/C21H44/c1-3-5-7-9-11-13-15-17-19-21-20-18-16-14-12-10-8-6-4-2/h3-21H2,1-2H3|CCCCCCCCCCCCCCCCCCCCC
14.973913192749023|4.31038236618042|286.52117919921875|0.0032605662425497406|1975.050667277845|0.0|3.0|0.0|InChI=1S/C32H68P.C4H4N3O2/c1-5-9-13-17-18-19-20-21-22-23-24-28-32-33(29-25-14-10-6-2,30-26-15-11-7-3)31-27-16-12-8-4;1-3-5-2-4(6-3)7(8)9/h5-32H2,1-4H3;2H,1H3/q+1;-1|CCCCCCCCCCCCCC[P+](CCCCCC)(CCCCCC)CCCCCC.Cc1ncc([N+](=O)[O-])[n-]1
6.219442367553711|4.112331867218018|368.59979248046875|0.00012036999588965846|3838.158419284571|0.0|4.0|0.0|InChI=1S/C8H12N.C2F6NO4S2/c1-3-9-6-4-8(2)5-7-9;3-1(4,5)14(10,11)9-15(12,13)2(6,7)8/h4-7H,3H2,1-2H3;/q+1;-1|CC[n+]1ccc(C)cc1.O=S(=O)([N-]S(=O)(=O)C(F)(F)F)C(F)(F)F
4.470261096954346|4.5|550.0|0.00246280428828809|2797.5113687379253|0.0|6.0|1.0|InChI=1S/C6H11N2O.C2F6NO4S2/c1-7-2-3-8(6-7)4-5-9;3-1(4,5)14(10,11)9-15(12,13)2(6,7)8/h2-3,6,9H,4-5H2,1H3;/q+1;-1|C[n+]1ccn(CCO)c1.O=S(=O)([N-]S(=O)(=O)C(F)(F)F)C(F)(F)F
3.890113592147827|3.8501603603363037|277.744873046875|0.0|0.0|0.0|0.0|0.0|InChI=1S/C10H16/c1-8(2)10-6-4-9(3)5-7-10/h4,7-8H,5-6H2,1-3H3|CC1=CCC(C(C)C)=CC1
9.592747688293457|3.9184083938598633|248.51730346679688|0.001355899995292211|3015.765268756763|0.0|3.0|0.0|InChI=1S/C13H28N.C8H19O3P/c1-3-4-5-6-7-8-11-14(2)12-9-10-13-14;1-2-3-4-5-6-7-8-11-12(9)10/h3-13H2,1-2H3;12H,2-8H2,1H3,(H,9,10)/q+1;/p-1|CCCCCCCCO[PH](=O)[O-].CCCCCCCC[N+]1(C)CCCC1
6.8563408851623535|3.633578300476074|271.87347412109375|0.026598828176150106|1258.5616568420746|0.0|2.0|0.0|InChI=1S/C11H18N.C2N3/c1-2-3-4-6-9-12-10-7-5-8-11-12;3-1-5-2-4/h5,7-8,10-11H,2-4,6,9H2,1H3;/q+1;-1|CCCCCC[n+]1ccccc1.N#C[N-]C#N
4.719379901885986|3.3322479724884033|271.7300720214844|0.0|0.0|0.0|0.0|0.0|InChI=1S/C7H7I/c1-6-4-2-3-5-7(6)8/h2-5H,1H3|Cc1ccccc1I
6.502530574798584|4.384235858917236|386.6485900878906|0.0002912101158647727|3352.077821685402|0.0|4.0|0.0|InChI=1S/C11H26N.C2F6NO4S2/c1-5-7-8-9-10-11-12(3,4)6-2;3-1(4,5)14(10,11)9-15(12,13)2(6,7)8/h5-11H2,1-4H3;/q+1;-1|CCCCCCC[N+](C)(C)CC.O=S(=O)([N-]S(=O)(=O)C(F)(F)F)C(F)(F)F
5.08286714553833|3.909167766571045|193.07675170898438|0.0|0.0|0.0|0.0|0.0|InChI=1S/C9F20/c10-1(4(13,14)9(27,28)29,2(11,5(15,16)17)6(18,19)20)3(12,7(21,22)23)8(24,25)26|FC(F)(F)C(F)(F)C(F)(C(F)(C(F)(F)F)C(F)(F)F)C(F)(C(F)(F)F)C(F)(F)F
2.6338136196136475|4.489462852478027|386.4443359375|0.004460140065011783|1414.369111588864|0.0|4.0|4.0|InChI=1S/C6H18N4/c7-1-3-9-5-6-10-4-2-8/h9-10H,1-8H2|NCCNCCNCCN
25.0|4.5|387.86993408203125|1.9141973621179384e-05|5000.0|0.0|14.0|0.0|InChI=1S/C58H122P2.2C20H38O7S/c1-7-13-19-25-35-43-51-59(52-44-36-26-20-14-8-2,53-45-37-27-21-15-9-3)57-49-41-33-31-32-34-42-50-58-60(54-46-38-28-22-16-10-4,55-47-39-29-23-17-11-5)56-48-40-30-24-18-12-6;2*1-5-9-11-16(7-3)14-26-19(21)13-18(28(23,24)25)20(22)27-15-17(8-4)12-10-6-2/h7-58H2,1-6H3;2*16-18H,5-15H2,1-4H3,(H,23,24,25)/q+2;;/p-2|CCCCC(CC)COC(=O)CC(C(=O)OCC(CC)CCCC)S(=O)(=O)[O-].CCCCC(CC)COC(=O)CC(C(=O)OCC(CC)CCCC)S(=O)(=O)[O-].CCCCCCCC[P+](CCCCCCCC)(CCCCCCCC)CCCCCCCCCC[P+](CCCCCCCC)(CCCCCCCC)CCCCCCCC
2.6477582454681396|3.804520845413208|264.18438720703125|0.0|0.0|0.0|0.0|0.0|InChI=1S/C6H12/c1-6-4-2-3-5-6/h6H,2-5H2,1H3|CC1CCCC1
3.4314324855804443|3.739171028137207|239.05563354492188|0.02928107834820413|1243.0016153700394|0.0|1.0|0.0|InChI=1S/C6H15N/c1-4-5-6-7(2)3/h4-6H2,1-3H3|CCCCN(C)C
3.1711463928222656|3.2094621658325195|174.52017211914062|0.0|0.0|0.0|0.0|0.0|InChI=1S/C3H2F4/c4-2-1-3(5,6)7/h1-2H/b2-1+|F/C=C/C(F)(F)F
7.429757595062256|3.706385374069214|246.87046813964844|0.00885613375945172|1440.730291580624|0.0|2.0|0.0|InChI=1S/C18H28O2/c1-6-13-20-18(19)14-17(5)12-8-11-16(4)10-7-9-15(2)3/h1,8,12,14-16H,7,9-11,13H2,2-5H3/b12-8+,17-14+|C#CCOC(=O)/C=C(C)/C=C/CC(C)CCCC(C)C
13.293135643005371|3.9079666137695312|248.08250427246094|0.08962709250288814|3492.4899589050724|0.0|7.0|0.0|InChI=1S/C14H27N2.3C5HF6O2.Ni/c1-3-4-5-6-7-8-9-10-11-16-13-12-15(2)14-16;3*6-4(7,8)2(12)1-3(13)5(9,10)11;/h12-14H,3-11H2,1-2H3;3*1H;/q+1;3*-1;+2|CCCCCCCCCCn1cc[n+](C)c1.O=C([CH-]C(=O)C(F)(F)F)C(F)(F)F.O=C([CH-]C(=O)C(F)(F)F)C(F)(F)F.O=C([CH-]C(=O)C(F)(F)F)C(F)(F)F.[Ni+2]
4.347434043884277|3.8956565856933594|270.3646240234375|0.0|0.0|0.0|0.0|0.0|InChI=1S/C12H18/c1-9(2)11-5-7-12(8-6-11)10(3)4/h5-10H,1-4H3|CC(C)c1ccc(C(C)C)cc1
3.0153255462646484|3.419140100479126|270.5357360839844|0.0094537280193646|2018.4963188996278|0.0|2.0|0.0|InChI=1S/C3H7NO2/c1-2-3-4(5)6/h2-3H2,1H3|CCC[N+](=O)[O-]
6.335196018218994|4.257791042327881|412.8934326171875|4.10756118802442e-05|3404.2356479029377|0.0|4.0|0.0|InChI=1S/C13H16N.C2F6NO4S2/c1-2-3-10-14-11-6-8-12-7-4-5-9-13(12)14;3-1(4,5)14(10,11)9-15(12,13)2(6,7)8/h4-9,11H,2-3,10H2,1H3;/q+1;-1|CCCC[n+]1cccc2ccccc21.O=S(=O)([N-]S(=O)(=O)C(F)(F)F)C(F)(F)F
4.9208574295043945|3.2773096561431885|275.6881408691406|0.06817274369917965|1627.1807389304936|0.0|4.0|3.0|InChI=1S/C4H11NO2.CH2O2/c5-1-3-7-4-2-6;2-1-3/h6H,1-5H2;1H,(H,2,3)|NCCOCCO.O=CO
3.728930711746216|4.346325874328613|386.4765319824219|0.001190084980819047|2022.1797162861544|0.0|2.0|1.0|InChI=1S/C7H14N3.F6P/c1-9-5-6-10(7-9)4-2-3-8;1-7(2,3,4,5)6/h5-7H,2-4,8H2,1H3;/q+1;-1|C[n+]1ccn(CCCN)c1.F[P-](F)(F)(F)(F)F
4.9115495681762695|3.9646177291870117|345.1917419433594|9.205005809314802e-05|1862.646307854797|0.0|1.0|0.0|InChI=1S/C8H15N2.F6P/c1-3-4-5-10-7-6-9(2)8-10;1-7(2,3,4,5)6/h6-8H,3-5H2,1-2H3;/q+1;-1|CCCCn1cc[n+](C)c1.F[P-](F)(F)(F)(F)F
3.2093136310577393|3.7899880409240723|307.41253662109375|0.0|0.0|0.0|0.0|0.0|InChI=1S/C10H8/c1-2-6-10-8-4-3-7-9(10)5-1/h1-8H/i1D,2D,3D,4D,5D,6D,7D,8D|[2H]c1c([2H])c([2H])c2c([2H])c([2H])c([2H])c([2H])c2c1[2H]
6.842588901519775|3.8941123485565186|357.0195617675781|0.006211038956863106|2641.7788424770088|0.0|5.0|0.0|InChI=1S/C12H23N2.CH4O4S/c1-3-4-5-6-7-8-9-14-11-10-13(2)12-14;1-5-6(2,3)4/h10-12H,3-9H2,1-2H3;1H3,(H,2,3,4)/q+1;/p-1|CCCCCCCCn1cc[n+](C)c1.COS(=O)(=O)[O-]
4.644949436187744|3.5929861068725586|198.12806701660156|0.024746147648739503|1868.7517356875744|0.0|1.0|0.0|InChI=1S/C6H6F8O/c1-15-2-4(9,10)6(13,14)5(11,12)3(7)8/h3H,2H2,1H3|COCC(F)(F)C(F)(F)C(F)(F)C(F)F
6.838870525360107|4.320420742034912|364.1006164550781|0.0003235861887719313|2301.6426530230583|0.0|4.0|0.0|InChI=1S/C11H26N.C2F6NO4S2/c1-5-7-8-9-11-12(3,4)10-6-2;3-1(4,5)14(10,11)9-15(12,13)2(6,7)8/h5-11H2,1-4H3;/q+1;-1|CCCCCC[N+](C)(C)CCC.O=S(=O)([N-]S(=O)(=O)C(F)(F)F)C(F)(F)F
4.965038776397705|3.3616011142730713|260.48724365234375|0.00015382079677044448|2913.537129525357|0.0|1.0|0.0|InChI=1S/C9H10O/c1-8(7-10)9-5-3-2-4-6-9/h2-8H,1H3|CC(C=O)c1ccccc1
4.757942199707031|4.081709384918213|330.2986755371094|0.0022053752398089846|2405.4324254921953|0.0|1.0|0.0|InChI=1S/C11H19N2.BrH/c1-3-5-7-12-9-10-13(11-12)8-6-4-2;/h3,9-11H,1,4-8H2,2H3;1H/q+1;/p-1|C=CCC[n+]1ccn(CCCC)c1.[Br-]
3.8965654373168945|3.6012752056121826|301.91424560546875|0.004083030804508694|2652.206587383454|0.0|3.0|0.0|InChI=1S/C8H8O3/c1-10-8(9)11-7-5-3-2-4-6-7/h2-6H,1H3|COC(=O)Oc1ccccc1
2.1862683296203613|3.7176296710968018|228.99371337890625|0.0|0.0|0.0|0.0|0.0|InChI=1S/C4H8/c1-4(2)3/h1H2,2-3H3|C=C(C)C
6.718613624572754|3.622279167175293|254.5830535888672|0.00810272475371178|3267.768124666413|0.0|4.0|0.0|InChI=1S/C12H22O4/c1-3-9-15-11(13)7-5-6-8-12(14)16-10-4-2/h3-10H2,1-2H3|CCCOC(=O)CCCCC(=O)OCCC
4.092832088470459|3.5878846645355225|176.96656799316406|0.0|0.0|0.0|0.0|0.0|InChI=1S/C5H2F10/c6-1(2(7)4(10,11)12)3(8,9)5(13,14)15/h1-2H/t1-,2-/m1/s1|F[C@H]([C@@H](F)C(F)(F)C(F)(F)F)C(F)(F)F
4.540860176086426|4.042717933654785|278.819091796875|0.00024695276198374616|836.2292851778866|0.0|3.0|1.0|InChI=1S/C8H16O3/c1-3-5-7(9)6-8(10)11-4-2/h7,9H,3-6H2,1-2H3|CCCC(O)CC(=O)OCC
4.033942699432373|3.505566358566284|289.145263671875|0.00010208404325086214|2686.597192715608|0.0|1.0|1.0|InChI=1S/C8H11N/c1-2-9-8-6-4-3-5-7-8/h3-7,9H,2H2,1H3|CCNc1ccccc1
6.340075492858887|3.6368706226348877|253.4917755126953|0.0037216309845244495|1957.3260216360454|0.0|4.0|0.0|InChI=1S/C11H20O4/c1-3-5-7-14-10(12)9-11(13)15-8-6-4-2/h3-9H2,1-2H3|CCCCOC(=O)CC(=O)OCCCC
4.154243469238281|3.9117021560668945|447.19384765625|0.0587154261504067|2211.528134083336|0.0|2.0|1.0|InChI=1S/C7H13N2.CH2O3/c1-3-4-9-6-5-8(2)7-9;2-1(3)4/h5-7H,3-4H2,1-2H3;(H2,2,3,4)/q+1;/p-1|CCCn1cc[n+](C)c1.O=C([O-])O
5.26200008392334|4.064094066619873|296.855224609375|0.000262533185332237|2554.7092486989413|0.0|3.0|2.0|InChI=1S/C5H10O2.C4H11NO/c1-2-3-4-5(6)7;1-5(2)3-4-6/h2-4H2,1H3,(H,6,7);6H,3-4H2,1-2H3|CCCCC(=O)O.CN(C)CCO
1.6475305557250977|4.485259532928467|365.8966369628906|0.004223139092626347|2042.0571489561075|0.0|2.0|1.0|InChI=1S/C4H11NO/c1-5(2)3-4-6/h6H,3-4H2,1-2H3|CN(C)CCO
6.103822708129883|4.1464924812316895|350.30255126953125|0.002055436760888263|3969.8465313756824|0.0|5.0|0.0|InChI=1S/C6H11N2.C4BF8O4/c1-3-8-5-4-7(2)6-8;6-3(7,8)1(14)16-5(12,13)17-2(15)4(9,10)11/h4-6H,3H2,1-2H3;/q+1;-1|CCn1cc[n+](C)c1.O=C(O[B-](F)(F)OC(=O)C(F)(F)F)C(F)(F)F
6.434314727783203|3.8250882625579834|254.2908935546875|0.0046232843941252525|1271.6134030580065|0.0|4.0|0.0|InChI=1S/C12H27O4P/c1-4-7-10-14-17(13,15-11-8-5-2)16-12-9-6-3/h4-12H2,1-3H3|CCCCOP(=O)(OCCCC)OCCCC
4.915564060211182|4.227001190185547|438.3349304199219|0.004221481751224497|2809.869323044523|0.0|4.0|0.0|InChI=1S/C6H11N2.C4HF9O3S/c1-3-8-5-4-7(2)6-8;5-1(6,3(9,10)11)2(7,8)4(12,13)17(14,15)16/h4-6H,3H2,1-2H3;(H,14,15,16)/q+1;/p-1|CCn1cc[n+](C)c1.O=S(=O)([O-])C(F)(F)C(F)(F)C(F)(F)C(F)(F)F
2.8305764198303223|3.810967206954956|348.2240295410156|0.014626318488912025|1580.7728447000247|0.0|2.0|1.0|InChI=1S/C6H8N2/c1-5-3-2-4-8-6(5)7/h2-4H,1H3,(H2,7,8)|Cc1cccnc1N
11.381094932556152|3.6412417888641357|239.76686096191406|0.006968956951768692|1567.977831207904|0.0|4.0|0.0|InChI=1S/C24H38O4/c1-5-9-13-19(7-3)17-27-23(25)21-15-11-12-16-22(21)24(26)28-18-20(8-4)14-10-6-2/h11-12,15-16,19-20H,5-10,13-14,17-18H2,1-4H3|CCCCC(CC)COC(=O)c1ccccc1C(=O)OCC(CC)CCCC
6.248621940612793|3.7915520668029785|268.0432434082031|0.016729693067200107|1261.3394686338493|0.0|2.0|0.0|InChI=1S/C10H22N.C2N3/c1-3-4-8-11(2)9-6-5-7-10-11;3-1-5-2-4/h3-10H2,1-2H3;/q+1;-1|CCCC[N+]1(C)CCCCC1.N#C[N-]C#N
2.438197612762451|4.202929496765137|407.786376953125|0.008524863376688478|2525.4622954113884|0.0|3.0|1.0|InChI=1S/C5H10O3/c1-4(3-6)5(7)8-2/h4,6H,3H2,1-2H3/t4-/m0/s1|COC(=O)[C@@H](C)CO
5.434051513671875|3.9399077892303467|408.9874572753906|7.853563112149074e-05|1035.077067557151|0.0|4.0|1.0|InChI=1S/C8H15N2.H2O4S/c1-3-4-5-10-7-6-9(2)8-10;1-5(2,3)4/h6-8H,3-5H2,1-2H3;(H2,1,2,3,4)/q+1;/p-1|CCCCn1cc[n+](C)c1.O=S(=O)([O-])O
7.167023181915283|3.4447951316833496|248.02040100097656|0.00504615112369521|2952.9078291075507|0.0|4.0|0.0|InChI=1S/C11H20O4/c1-14-10(12)8-6-4-3-5-7-9-11(13)15-2/h3-9H2,1-2H3|COC(=O)CCCCCCCC(=O)OC
6.006287574768066|3.5657057762145996|255.89259338378906|0.003765784760126247|2382.5148587295917|0.0|4.0|0.0|InChI=1S/C10H18O4/c1-3-5-7-13-9(11)10(12)14-8-6-4-2/h3-8H2,1-2H3|CCCCOC(=O)C(=O)OCCCC
2.131531000137329|2.7758073806762695|168.5133819580078|0.15242354673710984|1325.556905344302|0.0|1.0|0.0|InChI=1S/N2O/c1-2-3|[N-]=[N+]=O
3.3557050228118896|3.8275389671325684|288.3533630371094|0.0|0.0|0.0|0.0|0.0|InChI=1S/C9H12/c1-3-9-6-4-5-8(2)7-9/h4-7H,3H2,1-2H3|CCc1cccc(C)c1
1.5637964010238647|4.476845741271973|316.9968566894531|0.0005246530914766657|2892.9593731984187|0.0|1.0|1.0|InChI=1S/C3H3F5O/c4-2(5,1-9)3(6,7)8/h9H,1H2|OCC(F)(F)C(F)(F)F
5.0447678565979|4.170356750488281|328.1720886230469|0.0|0.0|0.0|0.0|0.0|InChI=1S/C18H14/c1-3-7-15(8-4-1)17-11-13-18(14-12-17)16-9-5-2-6-10-16/h1-14H/i1D,2D,3D,4D,5D,6D,7D,8D,9D,10D,11D,12D,13D,14D|[2H]c1c([2H])c([2H])c(-c2c([2H])c([2H])c(-c3c([2H])c([2H])c([2H])c([2H])c3[2H])c([2H])c2[2H])c([2H])c1[2H]
6.42139196395874|4.000405311584473|274.1468200683594|0.0006735441076858126|2182.2697564077134|0.0|3.0|0.0|InChI=1S/C9H20N.C4H11O3P/c1-3-4-7-10(2)8-5-6-9-10;1-2-3-4-7-8(5)6/h3-9H2,1-2H3;8H,2-4H2,1H3,(H,5,6)/q+1;/p-1|CCCCO[PH](=O)[O-].CCCC[N+]1(C)CCCC1
4.75148868560791|2.742043972015381|241.7832489013672|0.00010463291886779916|197.82398838688434|0.0|1.0|1.0|InChI=1S/C3H6O2/c1-2-3(4)5/h2H2,1H3,(H,4,5)|CCC(=O)O
5.256206512451172|3.8919992446899414|371.0694580078125|0.0015689206763377518|573.1286830047035|0.0|3.0|0.0|InChI=1S/C8H15N2O.C2H4O2/c1-3-9-4-5-10(8-9)6-7-11-2;1-2(3)4/h4-5,8H,3,6-7H2,1-2H3;1H3,(H,3,4)/q+1;/p-1|CC(=O)[O-].CC[n+]1ccn(CCOC)c1
3.4247663021087646|4.061074256896973|313.2312927246094|0.00019524848092145603|1052.9945620763524|0.0|3.0|1.0|InChI=1S/C6H12O3/c1-3-9-6(8)4-5(2)7/h5,7H,3-4H2,1-2H3|CCOC(=O)CC(C)O
16.981630325317383|4.007923126220703|256.4386901855469|0.0|0.0|0.0|0.0|0.0|InChI=1S/C36H74/c1-3-5-7-9-11-13-15-17-19-21-23-25-27-29-31-33-35-36-34-32-30-28-26-24-22-20-18-16-14-12-10-8-6-4-2/h3-36H2,1-2H3|CCCCCCCCCCCCCCCCCCCCCCCCCCCCCCCCCCCC
2.492922067642212|3.5019659996032715|273.6750793457031|0.0017972949745386961|2303.433805104023|0.0|1.0|0.0|InChI=1S/C4H8O/c1-2-4-5-3-1/h1-4H2|C1CCOC1
15.69454288482666|4.5|301.808837890625|6.737759881240445e-05|5000.0|0.0|4.0|0.0|InChI=1S/C32H68N.C10H16O4S/c1-5-9-13-17-18-19-20-21-22-23-24-28-32-33(29-25-14-10-6-2,30-26-15-11-7-3)31-27-16-12-8-4;1-9(2)7-3-4-10(9,8(11)5-7)6-15(12,13)14/h5-32H2,1-4H3;7H,3-6H2,1-2H3,(H,12,13,14)/q+1;/p-1/t;7-,10-/m.1/s1|CC1(C)[C@@H]2CC[C@@]1(CS(=O)(=O)[O-])C(=O)C2.CCCCCCCCCCCCCC[N+](CCCCCC)(CCCCCC)CCCCCC
4.039761066436768|3.541440725326538|298.9400939941406|0.00040360944688637863|2343.755941048133|0.0|1.0|1.0|InChI=1S/C6H4Cl2O/c7-4-1-2-5(8)6(9)3-4/h1-3,9H|Oc1cc(Cl)ccc1Cl
6.266412734985352|3.056915283203125|243.99644470214844|0.0009286169753697918|315.745172690669|0.0|3.0|3.0|InChI=1S/C3H9NO.C3H6O2/c1-4-2-3-5;1-2-3(4)5/h4-5H,2-3H2,1H3;2H2,1H3,(H,4,5)|CCC(=O)O.CNCCO
1.9990408420562744|4.48976469039917|360.986328125|0.00013994771586520828|3454.6513675667334|0.0|1.0|1.0|InChI=1S/C6H14O/c1-3-6(4-2)5-7/h6-7H,3-5H2,1-2H3|CCC(CC)CO
8.6406831741333|3.4497318267822266|239.2573699951172|0.03401483004861456|1979.3348871946919|0.0|7.0|5.0|InChI=1S/C6H7NO3S.C6H15NO3/c7-5-2-1-3-6(4-5)11(8,9)10;8-4-1-7(2-5-9)3-6-10/h1-4H,7H2,(H,8,9,10);8-10H,1-6H2|Nc1cccc(S(=O)(=O)O)c1.OCCN(CCO)CCO
4.022384166717529|3.708847761154175|290.9620666503906|0.00022084453007782787|207.19615550992805|0.0|2.0|1.0|InChI=1S/C4H11N.C2H4O2/c1-4-5(2)3;1-2(3)4/h4H2,1-3H3;1H3,(H,3,4)|CC(=O)O.CCN(C)C
4.107809543609619|3.5455193519592285|289.0101318359375|0.0|0.0|0.0|0.0|0.0|InChI=1S/C8H9Cl/c9-7-6-8-4-2-1-3-5-8/h1-5H,6-7H2|ClCCc1ccccc1
3.6794140338897705|3.688908576965332|291.9620056152344|0.03310657620237644|1803.287165962618|0.0|1.0|1.0|InChI=1S/C8H11N/c1-7(9)8-5-3-2-4-6-8/h2-7H,9H2,1H3/t7-/m0/s1|C[C@H](N)c1ccccc1
8.036983489990234|3.7239489555358887|222.2183380126953|4.673532955247258e-05|5000.0|0.0|3.0|2.0|InChI=1S/C13H30N.C6H14N2O2/c1-5-8-11-14(4,12-9-6-2)13-10-7-3;7-4-2-1-3-5(8)6(9)10/h5-13H2,1-4H3;5H,1-4,7-8H2,(H,9,10)/q+1;/p-1/t;5-/m.0/s1|CCCC[N+](C)(CCCC)CCCC.NCCCC[C@H](N)C(=O)[O-]
1.8602410554885864|3.355111598968506|276.06427001953125|0.0007911762276374376|1209.067725185623|0.0|1.0|1.0|InChI=1S/CH4S/c1-2/h2H,1H3|CS
5.113787651062012|4.454642295837402|523.872802734375|0.003660616955337624|2324.3066798095842|0.0|6.0|0.0|InChI=1S/C7H13N2O.C2F6NO4S2/c1-8-3-4-9(7-8)5-6-10-2;3-1(4,5)14(10,11)9-15(12,13)2(6,7)8/h3-4,7H,5-6H2,1-2H3;/q+1;-1|COCCn1cc[n+](C)c1.O=S(=O)([N-]S(=O)(=O)C(F)(F)F)C(F)(F)F
2.7861979007720947|4.1502604484558105|356.9432373046875|0.00514806396321383|1697.9799065677496|0.0|1.0|1.0|InChI=1S/C6H4Cl2O/c7-5-2-1-4(9)3-6(5)8/h1-3,9H|Oc1ccc(Cl)c(Cl)c1
4.209204196929932|4.110528469085693|325.2686462402344|0.0003256630657893109|368.7454622005993|0.0|1.0|0.0|InChI=1S/C12H22S/c1-3-7-11(8-4-1)13-12-9-5-2-6-10-12/h11-12H,1-10H2|C1CCC(SC2CCCCC2)CC1
4.72383451461792|4.164741039276123|351.540283203125|0.0014055551502966286|1573.1147966445667|0.0|3.0|1.0|InChI=1S/C6H5NO2.C5H14NO/c8-6(9)5-3-1-2-4-7-5;1-6(2,3)4-5-7/h1-4H,(H,8,9);7H,4-5H2,1-3H3/q;+1/p-1|C[N+](C)(C)CCO.O=C([O-])c1ccccn1
5.995987892150879|3.8184142112731934|253.046142578125|0.0|0.0|0.0|0.0|0.0|InChI=1S/C14H30/c1-3-5-7-9-11-13-14-12-10-8-6-4-2/h3-14H2,1-2H3|CCCCCCCCCCCCCC
3.0624120235443115|3.5438311100006104|304.27508544921875|0.004212127093214411|1952.2725898377994|0.0|1.0|0.0|InChI=1S/C6H8O/c7-6-4-2-1-3-5-6/h2,4H,1,3,5H2|O=C1C=CCCC1
3.7014846801757812|3.7700278759002686|287.1543884277344|0.0|0.0|0.0|0.0|0.0|InChI=1S/C10H16/c1-2-9-7-4-5-8(6-7)10(9)3-1/h7-10H,1-6H2|C1CC2C3CCC(C3)C2C1
7.632259368896484|4.5|550.0|0.027058608259702494|1907.7873988239871|0.0|10.0|0.0|InChI=1S/2C6H11N2.4CNS.Co/c2*1-3-8-5-4-7(2)6-8;4*2-1-3;/h2*4-6H,3H2,1-2H3;;;;;/q2*+1;4*-1;+2|CCn1cc[n+](C)c1.CCn1cc[n+](C)c1.[Co+2].[N-]=C=S.[N-]=C=S.[N-]=C=S.[N-]=C=S
4.283783912658691|3.283881425857544|195.94927978515625|0.004421322133469829|2645.357658040239|0.0|2.0|0.0|InChI=1S/C4H5F3O2/c1-2-9-3(8)4(5,6)7/h2H2,1H3|CCOC(=O)C(F)(F)F
6.64744234085083|3.9459056854248047|309.3685302734375|0.004250706533195596|1932.8393336418662|0.0|3.0|0.0|InChI=1S/C11H18N.CHF3O3S/c1-4-5-6-12-8-10(2)7-11(3)9-12;2-1(3,4)8(5,6)7/h7-9H,4-6H2,1-3H3;(H,5,6,7)/q+1;/p-1|CCCC[n+]1cc(C)cc(C)c1.O=S(=O)([O-])C(F)(F)F
9.016908645629883|4.086885452270508|416.72308349609375|0.17962328836768493|4117.58770549486|0.0|7.0|0.0|InChI=1S/C12H17N7.2C2N3/c1-3-17-6-7-19(11-17)9-12(14-15-13)8-18-5-4-16(2)10-18;2*3-1-5-2-4/h3-7,10-12H,1,8-9H2,2H3;;/q+2;2*-1|C=C[n+]1ccn(CC(Cn2cc[n+](C)c2)N=[N+]=[N-])c1.N#C[N-]C#N.N#C[N-]C#N
2.083946704864502|4.493681907653809|336.6998291015625|0.03430448618120068|1468.673273852072|0.0|1.0|1.0|InChI=1S/C7H15N/c1-8-7-5-3-2-4-6-7/h7-8H,2-6H2,1H3|CNC1CCCCC1
2.6498100757598877|3.890277147293091|303.6125793457031|0.0|0.0|0.0|0.0|0.0|InChI=1S/C4H9I/c1-4(2)3-5/h4H,3H2,1-2H3|CC(C)CI
5.796666145324707|3.9111673831939697|285.6407165527344|0.004480376359114809|2420.3888588379896|0.0|4.0|0.0|InChI=1S/C9H20N.CH4O4S/c1-3-4-7-10(2)8-5-6-9-10;1-5-6(2,3)4/h3-9H2,1-2H3;1H3,(H,2,3,4)/q+1;/p-1|CCCC[N+]1(C)CCCC1.COS(=O)(=O)[O-]
3.167848587036133|3.6108946800231934|259.18304443359375|0.003818231104598084|2582.778735210098|0.0|1.0|1.0|InChI=1S/C5H12O/c1-5(2)3-4-6/h5-6H,3-4H2,1-2H3|CC(C)CCO
2.820768117904663|3.5269954204559326|269.0741882324219|0.13152393263203915|1941.5822550702715|0.0|2.0|0.0|InChI=1S/C3H7NO2/c1-3(2)4(5)6/h3H,1-2H3|CC(C)[N+](=O)[O-]
11.051416397094727|3.7713825702667236|240.92727661132812|0.00033547251036263146|3958.180144212137|0.0|6.0|2.0|InChI=1S/C16H36N.C6H15NO5S/c1-5-9-13-17(14-10-6-2,15-11-7-3)16-12-8-4;8-4-1-7(2-5-9)3-6-13(10,11)12/h5-16H2,1-4H3;8-9H,1-6H2,(H,10,11,12)/q+1;/p-1|CCCC[N+](CCCC)(CCCC)CCCC.O=S(=O)([O-])CCN(CCO)CCO
4.726943016052246|3.6468732357025146|271.0945129394531|0.0015638892680380724|1781.8491863283093|0.0|2.0|0.0|InChI=1S/C8H14O2/c1-3-4-5-6-7-10-8(2)9/h4-5H,3,6-7H2,1-2H3/b5-4-|CC/C=C\CCOC(C)=O
4.083838939666748|3.874479055404663|327.2718505859375|0.03263305170681153|1236.5935648139164|0.0|2.0|1.0|InChI=1S/C10H14N2/c1-2-7-12-10(5-1)9-4-3-6-11-8-9/h3-4,6,8,10,12H,1-2,5,7H2|c1cncc(C2CCCCN2)c1
10.673622131347656|3.859436511993408|245.30078125|0.0|0.0|0.0|0.0|0.0|InChI=1S/C25H52/c1-3-5-7-9-11-13-15-17-19-21-23-25-24-22-20-18-16-14-12-10-8-6-4-2/h3-25H2,1-2H3|CCCCCCCCCCCCCCCCCCCCCCCCC
5.849362373352051|3.695835828781128|336.17608642578125|0.0027508170535755294|1963.42918243666|0.0|4.0|0.0|InChI=1S/C8H15N2.C3H2N3O2/c1-4-5-10-7-6-9(3)8(10)2;7-6(8)3-1-4-5-2-3/h6-7H,4-5H2,1-3H3;1-2H/q+1;-1|CCCn1cc[n+](C)c1C.O=[N+]([O-])c1cn[n-]c1
6.478662967681885|4.292262554168701|368.34075927734375|7.082916095637962e-05|4328.123156885135|0.0|4.0|0.0|InChI=1S/C12H20N.C2F6NO4S2/c1-4-6-9-13-10-12(5-2)8-7-11(13)3;3-1(4,5)14(10,11)9-15(12,13)2(6,7)8/h7-8,10H,4-6,9H2,1-3H3;/q+1;-1|CCCC[n+]1cc(CC)ccc1C.O=S(=O)([N-]S(=O)(=O)C(F)(F)F)C(F)(F)F
3.6615936756134033|3.3589389324188232|236.83090209960938|0.0004670744902001586|1821.9379046225977|0.0|2.0|0.0|InChI=1S/C5H8O2/c1-4(2)7-5(3)6/h1H2,2-3H3|C=C(C)OC(C)=O
5.842280387878418|4.08965539932251|393.7733459472656|1.773342605358897e-06|5000.0|0.0|5.0|0.0|InChI=1S/C8H15N2.C3H2BF2O4/c1-3-4-5-10-7-6-9(2)8-10;5-4(6)9-2(7)1-3(8)10-4/h6-8H,3-5H2,1-2H3;1H2/q+1;-1|CCCCn1cc[n+](C)c1.O=C1CC(=O)O[B-](F)(F)O1
2.5287046432495117|3.287060499191284|243.1593780517578|0.003213563281510408|1813.6222250787976|0.0|1.0|0.0|InChI=1S/C3H6O/c1-3-2-4-3/h3H,2H2,1H3|CC1CO1
4.091511249542236|3.4672484397888184|236.51596069335938|0.0016096221081597687|251.51241387522234|0.0|2.0|0.0|InChI=1S/C6H12O2/c1-3-5-8-6(7)4-2/h3-5H2,1-2H3|CCCOC(=O)CC
4.216418266296387|3.7792716026306152|340.987548828125|0.001981486463705328|532.8160295784077|0.0|1.0|0.0|InChI=1S/C13H8O/c14-13-11-7-3-1-5-9(11)10-6-2-4-8-12(10)13/h1-8H|O=C1c2ccccc2-c2ccccc21
3.0323572158813477|3.514934539794922|286.1297912597656|0.0495975609182997|1477.6331690009604|0.0|1.0|0.0|InChI=1S/C6H7N/c1-6-4-2-3-5-7-6/h2-5H,1H3|Cc1ccccn1
6.635953426361084|4.434685230255127|217.4813690185547|0.00028333972150016394|1507.7653526082136|0.0|4.0|0.0|InChI=1S/C12H36O4Si5/c1-17(2,3)13-19(7,8)15-21(11,12)16-20(9,10)14-18(4,5)6/h1-12H3|C[Si](C)(C)O[Si](C)(C)O[Si](C)(C)O[Si](C)(C)O[Si](C)(C)C
3.9647953510284424|3.633867025375366|253.63449096679688|0.004432121837819596|1217.6137356771876|0.0|2.0|0.0|InChI=1S/C6H14O2/c1-3-4-5-8-6-7-2/h3-6H2,1-2H3|CCCCOCOC
4.238636016845703|3.5874176025390625|262.43255615234375|0.010856911099181696|1183.5981534674854|0.0|2.0|0.0|InChI=1S/C8H14O2/c1-7(9)10-8-5-3-2-4-6-8/h8H,2-6H2,1H3|CC(=O)OC1CCCCC1
3.3361868858337402|3.511326551437378|268.862060546875|0.4046046211641165|2034.893922712479|0.0|1.0|1.0|InChI=1S/C6H6ClN/c7-5-2-1-3-6(8)4-5/h1-4H,8H2|Nc1cccc(Cl)c1
1.318744421005249|3.2436742782592773|90.2747573852539|0.0|0.0|0.0|0.0|0.0|InChI=1S/CO/c1-2|[C-]#[O+]
2.6147353649139404|3.925022840499878|254.03126525878906|0.00024722934785287017|2125.149458297659|0.0|2.0|2.0|InChI=1S/C5H14N2/c1-2-5(7)3-4-6/h5H,2-4,6-7H2,1H3|CCC(N)CCN
2.7969791889190674|3.8493032455444336|249.91104125976562|0.03904528428295728|2030.811619437606|0.0|2.0|1.0|InChI=1S/C5H12O2/c1-2-4-7-5-3-6/h6H,2-5H2,1H3|CCCOCCO
7.608657360076904|3.8850553035736084|275.1439208984375|0.008811329014505497|1279.879701390784|0.0|3.0|0.0|InChI=1S/C15H29N2.CHNS/c1-2-3-4-7-11-16-13-9-14-17-12-8-5-6-10-15(16)17;2-1-3/h2-14H2,1H3;3H/q+1;/p-1|CCCCCC[N+]1=C2CCCCCN2CCC1.N#C[S-]
5.365506649017334|3.927689552307129|355.2643127441406|0.1368142350628639|1717.1979680345712|0.0|2.0|0.0|InChI=1S/C8H15N2.C2HF3O2/c1-3-4-5-10-7-6-9(2)8-10;3-2(4,5)1(6)7/h6-8H,3-5H2,1-2H3;(H,6,7)/q+1;/p-1|CCCCn1cc[n+](C)c1.O=C([O-])C(F)(F)F
2.503140926361084|3.86216402053833|234.6879119873047|0.0|0.0|0.0|0.0|0.0|InChI=1S/C5H12/c1-4-5(2)3/h5H,4H2,1-3H3|CCC(C)C
24.612255096435547|4.5|461.468017578125|0.0|0.0|0.0|0.0|0.0|InChI=1S/2C32H68P.4ClH.Mn/c2*1-5-9-13-17-18-19-20-21-22-23-24-28-32-33(29-25-14-10-6-2,30-26-15-11-7-3)31-27-16-12-8-4;;;;;/h2*5-32H2,1-4H3;4*1H;/q2*+1;;;;;+2/p-4|CCCCCCCCCCCCCC[P+](CCCCCC)(CCCCCC)CCCCCC.CCCCCCCCCCCCCC[P+](CCCCCC)(CCCCCC)CCCCCC.[Cl-].[Cl-].[Cl-].[Cl-].[Mn+2]
6.900450706481934|4.359589576721191|390.2623596191406|0.0037518457600298747|2033.4109357480768|0.0|4.0|0.0|InChI=1S/C12H26N.C2F6NO4S2/c1-3-4-5-7-10-13(2)11-8-6-9-12-13;3-1(4,5)14(10,11)9-15(12,13)2(6,7)8/h3-12H2,1-2H3;/q+1;-1|CCCCCC[N+]1(C)CCCCC1.O=S(=O)([N-]S(=O)(=O)C(F)(F)F)C(F)(F)F
3.4199225902557373|4.0073347091674805|276.8807373046875|0.0|0.0|0.0|0.0|0.0|InChI=1S/C9H18/c1-7-4-5-8(2)9(3)6-7/h7-9H,4-6H2,1-3H3|CC1CCC(C)C(C)C1
2.922105073928833|3.370582103729248|239.47850036621094|0.0010123908365282743|1449.7266270576881|0.0|1.0|0.0|InChI=1S/C4H8O/c1-4(2)3-5-4/h3H2,1-2H3|CC1(C)CO1
9.446382522583008|4.3716230392456055|436.48736572265625|0.0001084724197532715|4342.114515052693|0.0|5.0|0.0|InChI=1S/C18H35N2.C2F6NO4S2/c1-3-4-5-6-7-8-9-10-11-12-13-14-15-20-17-16-19(2)18-20;3-1(4,5)14(10,11)9-15(12,13)2(6,7)8/h16-18H,3-15H2,1-2H3;/q+1;-1|CCCCCCCCCCCCCCn1cc[n+](C)c1.O=S(=O)([N-]S(=O)(=O)C(F)(F)F)C(F)(F)F
3.7969958782196045|3.3348541259765625|234.85848999023438|0.0012914689952522411|1795.492233111003|0.0|2.0|0.0|InChI=1S/C5H10O2/c1-4-3-6-5(2)7-4/h4-5H,3H2,1-2H3|CC1COC(C)O1
4.5026164054870605|3.7232139110565186|245.4644317626953|0.02666136248062136|2326.4666675731264|0.0|1.0|0.0|InChI=1S/C9H18O/c1-7(2)5-9(10)6-8(3)4/h7-8H,5-6H2,1-4H3|CC(C)CC(=O)CC(C)C
2.172689199447632|3.695685863494873|217.20724487304688|0.0|0.0|0.0|0.0|0.0|InChI=1S/CF3I/c2-1(3,4)5|FC(F)(F)I
3.74178409576416|3.871448278427124|313.2959899902344|0.0|0.0|0.0|0.0|0.0|InChI=1S/C12H10/c1-3-7-11(8-4-1)12-9-5-2-6-10-12/h1-10H/i1D,2D,3D,4D,5D,6D,7D,8D,9D,10D|[2H]c1c([2H])c([2H])c(-c2c([2H])c([2H])c([2H])c([2H])c2[2H])c([2H])c1[2H]
4.324897289276123|3.5383055210113525|233.19650268554688|0.00013541206530006807|2022.5105633790026|0.0|2.0|0.0|InChI=1S/C7H14O2/c1-4-9-7(8)5-6(2)3/h6H,4-5H2,1-3H3|CCOC(=O)CC(C)C
5.903215408325195|3.577908754348755|286.85650634765625|0.00010288882373069308|200.01841196570038|0.0|1.0|1.0|InChI=1S/C14H15N/c1-3-7-13(8-4-1)11-15-12-14-9-5-2-6-10-14/h1-10,15H,11-12H2|c1ccc(CNCc2ccccc2)cc1
8.446128845214844|3.9167838096618652|235.2725067138672|0.0|0.0|0.0|0.0|0.0|InChI=1S/C10H16N.C6F18P/c1-3-4-7-11-8-5-6-10(2)9-11;7-1(8,9)4(16,17)25(22,23,24,5(18,19)2(10,11)12)6(20,21)3(13,14)15/h5-6,8-9H,3-4,7H2,1-2H3;/q+1;-1|CCCC[n+]1cccc(C)c1.FC(F)(F)C(F)(F)[P-](F)(F)(F)(C(F)(F)C(F)(F)F)C(F)(F)C(F)(F)F
4.814417839050293|4.006545543670654|433.30810546875|0.059034953210485776|1979.1436524718636|0.0|4.0|0.0|InChI=1S/C8H12N3.C2N3/c1-10-6-7-11(8-10)5-3-2-4-9;3-1-5-2-4/h6-8H,2-3,5H2,1H3;/q+1;-1|C[n+]1ccn(CCCC#N)c1.N#C[N-]C#N
3.2099010944366455|3.5200772285461426|246.96023559570312|0.0001825235563167519|2711.51072520852|0.0|1.0|0.0|InChI=1S/C5H10O/c1-4(2)5(3)6/h4H,1-3H3|CC(=O)C(C)C
3.549163579940796|4.027968883514404|397.8766174316406|0.0|0.0|0.0|0.0|0.0|InChI=1S/C14H10/c1-3-7-13-11(5-1)9-10-12-6-2-4-8-14(12)13/h1-10H|c1ccc2c(c1)ccc1ccccc12
3.655484199523926|3.703085422515869|291.6320495605469|0.13472421818627886|1397.838601303741|0.0|1.0|0.0|InChI=1S/C6H11N3/c7-9-8-6-4-2-1-3-5-6/h6H,1-5H2|[N-]=[N+]=NC1CCCCC1
4.171897888183594|3.7509446144104004|309.7711181640625|0.0|0.0|0.0|0.0|0.0|InChI=1S/C12H8/c1-2-6-10-9(5-1)11-7-3-4-8-12(10)11/h1-8H|c1ccc2c(c1)-c1ccccc1-2
2.3131492137908936|3.4478726387023926|263.74102783203125|0.00010313719993742818|196.62887266483355|0.0|1.0|1.0|InChI=1S/C2H6S/c1-2-3/h3H,2H2,1H3|CCS
2.625483274459839|3.986882448196411|241.77792358398438|0.0|0.0|0.0|0.0|0.0|InChI=1S/C6H14/c1-5-6(2,3)4/h5H2,1-4H3|CCC(C)(C)C
4.466119766235352|4.134749889373779|445.4268493652344|0.021231495735912237|2584.937667827601|0.0|5.0|0.0|InChI=1S/C6H11N2.CH4O4S/c1-3-8-5-4-7(2)6-8;1-5-6(2,3)4/h4-6H,3H2,1-2H3;1H3,(H,2,3,4)/q+1;/p-1|CCn1cc[n+](C)c1.COS(=O)(=O)[O-]
5.826231002807617|4.229655742645264|374.3719177246094|0.3366933158297953|2140.02019374283|0.0|1.0|0.0|InChI=1S/C9H17N2.4ClH.In/c1-3-4-5-6-11-8-7-10(2)9-11;;;;;/h7-9H,3-6H2,1-2H3;4*1H;/q+1;;;;;+3/p-4|CCCCCn1cc[n+](C)c1.[Cl-].[Cl-].[Cl-].[Cl-].[In+3]
5.224342346191406|3.076723098754883|244.6152801513672|0.013330255433378674|2012.7534017051175|0.0|4.0|0.0|InChI=1S/C5H8O4/c1-8-4(6)3-5(7)9-2/h3H2,1-2H3|COC(=O)CC(=O)OC
9.304697036743164|3.813645839691162|268.4273376464844|0.0|0.0|0.0|0.0|0.0|InChI=1S/C23H40/c1-2-3-4-5-6-7-8-9-10-11-12-13-14-15-17-20-23-21-18-16-19-22-23/h16,18-19,21-22H,2-15,17,20H2,1H3|CCCCCCCCCCCCCCCCCc1ccccc1
5.834145545959473|4.0145416259765625|421.01300048828125|0.006317648624368018|2360.609905898389|0.0|4.0|0.0|InChI=1S/C10H19N2.CHF3O3S/c1-3-4-5-6-7-12-9-8-11(2)10-12;2-1(3,4)8(5,6)7/h8-10H,3-7H2,1-2H3;(H,5,6,7)/q+1;/p-1|CCCCCCn1cc[n+](C)c1.O=S(=O)([O-])C(F)(F)F
5.345037937164307|4.06593656539917|512.1421508789062|0.0007474339600987804|2861.8126378504476|0.0|6.0|2.0|InChI=1S/C7H12N2O3S.H2O4S/c1-8-4-5-9(7-8)3-2-6-13(10,11)12;1-5(2,3)4/h4-5,7H,2-3,6H2,1H3;(H2,1,2,3,4)|C[n+]1ccn(CCCS(=O)(=O)[O-])c1.O=S(=O)(O)O
4.407438278198242|3.9623920917510986|346.38677978515625|0.0011303777747671945|517.5460103741218|0.0|3.0|2.0|InChI=1S/C6H15N.H2O4S/c1-4-7(5-2)6-3;1-5(2,3)4/h4-6H2,1-3H3;(H2,1,2,3,4)|CCN(CC)CC.O=S(=O)(O)O
4.222737789154053|3.570880889892578|282.8363342285156|0.003768467051033281|2421.5863522484174|0.0|2.0|0.0|InChI=1S/C9H10O2/c1-2-11-9(10)8-6-4-3-5-7-8/h3-7H,2H2,1H3|CCOC(=O)c1ccccc1
3.6376523971557617|3.123490810394287|236.23838806152344|0.07400999108022131|1691.9186902041897|0.0|2.0|0.0|InChI=1S/C4H6O2/c1-3(5)4(2)6/h1-2H3|CC(=O)C(C)=O
3.667994976043701|3.7404682636260986|294.1238708496094|0.02581371861248643|2514.7251335103792|0.0|2.0|1.0|InChI=1S/C8H9NO2/c1-11-8(10)9-7-5-3-2-4-6-7/h2-6H,1H3,(H,9,10)|COC(O)=Nc1ccccc1
5.265674114227295|4.298421382904053|371.07373046875|0.011557938968264665|2205.3582900063657|0.0|7.0|3.0|InChI=1S/C4H12N2O.C2F6NO4S2.Li/c5-1-2-6-3-4-7;3-1(4,5)14(10,11)9-15(12,13)2(6,7)8;/h6-7H,1-5H2;;/q;-1;+1|NCCNCCO.O=S(=O)([N-]S(=O)(=O)C(F)(F)F)C(F)(F)F.[Li+]
3.089496374130249|3.6827306747436523|265.57037353515625|0.0038021959455354893|3173.595912537305|0.0|1.0|0.0|InChI=1S/C6H12O/c1-7-6-4-2-3-5-6/h6H,2-5H2,1H3|COC1CCCC1
3.4109530448913574|3.5032427310943604|284.32373046875|0.0005967469590033606|2614.6006625618493|0.0|1.0|0.0|InChI=1S/C7H8O/c1-8-7-5-3-2-4-6-7/h2-6H,1H3|COc1ccccc1
6.101437091827393|4.278809547424316|357.8232727050781|0.002779415749449722|3504.2705249092955|0.0|2.0|1.0|InChI=1S/C6F18P.C6H11N2O/c7-1(8,9)4(16,17)25(22,23,24,5(18,19)2(10,11)12)6(20,21)3(13,14)15;1-7-2-3-8(6-7)4-5-9/h;2-3,6,9H,4-5H2,1H3/q-1;+1|C[n+]1ccn(CCO)c1.FC(F)(F)C(F)(F)[P-](F)(F)(F)(C(F)(F)C(F)(F)F)C(F)(F)C(F)(F)F
9.494132041931152|2.7537426948547363|212.38804626464844|0.0013524453595022122|2351.2860417195943|0.0|1.0|0.0|InChI=1S/C6H5Cl2PS/c7-9(8,10)6-4-2-1-3-5-6/h1-5H|S=P(Cl)(Cl)c1ccccc1
8.055421829223633|3.9003963470458984|214.21913146972656|0.0014693498909330804|2831.795527850279|0.0|1.0|0.0|InChI=1S/C8H18NO.C6F18P/c1-9(7-8-10-2)5-3-4-6-9;7-1(8,9)4(16,17)25(22,23,24,5(18,19)2(10,11)12)6(20,21)3(13,14)15/h3-8H2,1-2H3;/q+1;-1|COCC[N+]1(C)CCCC1.FC(F)(F)C(F)(F)[P-](F)(F)(F)(C(F)(F)C(F)(F)F)C(F)(F)C(F)(F)F
6.933900356292725|3.821683645248413|328.0895690917969|0.024864573087176198|1814.2685109761271|0.0|3.0|1.0|InChI=1S/C12H23N2.C3H7NO2/c1-3-4-5-6-7-8-9-14-11-10-13(2)12-14;1-2(4)3(5)6/h10-12H,3-9H2,1-2H3;2H,4H2,1H3,(H,5,6)/q+1;/p-1/t;2-/m.0/s1|CCCCCCCCn1cc[n+](C)c1.C[C@H](N)C(=O)[O-]
2.573511838912964|3.838425397872925|256.21099853515625|0.0|0.0|0.0|0.0|0.0|InChI=1S/Cl4Si/c1-5(2,3)4|Cl[Si](Cl)(Cl)Cl
6.99591588973999|3.988530158996582|442.7225646972656|0.0002812040542604017|3456.8008059075687|0.0|6.0|2.0|InChI=1S/C11H20N2O3S.H2O4S/c1-2-3-6-12-8-9-13(11-12)7-4-5-10-17(14,15)16;1-5(2,3)4/h8-9,11H,2-7,10H2,1H3;(H2,1,2,3,4)|CCCC[n+]1ccn(CCCCS(=O)(=O)[O-])c1.O=S(=O)(O)O
3.5973150730133057|3.2190659046173096|178.21823120117188|0.0|0.0|0.0|0.0|0.0|InChI=1S/C3H2F6/c4-1(2(5)6)3(7,8)9/h1-2H|FC(F)C(F)C(F)(F)F
5.487785816192627|3.4853129386901855|276.71435546875|0.010111488717940235|2067.529057849132|0.0|2.0|1.0|InChI=1S/C11H14O3/c1-8(2)7-14-10-6-4-3-5-9(10)11(12)13/h3-6,8H,7H2,1-2H3,(H,12,13)|CC(C)COc1ccccc1C(=O)O
1.0877169370651245|4.493844985961914|435.1561279296875|0.0054018825508011055|2126.126179246815|0.0|2.0|2.0|InChI=1S/C2H7NO/c3-1-2-4/h4H,1-3H2|NCCO
3.855926275253296|4.055690765380859|388.6573791503906|0.0003082623253940723|1859.1228564478222|0.0|2.0|1.0|InChI=1S/C6H12N3.BF4/c1-8-4-5-9(6-8)3-2-7;2-1(3,4)5/h4-6H,2-3,7H2,1H3;/q+1;-1|C[n+]1ccn(CCN)c1.F[B-](F)(F)F
2.392972946166992|3.5737290382385254|227.27645874023438|0.0|0.0|0.0|0.0|0.0|InChI=1S/C4H8/c1-3-4-2/h3-4H,1-2H3/b4-3-|C/C=C\C
4.768520355224609|3.7131223678588867|202.21713256835938|0.008320077885681842|3137.4808055578064|0.0|1.0|1.0|InChI=1S/C6HF11O2/c7-2(8,1(18)19)3(9,10)4(11,12)5(13,14)6(15,16)17/h(H,18,19)|O=C(O)C(F)(F)C(F)(F)C(F)(F)C(F)(F)C(F)(F)F
3.4361002445220947|3.5094234943389893|317.76690673828125|0.9|197.55982952277955|0.0|1.0|1.0|InChI=1S/C6H6ClN/c7-5-3-1-2-4-6(5)8/h1-4H,8H2|Nc1ccccc1Cl
6.209973335266113|3.892366886138916|314.4732360839844|0.008826065868266246|2302.264405374258|0.0|1.0|0.0|InChI=1S/C13H25N2.BrH/c1-3-5-6-7-8-9-10-15-12-11-14(4-2)13-15;/h11-13H,3-10H2,1-2H3;1H/q+1;/p-1|CCCCCCCCn1cc[n+](CC)c1.[Br-]
3.134417772293091|4.090480327606201|297.1025390625|0.0|0.0|0.0|0.0|0.0|InChI=1S/C10H16/c1-7-8-4-5-9(6-8)10(7,2)3/h8-9H,1,4-6H2,2-3H3|C=C1C2CCC(C2)C1(C)C
4.046283721923828|4.169790267944336|485.9744567871094|0.007920266861897375|2214.1897895851907|0.0|4.0|0.0|InChI=1S/C6H11N2.CHF3O3S/c1-3-8-5-4-7(2)6-8;2-1(3,4)8(5,6)7/h4-6H,3H2,1-2H3;(H,5,6,7)/q+1;/p-1|CCn1cc[n+](C)c1.O=S(=O)([O-])C(F)(F)F
5.117086410522461|3.5318896770477295|291.7261657714844|0.022939743131571967|2729.904481007275|0.0|3.0|0.0|InChI=1S/C10H13NO2/c1-11(2)9-6-4-8(5-7-9)10(12)13-3/h4-7H,1-3H3|COC(=O)c1ccc(N(C)C)cc1
3.583136796951294|3.5668983459472656|307.88592529296875|0.03090941088917079|1855.042820679989|0.0|1.0|0.0|InChI=1S/C6H9NO/c1-2-7-5-3-4-6(7)8/h2H,1,3-5H2|C=CN1CCCC1=O
3.9702842235565186|3.4973676204681396|312.3045959472656|0.20789975963418222|4190.18226119448|0.0|3.0|0.0|InChI=1S/C6H4N4O2/c7-9-8-5-1-3-6(4-2-5)10(11)12/h1-4H|[N-]=[N+]=Nc1ccc([N+](=O)[O-])cc1
2.809039831161499|3.5089058876037598|288.4462890625|0.0020319636099284904|1880.2421790797446|0.0|1.0|0.0|InChI=1S/C5H8O/c1-4(6)5-2-3-5/h5H,2-3H2,1H3|CC(=O)C1CC1
4.2998809814453125|3.525498151779175|244.48110961914062|0.0009765615078356718|2084.005766072189|0.0|2.0|0.0|InChI=1S/C7H12O2/c1-3-5-6-9-7(8)4-2/h4H,2-3,5-6H2,1H3|C=CC(=O)OCCCC
3.126089572906494|3.822871685028076|288.81890869140625|0.0|0.0|0.0|0.0|0.0|InChI=1S/C5H11I/c1-5(2)3-4-6/h5H,3-4H2,1-2H3|CC(C)CCI
7.396518707275391|3.814384937286377|284.2668151855469|0.0018140205250630438|3525.4437750943957|0.0|1.0|1.0|InChI=1S/C18H30O2/c1-2-3-4-5-6-7-8-9-10-11-12-13-14-15-16-17-18(19)20/h6-7,9-10,12-13H,2-5,8,11,14-17H2,1H3,(H,19,20)/b7-6-,10-9-,13-12-|CCCCC/C=C\C/C=C\C/C=C\CCCCC(=O)O
6.456767559051514|3.802077054977417|251.32757568359375|0.0|0.0|0.0|0.0|0.0|InChI=1S/C15H32/c1-3-5-7-9-11-13-15-14-12-10-8-6-4-2/h3-15H2,1-2H3|CCCCCCCCCCCCCCC
2.787881374359131|3.4316115379333496|251.0823974609375|0.0016361768086088659|1702.1470857239547|0.0|1.0|0.0|InChI=1S/C5H6O/c1-5-3-2-4-6-5/h2-4H,1H3|Cc1ccco1
7.127823352813721|3.9585416316986084|345.86395263671875|0.00015046678560322647|3633.4918637926144|0.0|6.0|0.0|InChI=1S/C9H12NO2.C2F6NO4S2/c1-2-12-9(11)8-10-6-4-3-5-7-10;3-1(4,5)14(10,11)9-15(12,13)2(6,7)8/h3-7H,2,8H2,1H3;/q+1;-1|CCOC(=O)C[n+]1ccccc1.O=S(=O)([N-]S(=O)(=O)C(F)(F)F)C(F)(F)F
4.579305648803711|3.34932017326355|267.02386474609375|0.04508447171991877|1120.8615304123477|0.0|1.0|1.0|InChI=1S/C5H13N3/c1-7(2)5(6)8(3)4/h6H,1-4H3|CN(C)C(=N)N(C)C
4.416509628295898|3.889324188232422|281.2940979003906|0.0|0.0|0.0|0.0|0.0|InChI=1S/C12H18/c1-2-3-4-6-9-12-10-7-5-8-11-12/h5,7-8,10-11H,2-4,6,9H2,1H3|CCCCCCc1ccccc1
4.869746685028076|3.7955634593963623|331.8711242675781|0.005612427617421451|2769.5489061060007|0.0|2.0|1.0|InChI=1S/C10H13NO2/c1-3-13-10-6-4-9(5-7-10)11-8(2)12/h4-7H,3H2,1-2H3,(H,11,12)|CCOc1ccc(N=C(C)O)cc1
5.794445514678955|4.025204658508301|292.6087341308594|0.0|0.0|0.0|0.0|0.0|InChI=1S/C13H22N.ClH/c1-2-3-4-5-6-8-11-14-12-9-7-10-13-14;/h7,9-10,12-13H,2-6,8,11H2,1H3;1H/q+1;/p-1|CCCCCCCC[n+]1ccccc1.[Cl-]
3.2384564876556396|3.8233814239501953|245.22250366210938|0.0|0.0|0.0|0.0|0.0|InChI=1S/C7H14/c1-3-5-7-6-4-2/h3H,1,4-7H2,2H3|C=CCCCCC
3.254366874694824|3.4862661361694336|252.0305938720703|0.0030438716272286836|3383.5284385974796|0.0|1.0|0.0|InChI=1S/C5H10O/c1-3-4-5(2)6/h3-4H2,1-2H3|CCCC(C)=O
4.157031059265137|3.270540952682495|286.9147644042969|0.0005329623020757931|2600.3863065356495|0.0|1.0|1.0|InChI=1S/C7H8O/c1-6-2-4-7(8)5-3-6/h2-5,8H,1H3|Cc1ccc(O)cc1
7.143257141113281|3.274412155151367|219.24887084960938|6.396094605722623e-05|5000.0|0.0|4.0|0.0|InChI=1S/C7H11BrO4/c1-3-11-6(9)5(8)7(10)12-4-2/h5H,3-4H2,1-2H3|CCOC(=O)C(Br)C(=O)OCC
4.255836486816406|3.587045192718506|242.3433380126953|0.18892265446575593|1625.211338004098|0.0|2.0|0.0|InChI=1S/C7H14O2/c1-3-5-7(8)9-6-4-2/h3-6H2,1-2H3|CCCOC(=O)CCC
4.447504997253418|3.344921827316284|224.90391540527344|0.0007614466504602622|1431.8055037550778|0.0|3.0|0.0|InChI=1S/C6H12O3/c1-4-7-5(2)9-6(3)8-4/h4-6H,1-3H3|CC1OC(C)OC(C)O1
7.322052478790283|3.933474063873291|224.69448852539062|0.0|0.0|0.0|0.0|0.0|InChI=1S/C16H36N.BF4/c1-5-9-13-17(14-10-6-2,15-11-7-3)16-12-8-4;2-1(3,4)5/h5-16H2,1-4H3;/q+1;-1|CCCC[N+](CCCC)(CCCC)CCCC.F[B-](F)(F)F
3.8761003017425537|3.360644817352295|229.91357421875|6.088818434912262e-05|272.3460365795978|0.0|2.0|0.0|InChI=1S/C5H10O2/c1-3-5(6)7-4-2/h3-4H2,1-2H3|CCOC(=O)CC
5.03788423538208|3.5512144565582275|304.23876953125|0.0029620519062491003|1734.3288585852524|0.0|2.0|0.0|InChI=1S/C10H8ClNO2/c11-5-6-12-9(13)7-3-1-2-4-8(7)10(12)14/h1-4H,5-6H2|O=C1c2ccccc2C(=O)N1CCCl
1.5819405317306519|3.417942523956299|177.94654846191406|0.0|0.0|0.0|0.0|0.0|InChI=1S/C2H4/c1-2/h1-2H2|C=C
2.4433891773223877|3.5081987380981445|291.1735534667969|0.0|0.0|0.0|0.0|0.0|InChI=1S/C6H6/c1-2-4-6-5-3-1/h1-6H/i1D,2D,3D,4D,5D,6D|[2H]c1c([2H])c([2H])c([2H])c([2H])c1[2H]
4.287144184112549|3.7946715354919434|312.004638671875|0.0|0.0|0.0|0.0|0.0|InChI=1S/C13H12/c1-3-7-12(8-4-1)11-13-9-5-2-6-10-13/h1-10H,11H2|c1ccc(Cc2ccccc2)cc1
7.939288139343262|3.865638017654419|199.4878692626953|0.0013415500158753708|3083.4542830939904|0.0|1.0|0.0|InChI=1S/C7H18NO.C6F18P/c1-5-8(2,3)6-7-9-4;7-1(8,9)4(16,17)25(22,23,24,5(18,19)2(10,11)12)6(20,21)3(13,14)15/h5-7H2,1-4H3;/q+1;-1|CC[N+](C)(C)CCOC.FC(F)(F)C(F)(F)[P-](F)(F)(F)(C(F)(F)C(F)(F)F)C(F)(F)C(F)(F)F
7.570870399475098|4.155666828155518|335.1365966796875|0.0004166651871606355|3493.6482024627767|0.0|4.0|0.0|InChI=1S/C14H24N.C2F6NO4S2/c1-3-5-6-7-8-11-14-12-9-10-13-15(14)4-2;3-1(4,5)14(10,11)9-15(12,13)2(6,7)8/h9-10,12-13H,3-8,11H2,1-2H3;/q+1;-1|CCCCCCCc1cccc[n+]1CC.O=S(=O)([N-]S(=O)(=O)C(F)(F)F)C(F)(F)F
3.4600791931152344|4.140087604522705|346.0060119628906|0.000130337787049157|5000.0|0.0|1.0|0.0|InChI=1S/C12H18O/c1-8(13)12-5-9-2-10(6-12)4-11(3-9)7-12/h9-11H,2-7H2,1H3|CC(=O)C12CC3CC(CC(C3)C1)C2
7.583434581756592|3.6470916271209717|260.0086364746094|0.02598083248960078|2440.8779405537734|0.0|4.0|0.0|InChI=1S/C16H22O4/c1-11(2)9-19-15(17)13-7-5-6-8-14(13)16(18)20-10-12(3)4/h5-8,11-12H,9-10H2,1-4H3|CC(C)COC(=O)c1ccccc1C(=O)OCC(C)C
7.7779412269592285|4.094520568847656|287.60174560546875|0.002598680934597232|3240.7098141789934|0.0|1.0|0.0|InChI=1S/C10H19N2.C6F18P/c1-3-4-5-6-7-12-9-8-11(2)10-12;7-1(8,9)4(16,17)25(22,23,24,5(18,19)2(10,11)12)6(20,21)3(13,14)15/h8-10H,3-7H2,1-2H3;/q+1;-1|CCCCCCn1cc[n+](C)c1.FC(F)(F)C(F)(F)[P-](F)(F)(F)(C(F)(F)C(F)(F)F)C(F)(F)C(F)(F)F
6.392426013946533|4.2900261878967285|377.1636047363281|0.0003106418609438208|1812.7801086710624|0.0|4.0|0.0|InChI=1S/C11H24N.C2F6NO4S2/c1-3-4-6-9-12(2)10-7-5-8-11-12;3-1(4,5)14(10,11)9-15(12,13)2(6,7)8/h3-11H2,1-2H3;/q+1;-1|CCCCC[N+]1(C)CCCCC1.O=S(=O)([N-]S(=O)(=O)C(F)(F)F)C(F)(F)F
7.568920612335205|4.250831604003906|293.1094970703125|0.0009904356050446925|4433.165778709205|0.0|6.0|2.0|InChI=1S/C12H26O4S.C5H11NO2/c1-2-3-4-5-6-7-8-9-10-11-12-16-17(13,14)15;1-4(2)8-5(7)3-6/h2-12H2,1H3,(H,13,14,15);4H,3,6H2,1-2H3|CC(C)OC(=O)CN.CCCCCCCCCCCCOS(=O)(=O)O
5.0465474128723145|3.5991899967193604|260.9519348144531|0.01054874683429864|3672.9202727227866|0.0|4.0|0.0|InChI=1S/C8H16O4/c1-3-10-4-5-11-6-7-12-8(2)9/h3-7H2,1-2H3|CCOCCOCCOC(C)=O
4.232668876647949|3.624608278274536|292.8214416503906|0.0|0.0|0.0|0.0|0.0|InChI=1S/C9H11Cl/c10-8-4-7-9-5-2-1-3-6-9/h1-3,5-6H,4,7-8H2|ClCCCc1ccccc1
2.5831105709075928|4.452077388763428|355.44097900390625|0.01612878993724254|2320.7825020970918|0.0|2.0|1.0|InChI=1S/C10H12O2/c1-3-4-8-5-6-9(11)10(7-8)12-2/h3,5-7,11H,1,4H2,2H3|C=CCc1ccc(O)c(OC)c1
3.4065089225769043|3.2774572372436523|315.137939453125|0.017181564958383064|2449.5415808287535|0.0|3.0|0.0|InChI=1S/C4H6O3/c1-3-2-6-4(5)7-3/h3H,2H2,1H3/t3-/m0/s1|C[C@H]1COC(=O)O1
7.655768871307373|4.5|345.8758239746094|1.8614431507470138e-05|5000.0|0.0|6.0|1.0|InChI=1S/C15H31N3.C2F6NO4S2/c1-7-16(8-2)13-14(17(9-3)10-4)15(13)18(11-5)12-6;3-1(4,5)14(10,11)9-15(12,13)2(6,7)8/h16H,7-12H2,1-6H3;/q+1;-1|CCN(CC)[C]1C(N(CC)CC)=C1[NH+](CC)CC.O=S(=O)([N-]S(=O)(=O)C(F)(F)F)C(F)(F)F
1.5593945980072021|4.4866437911987305|396.11279296875|0.00418691247926115|2592.135293290975|0.0|2.0|2.0|InChI=1S/C4H10O2/c1-4(2-5)3-6/h4-6H,2-3H2,1H3|CC(CO)CO
3.7669057846069336|3.9453835487365723|379.4798278808594|0.001339934409570603|1457.844858200503|0.0|1.0|0.0|InChI=1S/C13H10O/c1-3-7-12-10(5-1)9-11-6-2-4-8-13(11)14-12/h1-8H,9H2|c1ccc2c(c1)Cc1ccccc1O2
5.079818248748779|3.803825855255127|262.7103576660156|0.0|0.0|0.0|0.0|0.0|InChI=1S/C10H21Cl/c1-2-3-4-5-6-7-8-9-10-11/h2-10H2,1H3|CCCCCCCCCCCl
5.193793773651123|4.16659688949585|414.321044921875|0.0005062777681226221|1808.3867528144192|0.0|5.0|0.0|InChI=1S/C6H11N2.C4H10O4S/c1-3-8-5-4-7(2)6-8;1-2-3-4-8-9(5,6)7/h4-6H,3H2,1-2H3;2-4H2,1H3,(H,5,6,7)/q+1;/p-1|CCCCOS(=O)(=O)[O-].CCn1cc[n+](C)c1
3.8714168071746826|4.185174465179443|429.7402038574219|0.9|1488.2866181691988|0.0|3.0|1.0|InChI=1S/C6H11N2O.C2HF3O2/c1-7-2-3-8(6-7)4-5-9;3-2(4,5)1(6)7/h2-3,6,9H,4-5H2,1H3;(H,6,7)/q+1;/p-1|C[n+]1ccn(CCO)c1.O=C([O-])C(F)(F)F
3.806919813156128|3.52479887008667|185.6553192138672|0.004908480339637067|1852.8230637566642|0.0|1.0|0.0|InChI=1S/C4H3F7O/c1-12-4(10,11)2(5,6)3(7,8)9/h1H3|COC(F)(F)C(F)(F)C(F)(F)F
4.476937770843506|4.148616790771484|320.7276611328125|0.00015281918369849682|584.7415555591971|0.0|3.0|2.0|InChI=1S/C4H11NO.C3H6O2/c1-5(2)3-4-6;1-2-3(4)5/h6H,3-4H2,1-2H3;2H2,1H3,(H,4,5)|CCC(=O)O.CN(C)CCO
3.665231227874756|3.4959769248962402|303.4806823730469|0.005105607090503722|3714.2056132022217|0.0|1.0|2.0|InChI=1S/C7H6FNO/c8-6-3-1-2-5(4-6)7(9)10/h1-4H,(H2,9,10)|N=C(O)c1cccc(F)c1
4.623556137084961|3.117399215698242|219.01837158203125|0.00043257216378418667|2581.3130514753466|0.0|2.0|0.0|InChI=1S/C5H9NO/c1-2-3-4-6-5-7/h2-4H2,1H3|CCCCN=C=O
5.895798206329346|3.469456672668457|251.43661499023438|0.00030995927471566895|1203.4997513063379|0.0|4.0|0.0|InChI=1S/C9H16O4/c1-3-12-8(10)6-5-7-9(11)13-4-2/h3-7H2,1-2H3|CCOC(=O)CCCC(=O)OCC
3.4792983531951904|3.9429595470428467|286.568603515625|0.0|0.0|0.0|0.0|0.0|InChI=1S/C10H14/c1-9(2)8-10-6-4-3-5-7-10/h3-7,9H,8H2,1-2H3|CC(C)Cc1ccccc1
3.691082239151001|4.269552707672119|320.31121826171875|0.0071607582344283185|244.91704587596809|0.0|3.0|1.0|InChI=1S/C9H20O3/c1-4-5-11-7-9(3)12-6-8(2)10/h8-10H,4-7H2,1-3H3|CCCOCC(C)OCC(C)O
5.701643943786621|3.6639766693115234|242.6758270263672|0.0010885964239081805|1219.2337849309542|0.0|2.0|0.0|InChI=1S/C11H22O2/c1-3-5-6-7-8-9-10-13-11(12)4-2/h3-10H2,1-2H3|CCCCCCCCOC(=O)CC
4.175848007202148|3.860105276107788|196.32418823242188|0.0|0.0|0.0|0.0|0.0|InChI=1S/C7F14/c8-1(7(19,20)21)2(9,10)4(13,14)6(17,18)5(15,16)3(1,11)12|FC(F)(F)C1(F)C(F)(F)C(F)(F)C(F)(F)C(F)(F)C1(F)F
4.003039836883545|3.9364638328552246|279.2485656738281|0.0025588948748340814|2906.9356060151276|0.0|1.0|1.0|InChI=1S/C9H20O/c1-2-3-4-5-6-7-8-9-10/h10H,2-9H2,1H3|CCCCCCCCCO
5.858747959136963|2.771242141723633|240.87191772460938|0.00010218137854184798|1735.0316582990972|0.0|3.0|1.0|InChI=1S/C4H8O3/c1-4(6)7-3-2-5/h5H,2-3H2,1H3|CC(=O)OCCO
4.2345499992370605|3.599825859069824|186.77871704101562|0.005192162111682773|2065.672982111942|0.0|1.0|0.0|InChI=1S/C5H3F9O/c1-15-5(13,14)2(6,3(7,8)9)4(10,11)12/h1H3|COC(F)(F)C(F)(C(F)(F)F)C(F)(F)F
2.290449380874634|4.319904804229736|414.17291259765625|0.00010175432136352836|3079.122191632918|0.0|3.0|1.0|InChI=1S/C6H13NO2/c8-4-1-7-2-5-9-6-3-7/h8H,1-6H2|OCCN1CCOCC1
5.0904541015625|4.124823093414307|430.3444519042969|0.0005860913567546781|3376.32720848574|0.0|5.0|4.0|InChI=1S/C7H17NO3S.H2O4S/c1-7(2)6-8-4-3-5-12(9,10)11;1-5(2,3)4/h7-8H,3-6H2,1-2H3,(H,9,10,11);(H2,1,2,3,4)|CC(C)CNCCCS(=O)(=O)O.O=S(=O)(O)O
2.5412936210632324|3.456686496734619|293.0288391113281|0.011668205910846203|2758.667375804465|0.0|1.0|0.0|InChI=1S/C4H5N/c5-3-4-1-2-4/h4H,1-2H2|N#CC1CC1
3.836395025253296|3.8802080154418945|393.8992919921875|0.010947831343969209|1853.587109214937|0.0|1.0|0.0|InChI=1S/C13H9N/c1-2-6-11-10(5-1)9-14-13-8-4-3-7-12(11)13/h1-9H|c1ccc2c(c1)cnc1ccccc12
4.687123775482178|3.8888931274414062|237.24899291992188|0.02739374418433358|3694.8589675013413|0.0|4.0|1.0|InChI=1S/C8H18O4/c1-2-10-5-6-12-8-7-11-4-3-9/h9H,2-8H2,1H3|CCOCCOCCOCCO
5.324115753173828|3.208158254623413|231.7309112548828|0.0022904345127551535|2725.273057524424|0.0|4.0|0.0|InChI=1S/C6H10O4/c1-4(7)9-6(3)10-5(2)8/h6H,1-3H3|CC(=O)OC(C)OC(C)=O
8.427522659301758|3.9570603370666504|357.0960388183594|0.0007055238440578389|3749.6651877659388|0.0|7.0|1.0|InChI=1S/C8H14N2O3S.C2F6NO4S2/c1-9-5-6-10(8-9)4-2-3-7-14(11,12)13;3-1(4,5)14(10,11)9-15(12,13)2(6,7)8/h5-6,8H,2-4,7H2,1H3;/q;-1/p+1|C[N+]1=C[NH+](CCCCS(=O)(=O)[O-])C=C1.O=S(=O)([N-]S(=O)(=O)C(F)(F)F)C(F)(F)F
5.922269821166992|3.683924674987793|254.72653198242188|0.0007384019051341287|3129.176014550546|0.0|4.0|0.0|InChI=1S/C12H22O4/c1-11(2,3)15-9(13)7-8-10(14)16-12(4,5)6/h7-8H2,1-6H3|CC(C)(C)OC(=O)CCC(=O)OC(C)(C)C
7.331699371337891|3.784761667251587|257.0201110839844|0.1901796640343525|3529.992950121306|0.0|7.0|0.0|InChI=1S/C14H22N4O3/c1-3-17(13-15-1)5-7-19-9-11-21-12-10-20-8-6-18-4-2-16-14-18/h1-4,13-14H,5-12H2|c1cn(CCOCCOCCOCCn2ccnc2)cn1
4.742575168609619|3.455927610397339|240.02821350097656|0.0323934287814815|1528.8018719648448|0.0|2.0|0.0|InChI=1S/C7H14O2/c1-7(2,3)5-6(8)9-4/h5H2,1-4H3|COC(=O)CC(C)(C)C
7.095160961151123|4.145259380340576|355.95587158203125|0.00010461723857283182|3918.050507836586|0.0|5.0|0.0|InChI=1S/C11H19N2.C2F6NO4S2/c1-4-5-8-13-9-6-11(7-10-13)12(2)3;3-1(4,5)14(10,11)9-15(12,13)2(6,7)8/h6-7,9-10H,4-5,8H2,1-3H3;/q+1;-1|CCCCn1ccc(=[N+](C)C)cc1.O=S(=O)([N-]S(=O)(=O)C(F)(F)F)C(F)(F)F
4.336941242218018|3.65360689163208|249.85372924804688|0.0006837195023237045|2266.4055226675464|0.0|2.0|0.0|InChI=1S/C8H14O2/c1-4-5-6-10-8(9)7(2)3/h2,4-6H2,1,3H3|C=C(C)C(=O)OCCCC
3.653965473175049|3.5109691619873047|316.00653076171875|0.006165976556895399|1305.881755462484|0.0|1.0|1.0|InChI=1S/C6H7N.ClH/c7-6-4-2-1-3-5-6;/h1-5H,7H2;1H|Cl.Nc1ccccc1
17.58517837524414|4.064451217651367|259.82073974609375|0.0|0.0|0.0|0.0|0.0|InChI=1S/C37H76/c1-3-5-7-9-11-13-15-17-19-21-23-25-27-29-31-33-35-37-36-34-32-30-28-26-24-22-20-18-16-14-12-10-8-6-4-2/h3-37H2,1-2H3|CCCCCCCCCCCCCCCCCCCCCCCCCCCCCCCCCCCCC
8.97524356842041|3.901935577392578|250.27784729003906|0.00023021190620414828|2855.2499375474004|0.0|2.0|0.0|InChI=1S/C21H40O2/c1-3-4-5-6-7-8-9-10-11-12-13-14-15-16-17-18-19-20-21(22)23-2/h10-11H,3-9,12-20H2,1-2H3/b11-10-|CCCCCCCC/C=C\CCCCCCCCCC(=O)OC
3.3047988414764404|3.4529876708984375|249.40599060058594|0.0|0.0|0.0|0.0|0.0|InChI=1S/C6H2F4/c7-3-1-2-4(8)6(10)5(3)9/h1-2H|Fc1ccc(F)c(F)c1F
8.737616539001465|4.039048194885254|280.2289123535156|0.00040872918734304124|3990.1489073777125|0.0|6.0|2.0|InChI=1S/C12H26O4S.C6H13NO2/c1-2-3-4-5-6-7-8-9-10-11-12-16-17(13,14)15;1-5(2)4-9-6(8)3-7/h2-12H2,1H3,(H,13,14,15);5H,3-4,7H2,1-2H3|CC(C)COC(=O)CN.CCCCCCCCCCCCOS(=O)(=O)O
3.8070602416992188|4.219432830810547|310.1280212402344|0.005569246518483101|1818.523405073785|0.0|3.0|1.0|InChI=1S/C7H18N2O/c1-8(2)4-5-9(3)6-7-10/h10H,4-7H2,1-3H3|CN(C)CCN(C)CCO
9.968160629272461|4.087924957275391|254.0474395751953|0.020414681239213767|2499.0993286239122|0.0|1.0|0.0|InChI=1S/C25H54N.C2HF3O2/c1-5-8-11-14-17-20-23-26(4,24-21-18-15-12-9-6-2)25-22-19-16-13-10-7-3;3-2(4,5)1(6)7/h5-25H2,1-4H3;(H,6,7)/q+1;/p-1|CCCCCCCC[N+](C)(CCCCCCCC)CCCCCCCC.O=C([O-])C(F)(F)F
3.1957919597625732|4.386638641357422|317.81329345703125|0.007216314758404709|2554.382491315364|0.0|3.0|3.0|InChI=1S/C6H15NO.CH2O2/c1-2-3-4-7-5-6-8;2-1-3/h7-8H,2-6H2,1H3;1H,(H,2,3)|CCCCNCCO.O=CO
11.51861572265625|4.5|550.0|2.7110880063767266e-05|5000.0|0.0|10.0|0.0|InChI=1S/C20H36N4.2C2F6NO4S2/c1-21-15-17-23(19-21)13-11-9-7-5-3-4-6-8-10-12-14-24-18-16-22(2)20-24;2*3-1(4,5)14(10,11)9-15(12,13)2(6,7)8/h15-20H,3-14H2,1-2H3;;/q+2;2*-1|C[n+]1ccn(CCCCCCCCCCCCn2cc[n+](C)c2)c1.O=S(=O)([N-]S(=O)(=O)C(F)(F)F)C(F)(F)F.O=S(=O)([N-]S(=O)(=O)C(F)(F)F)C(F)(F)F
8.588547706604004|4.076199531555176|234.08688354492188|0.033408905086904674|425.0736869439586|0.0|2.0|1.0|InChI=1S/C16H36P.C5H11NO2/c1-5-9-13-17(14-10-6-2,15-11-7-3)16-12-8-4;1-3(2)4(6)5(7)8/h5-16H2,1-4H3;3-4H,6H2,1-2H3,(H,7,8)/q+1;/p-1/t;4-/m.0/s1|CC(C)[C@H](N)C(=O)[O-].CCCC[P+](CCCC)(CCCC)CCCC
3.1479787826538086|4.063380241394043|316.38616943359375|0.0|0.0|0.0|0.0|0.0|InChI=1S/C10H16/c1-2-9-7-4-5-8(6-7)10(9)3-1/h7-10H,1-6H2/t7-,8+,9+,10-|C1C[C@@H]2[C@H]3CC[C@H](C3)[C@@H]2C1
2.7155678272247314|3.790680408477783|237.25692749023438|0.0|0.0|0.0|0.0|0.0|InChI=1S/C2Cl3F3/c3-1(4,5)2(6,7)8|FC(F)(F)C(Cl)(Cl)Cl
4.380972862243652|3.81966233253479|277.1558532714844|0.004143549322572684|1672.1700086483747|0.0|3.0|1.0|InChI=1S/C8H16O3/c1-3-4-5-6-11-8(10)7(2)9/h7,9H,3-6H2,1-2H3|CCCCCOC(=O)C(C)O
5.906640529632568|4.3077497482299805|370.0304870605469|0.0008504548464331172|2485.4460397789885|0.0|5.0|0.0|InChI=1S/C8H20NO.C2F6NO4S2/c1-5-9(3,6-2)7-8-10-4;3-1(4,5)14(10,11)9-15(12,13)2(6,7)8/h5-8H2,1-4H3;/q+1;-1|CC[N+](C)(CC)CCOC.O=S(=O)([N-]S(=O)(=O)C(F)(F)F)C(F)(F)F
8.383505821228027|3.964310884475708|236.56602478027344|0.0|0.0|0.0|0.0|0.0|InChI=1S/C9H14N.C6F18P/c1-2-3-7-10-8-5-4-6-9-10;7-1(8,9)4(16,17)25(22,23,24,5(18,19)2(10,11)12)6(20,21)3(13,14)15/h4-6,8-9H,2-3,7H2,1H3;/q+1;-1|CCCC[n+]1ccccc1.FC(F)(F)C(F)(F)[P-](F)(F)(F)(C(F)(F)C(F)(F)F)C(F)(F)C(F)(F)F
4.945422649383545|3.522618293762207|271.4027099609375|0.00016357654724407365|2704.6883086647354|0.0|2.0|0.0|InChI=1S/C10H12O2/c1-2-12-10(11)8-9-6-4-3-5-7-9/h3-7H,2,8H2,1H3|CCOC(=O)Cc1ccccc1
9.370931625366211|4.271068096160889|365.1013488769531|0.008121625035017609|1872.566864000399|0.0|4.0|0.0|InChI=1S/C18H32N.C2F6NO4S2/c1-5-7-9-11-13-19-15-16(3)14-17(4)18(19)12-10-8-6-2;3-1(4,5)14(10,11)9-15(12,13)2(6,7)8/h14-15H,5-13H2,1-4H3;/q+1;-1|CCCCCC[n+]1cc(C)cc(C)c1CCCCC.O=S(=O)([N-]S(=O)(=O)C(F)(F)F)C(F)(F)F
4.29118013381958|2.4953994750976562|131.00233459472656|0.0|0.0|0.0|0.0|0.0|InChI=1S/C2HF3/c3-1-2(4)5/h1H|FC=C(F)F
5.002555847167969|3.839215040206909|273.0660705566406|0.0|0.0|0.0|0.0|0.0|InChI=1S/C13H20/c1-2-3-4-5-7-10-13-11-8-6-9-12-13/h6,8-9,11-12H,2-5,7,10H2,1H3|CCCCCCCc1ccccc1
13.038715362548828|4.201368808746338|262.1025695800781|0.0017434319887530078|2818.607598483584|0.0|3.0|0.0|InChI=1S/C26H56P.C3H2F6O3S/c1-5-9-13-14-15-16-17-18-19-20-21-22-26-27(23-10-6-2,24-11-7-3)25-12-8-4;4-1(2(5,6)7)3(8,9)13(10,11)12/h5-26H2,1-4H3;1H,(H,10,11,12)/q+1;/p-1|CCCCCCCCCCCCCC[P+](CCCC)(CCCC)CCCC.O=S(=O)([O-])C(F)(F)C(F)C(F)(F)F
5.054329872131348|3.963696241378784|277.40423583984375|0.0006883666392595397|3185.883249315142|0.0|4.0|0.0|InChI=1S/C7H18N.CH4O4S/c1-5-8(4,6-2)7-3;1-5-6(2,3)4/h5-7H2,1-4H3;1H3,(H,2,3,4)/q+1;/p-1|CC[N+](C)(CC)CC.COS(=O)(=O)[O-]
5.497134208679199|4.308694362640381|234.68055725097656|0.0038829506670586974|3222.8297346922045|0.0|1.0|1.0|InChI=1S/C11HF21O2/c12-2(13,1(33)34)3(14,15)4(16,17)5(18,19)6(20,21)7(22,23)8(24,25)9(26,27)10(28,29)11(30,31)32/h(H,33,34)|O=C(O)C(F)(F)C(F)(F)C(F)(F)C(F)(F)C(F)(F)C(F)(F)C(F)(F)C(F)(F)C(F)(F)C(F)(F)F
3.4810373783111572|3.7931816577911377|239.3766632080078|0.0|0.0|0.0|0.0|0.0|InChI=1S/C7H16/c1-3-5-7-6-4-2/h3-7H2,1-2H3|CCCCCCC
2.9927663803100586|3.613786458969116|290.6673278808594|0.0|0.0|0.0|0.0|0.0|InChI=1S/C6H4ClF/c7-5-2-1-3-6(8)4-5/h1-4H|Fc1cccc(Cl)c1
5.454458236694336|3.7005608081817627|250.57745361328125|0.004342841613564489|2352.2388501498453|0.0|2.0|0.0|InChI=1S/C12H20O2/c1-6-12(5,14-11(4)13)9-7-8-10(2)3/h6,8H,1,7,9H2,2-5H3|C=CC(C)(CCC=C(C)C)OC(C)=O
5.044466972351074|3.912609338760376|300.16314697265625|0.0|0.0|0.0|0.0|0.0|InChI=1S/C16H18/c1-16(2,3)15-11-9-14(10-12-15)13-7-5-4-6-8-13/h4-12H,1-3H3|CC(C)(C)c1ccc(-c2ccccc2)cc1
5.367882251739502|3.794015884399414|278.9013671875|0.001818011333236631|2620.505218145887|0.0|3.0|0.0|InChI=1S/C7H16NO.C2N3/c1-3-8(2)4-6-9-7-5-8;3-1-5-2-4/h3-7H2,1-2H3;/q+1;-1|CC[N+]1(C)CCOCC1.N#C[N-]C#N
6.072443008422852|3.639299154281616|194.86439514160156|0.003417387820432152|2677.737446795927|0.0|1.0|1.0|InChI=1S/C8H3F15O/c9-2(10,1-24)3(11,12)4(13,14)5(15,16)6(17,18)7(19,20)8(21,22)23/h24H,1H2|OCC(F)(F)C(F)(F)C(F)(F)C(F)(F)C(F)(F)C(F)(F)C(F)(F)F
6.52701997756958|4.263537883758545|359.8103942871094|0.0005569769358381349|3524.4317088947764|0.0|4.0|0.0|InChI=1S/C12H20N.C2F6NO4S2/c1-3-5-6-9-12-10-7-8-11-13(12)4-2;3-1(4,5)14(10,11)9-15(12,13)2(6,7)8/h7-8,10-11H,3-6,9H2,1-2H3;/q+1;-1|CCCCCc1cccc[n+]1CC.O=S(=O)([N-]S(=O)(=O)C(F)(F)F)C(F)(F)F
4.011648654937744|3.661550760269165|281.6477355957031|9.050382751187498e-05|268.01552535371445|0.0|2.0|1.0|InChI=1S/C3H9N.C2H4O2/c1-4(2)3;1-2(3)4/h1-3H3;1H3,(H,3,4)|CC(=O)O.CN(C)C
4.8956170082092285|3.5463263988494873|240.87586975097656|0.0002086967592200285|3062.9793286149716|0.0|2.0|0.0|InChI=1S/C8H16O2/c1-3-4-5-6-7-8(9)10-2/h3-7H2,1-2H3|CCCCCCC(=O)OC
5.444373607635498|4.072935104370117|395.6855163574219|0.0006121153723520566|2689.9945256453593|0.0|4.0|2.0|InChI=1S/C8H15N2.C4H7NO4/c1-3-4-5-10-7-6-9(2)8-10;5-2(4(8)9)1-3(6)7/h6-8H,3-5H2,1-2H3;2H,1,5H2,(H,6,7)(H,8,9)/q+1;/p-1/t;2-/m.0/s1|CCCCn1cc[n+](C)c1.N[C@@H](CC(=O)[O-])C(=O)O
3.686870574951172|3.640098810195923|307.2247314453125|0.003928119009638683|1824.0585738819832|0.0|1.0|1.0|InChI=1S/C6H4Cl2O/c7-4-2-1-3-5(8)6(4)9/h1-3,9H|Oc1c(Cl)cccc1Cl
1.7577650547027588|3.8805627822875977|429.4646911621094|0.019147517680211158|1909.6735341947121|0.0|2.0|2.0|InChI=1S/C2H5NO2/c1-5-2(3)4/h1H3,(H2,3,4)|COC(=N)O
2.8264997005462646|3.7156550884246826|310.733642578125|0.006535513592195598|2535.5756721354037|0.0|1.0|0.0|InChI=1S/C6H10O/c7-6-4-2-1-3-5-6/h1-5H2|O=C1CCCCC1
4.000386714935303|3.7828431129455566|248.12071228027344|0.001807432955854934|2226.381099032779|0.0|1.0|1.0|InChI=1S/C5H9NO.BF4/c1-6-4-2-3-5(6)7;2-1(3,4)5/h2-4H2,1H3;/q;-1/p+1|C[NH+]1CCCC1=O.F[B-](F)(F)F
5.535200119018555|4.036719799041748|419.6102294921875|0.01863222606072597|1985.409666319869|0.0|7.0|0.0|InChI=1S/C6H11N2.C5H12O6S/c1-3-8-5-4-7(2)6-8;1-9-2-3-10-4-5-11-12(6,7)8/h4-6H,3H2,1-2H3;2-5H2,1H3,(H,6,7,8)/q+1;/p-1|CCn1cc[n+](C)c1.COCCOCCOS(=O)(=O)[O-]
8.820290565490723|4.296517848968506|538.5714721679688|0.39497905650600224|5000.0|0.0|4.0|0.0|InChI=1S/C12H20N4.2C3H3N2/c1-13-7-9-15(11-13)5-3-4-6-16-10-8-14(2)12-16;2*1-2-5-3-4-1/h7-12H,3-6H2,1-2H3;2*1-3H/q+2;2*-1|C[n+]1ccn(CCCCn2cc[n+](C)c2)c1.c1c[n-]cn1.c1c[n-]cn1
6.881429672241211|3.6285204887390137|270.3385314941406|0.0001753781162295628|715.7480442140595|0.0|4.0|1.0|InChI=1S/C10H19N2.H2O4S/c1-4-5-6-7-12-9-8-11(3)10(12)2;1-5(2,3)4/h8-9H,4-7H2,1-3H3;(H2,1,2,3,4)/q+1;/p-1|CCCCCn1cc[n+](C)c1C.O=S(=O)([O-])O
4.027373790740967|4.393634796142578|370.4435729980469|0.0009055974007098397|1881.2395618526068|0.0|3.0|2.0|InChI=1S/C5H9NO2.C5H14NO/c7-5(8)4-2-1-3-6-4;1-6(2,3)4-5-7/h4,6H,1-3H2,(H,7,8);7H,4-5H2,1-3H3/q;+1/p-1/t4-;/m0./s1|C[N+](C)(C)CCO.O=C([O-])[C@@H]1CCCN1
4.451392650604248|3.4936704635620117|245.7027587890625|0.0006078031294268332|2102.3512084857775|0.0|2.0|0.0|InChI=1S/C7H12O2/c1-6(2)4-5-9-7(3)8/h4H,5H2,1-3H3|CC(=O)OCC=C(C)C
3.8369743824005127|4.114702224731445|374.93145751953125|0.005952007206030305|2004.5646754928177|0.0|1.0|0.0|InChI=1S/C9H15N2.BrH/c1-3-5-6-11-8-7-10(4-2)9-11;/h3,7-9H,1,4-6H2,2H3;1H/q+1;/p-1|C=CCCn1cc[n+](CC)c1.[Br-]
8.11088752746582|3.7370312213897705|247.31802368164062|0.0|0.0|0.0|0.0|0.0|InChI=1S/C18H36/c1-2-3-4-5-6-7-8-9-10-12-15-18-16-13-11-14-17-18/h18H,2-17H2,1H3|CCCCCCCCCCCCC1CCCCC1
8.021126747131348|3.579929828643799|218.61953735351562|0.0008362834574723974|1688.112924716992|0.0|4.0|0.0|InChI=1S/C9H22N3.C2H6O4S/c1-7-12(8-2)9(10(3)4)11(5)6;1-2-6-7(3,4)5/h7-8H2,1-6H3;2H2,1H3,(H,3,4,5)/q+1;/p-1|CCN(CC)C(N(C)C)=[N+](C)C.CCOS(=O)(=O)[O-]
5.177333831787109|3.5457277297973633|245.2998046875|0.004067937621439741|2815.454303621478|0.0|1.0|0.0|InChI=1S/C9H18O/c1-2-3-4-5-6-7-8-9-10/h9H,2-8H2,1H3|CCCCCCCCC=O
6.55819034576416|4.1470947265625|365.99951171875|0.00020568454763152038|2875.7141739945246|0.0|4.0|0.0|InChI=1S/C10H16N.C2F6NO4S2/c1-2-3-5-8-11-9-6-4-7-10-11;3-1(4,5)14(10,11)9-15(12,13)2(6,7)8/h4,6-7,9-10H,2-3,5,8H2,1H3;/q+1;-1|CCCCC[n+]1ccccc1.O=S(=O)([N-]S(=O)(=O)C(F)(F)F)C(F)(F)F
1.0079020261764526|4.340872764587402|139.87002563476562|0.006560215933669432|4217.497523773637|0.0|2.0|1.0|InChI=1S/C3H6O2/c1-3(5)2-4/h4H,2H2,1H3|CC(=O)CO
1.5552446842193604|3.750149726867676|355.1407470703125|0.009516353448908428|1721.390576814576|0.0|2.0|0.0|InChI=1S/CS2/c2-1-3|S=C=S
5.16150426864624|3.6492693424224854|256.6770324707031|0.017172271921610863|1472.0061422621873|0.0|2.0|2.0|InChI=1S/C4H11N.C4H8O2/c1-3-5-4-2;1-2-3-4(5)6/h5H,3-4H2,1-2H3;2-3H2,1H3,(H,5,6)|CCCC(=O)O.CCNCC
3.75146484375|3.664017677307129|326.8143005371094|0.010080066273748174|2065.7999952738073|0.0|1.0|0.0|InChI=1S/C9H9N/c10-8-4-7-9-5-2-1-3-6-9/h1-3,5-6H,4,7H2|N#CCCc1ccccc1
4.642133712768555|4.269842147827148|478.68804931640625|0.005727763993906765|2375.50672226046|0.0|3.0|1.0|InChI=1S/C6H11N2.C5H9NO2/c1-3-8-5-4-7(2)6-8;7-5(8)4-2-1-3-6-4/h4-6H,3H2,1-2H3;4,6H,1-3H2,(H,7,8)/q+1;/p-1/t;4-/m.0/s1|CCn1cc[n+](C)c1.O=C([O-])[C@@H]1CCCN1
9.814088821411133|3.9562079906463623|246.165283203125|0.0016884011650445934|3085.218635113091|0.0|3.0|0.0|InChI=1S/C14H30N.C8H19O3P/c1-3-4-5-6-7-9-12-15(2)13-10-8-11-14-15;1-2-3-4-5-6-7-8-11-12(9)10/h3-14H2,1-2H3;12H,2-8H2,1H3,(H,9,10)/q+1;/p-1|CCCCCCCCO[PH](=O)[O-].CCCCCCCC[N+]1(C)CCCCC1
4.474087238311768|3.8292644023895264|395.75982666015625|0.1203992070622491|1801.6475366664024|0.0|3.0|0.0|InChI=1S/C6H11N2.C2N3/c1-3-8-5-4-7(2)6-8;3-1-5-2-4/h4-6H,3H2,1-2H3;/q+1;-1|CCn1cc[n+](C)c1.N#C[N-]C#N
4.214098930358887|3.212127923965454|293.62451171875|0.00010253122627672962|2568.5131707406813|0.0|1.0|1.0|InChI=1S/C6H5ClO/c7-5-2-1-3-6(8)4-5/h1-4,8H|Oc1cccc(Cl)c1
3.5851099491119385|3.5093798637390137|310.77777099609375|0.013606360545051889|2882.075494721831|0.0|1.0|0.0|InChI=1S/C5H10N2O/c1-6-3-4-7(2)5(6)8/h3-4H2,1-2H3|CN1CCN(C)C1=O
10.263741493225098|4.043321132659912|258.7223815917969|0.017434750591299394|694.2616409603202|0.0|2.0|0.0|InChI=1S/C20H44P.C6H4N3/c1-5-9-13-14-15-16-20-21(17-10-6-2,18-11-7-3)19-12-8-4;1-2-4-6-5(3-1)7-9-8-6/h5-20H2,1-4H3;1-4H/q+1;-1|CCCCCCCC[P+](CCCC)(CCCC)CCCC.c1ccc2[n-]nnc2c1
4.761813640594482|3.8140487670898438|404.058837890625|0.0752361524130535|1650.8373877617564|0.0|3.0|0.0|InChI=1S/C6H10ClN2.C2N3/c1-8-4-5-9(6-8)3-2-7;3-1-5-2-4/h4-6H,2-3H2,1H3;/q+1;-1|C[n+]1ccn(CCCl)c1.N#C[N-]C#N
3.4152114391326904|3.4384515285491943|276.12371826171875|0.03792849968453632|1929.4468317108317|0.0|2.0|0.0|InChI=1S/C5H8N2/c1-2-7-5-3-4-6-7/h3-5H,2H2,1H3|CCn1cccn1
4.104147911071777|3.3609211444854736|240.5825958251953|0.0006896386870519739|3310.849370112779|0.0|3.0|0.0|InChI=1S/C5H10O3/c1-3-7-5(6)8-4-2/h3-4H2,1-2H3|CCOC(=O)OCC
2.9658925533294678|3.2562074661254883|235.70559692382812|0.0008935683290146318|2818.377051784314|0.0|2.0|0.0|InChI=1S/C3H6O2/c1-2-5-3-4/h3H,2H2,1H3|CCOC=O
2.7334773540496826|3.547161102294922|298.3626708984375|0.014610665248056926|2303.313677227339|0.0|1.0|0.0|InChI=1S/C5H8O/c6-5-3-1-2-4-5/h1-4H2|O=C1CCCC1
9.695233345031738|4.5|550.0|0.0001852620659758889|3667.4881968835507|0.0|10.0|0.0|InChI=1S/C17H30N4.2C2F6NO4S2/c1-18-12-14-20(16-18)10-8-6-4-3-5-7-9-11-21-15-13-19(2)17-21;2*3-1(4,5)14(10,11)9-15(12,13)2(6,7)8/h12-17H,3-11H2,1-2H3;;/q+2;2*-1|C[n+]1ccn(CCCCCCCCCn2cc[n+](C)c2)c1.O=S(=O)([N-]S(=O)(=O)C(F)(F)F)C(F)(F)F.O=S(=O)([N-]S(=O)(=O)C(F)(F)F)C(F)(F)F
7.96860933303833|3.8767311573028564|265.9996643066406|0.0020188232384771554|3389.498087068547|0.0|2.0|0.0|InChI=1S/C19H32O2/c1-3-4-5-6-7-8-9-10-11-12-13-14-15-16-17-18-19(20)21-2/h4-5,7-8,10-11H,3,6,9,12-18H2,1-2H3/b5-4-,8-7-,11-10-|CC/C=C\C/C=C\C/C=C\CCCCCCCC(=O)OC
3.42221999168396|4.408131122589111|479.8622131347656|0.0|0.0|0.0|0.0|0.0|InChI=1S/C18H12/c1-2-6-14-10-18-12-16-8-4-3-7-15(16)11-17(18)9-13(14)5-1/h1-12H|c1ccc2cc3cc4ccccc4cc3cc2c1
3.4087488651275635|3.2548043727874756|231.9600067138672|0.008273096767976737|2986.219564968363|0.0|2.0|0.0|InChI=1S/C4H6O2/c1-3-6-4(2)5/h3H,1H2,2H3|C=COC(C)=O
3.1374928951263428|3.669210195541382|306.5732727050781|0.8648945556551392|1363.408231543793|0.0|1.0|0.0|InChI=1S/C7H9N/c1-6-3-7(2)5-8-4-6/h3-5H,1-2H3|Cc1cncc(C)c1
3.8413405418395996|4.104238510131836|232.53219604492188|0.01001169184906646|1345.847634088914|0.0|2.0|2.0|InChI=1S/C8H20N2/c9-7-5-3-1-2-4-6-8-10/h1-10H2|NCCCCCCCCN
13.445849418640137|4.4282402992248535|313.91033935546875|0.002172964262040027|2155.5286074888772|0.0|3.0|0.0|InChI=1S/C32H68P.CHF3O3S/c1-5-9-13-17-18-19-20-21-22-23-24-28-32-33(29-25-14-10-6-2,30-26-15-11-7-3)31-27-16-12-8-4;2-1(3,4)8(5,6)7/h5-32H2,1-4H3;(H,5,6,7)/q+1;/p-1|CCCCCCCCCCCCCC[P+](CCCCCC)(CCCCCC)CCCCCC.O=S(=O)([O-])C(F)(F)F
4.506587505340576|3.7073919773101807|311.0499267578125|0.00010561805021246117|3446.311024345185|0.0|2.0|0.0|InChI=1S/C9H16O2/c1-2-3-4-5-8-6-7-9(10)11-8/h8H,2-7H2,1H3|CCCCCC1CCC(=O)O1
6.13930606842041|4.022197723388672|405.0072021484375|0.008896784172268041|2513.452605586232|0.0|3.0|1.0|InChI=1S/C12H23N2.C2H5NO2/c1-3-4-5-6-7-8-9-14-11-10-13(2)12-14;3-1-2(4)5/h10-12H,3-9H2,1-2H3;1,3H2,(H,4,5)/q+1;/p-1|CCCCCCCCn1cc[n+](C)c1.NCC(=O)[O-]
11.578100204467773|3.8838512897491455|244.7786102294922|0.0|0.0|0.0|0.0|0.0|InChI=1S/C27H56/c1-3-5-7-9-11-13-15-17-19-21-23-25-27-26-24-22-20-18-16-14-12-10-8-6-4-2/h3-27H2,1-2H3|CCCCCCCCCCCCCCCCCCCCCCCCCCC
3.1358306407928467|3.3312339782714844|235.11727905273438|0.02913083714811974|2213.5541514106685|0.0|1.0|0.0|InChI=1S/C4H8O/c1-2-3-4-5/h4H,2-3H2,1H3|CCCC=O
5.764709949493408|3.803180456161499|300.39105224609375|6.436998314127655e-05|2281.679661002232|0.0|1.0|1.0|InChI=1S/C15H17N/c1-13(15-10-6-3-7-11-15)16-12-14-8-4-2-5-9-14/h2-11,13,16H,12H2,1H3/t13-/m1/s1|C[C@@H](NCc1ccccc1)c1ccccc1
4.233116149902344|3.5128183364868164|244.65196228027344|0.00020480073481967645|1837.7776069099145|0.0|1.0|0.0|InChI=1S/C7H14O/c1-3-5-6-7(8)4-2/h3-6H2,1-2H3|CCCCC(=O)CC
3.2424778938293457|3.429734468460083|248.27781677246094|0.0|0.0|0.0|0.0|0.0|InChI=1S/C6H3F3/c7-4-1-5(8)3-6(9)2-4/h1-3H|Fc1cc(F)cc(F)c1
8.911718368530273|3.469303846359253|231.22669982910156|0.0|0.0|0.0|0.0|0.0|InChI=1S/C14H29Br/c1-2-3-4-5-6-7-8-9-10-11-12-13-14-15/h2-14H2,1H3|CCCCCCCCCCCCCCBr
8.753399848937988|4.466582298278809|392.19140625|0.0008400196879468833|693.7549162806406|0.0|5.0|0.0|InChI=1S/C15H34PS.C2F6NO4S2/c1-5-8-11-16(12-9-6-2,13-10-7-3)14-15-17-4;3-1(4,5)14(10,11)9-15(12,13)2(6,7)8/h5-15H2,1-4H3;/q+1;-1|CCCC[P+](CCCC)(CCCC)CCSC.O=S(=O)([N-]S(=O)(=O)C(F)(F)F)C(F)(F)F
7.589476585388184|3.72824764251709|274.9674072265625|0.0036046734730251673|1772.6846225524212|0.0|4.0|0.0|InChI=1S/C11H21N2.C3H2N3O2/c1-4-5-6-7-8-13-10-9-12(3)11(13)2;7-6(8)3-1-4-5-2-3/h9-10H,4-8H2,1-3H3;1-2H/q+1;-1|CCCCCCn1cc[n+](C)c1C.O=[N+]([O-])c1cn[n-]c1
8.30891227722168|3.694187879562378|267.7527160644531|0.00038806470276893634|3602.738637788802|0.0|3.0|1.0|InChI=1S/C19H36O3/c1-3-4-5-12-15-18(20)16-13-10-8-6-7-9-11-14-17-19(21)22-2/h10,13,18,20H,3-9,11-12,14-17H2,1-2H3|CCCCCCC(O)CC=CCCCCCCCC(=O)OC
3.5599215030670166|3.9028377532958984|283.3478698730469|0.0|0.0|0.0|0.0|0.0|InChI=1S/C9H14Si/c1-10(2,3)9-7-5-4-6-8-9/h4-8H,1-3H3|C[Si](C)(C)c1ccccc1
3.242018938064575|4.093079566955566|289.4037780761719|0.0|0.0|0.0|0.0|0.0|InChI=1S/C10H16/c1-7-4-5-8-6-9(7)10(8,2)3/h4,8-9H,5-6H2,1-3H3/t8-,9-/m0/s1|CC1=CC[C@H]2C[C@@H]1C2(C)C
4.445831775665283|3.734145402908325|176.37405395507812|0.009123359153683903|2871.7685373761387|0.0|1.0|0.0|InChI=1S/C6F12O/c7-2(4(10,11)12,5(13,14)15)1(19)3(8,9)6(16,17)18|O=C(C(F)(F)C(F)(F)F)C(F)(C(F)(F)F)C(F)(F)F
3.0661606788635254|3.586341619491577|267.7740478515625|0.0018170674229052177|1890.2979607028192|0.0|1.0|0.0|InChI=1S/C5H9N/c1-2-3-4-5-6/h2-4H2,1H3|CCCCC#N
4.827840805053711|4.035587787628174|362.40386962890625|0.011834636585934833|4004.3335053696374|0.0|4.0|1.0|InChI=1S/C14H12N2O4/c1-10-7-8-11(9-13(10)16(19)20)14(17)15(18)12-5-3-2-4-6-12/h2-9,18H,1H3|Cc1ccc(C(=O)N(O)c2ccccc2)cc1[N+](=O)[O-]
4.249680995941162|3.4272072315216064|277.1361083984375|0.0004855063301272319|2474.64533157604|0.0|2.0|0.0|InChI=1S/C8H8O2/c1-7(9)10-8-5-3-2-4-6-8/h2-6H,1H3|CC(=O)Oc1ccccc1
4.36970853805542|4.177239894866943|424.66680908203125|0.0006046116311993955|3341.8599600456364|0.0|3.0|1.0|InChI=1S/C8H15N2.C2H4O3/c1-3-4-5-10-7-6-9(2)8-10;3-1-2(4)5/h6-8H,3-5H2,1-2H3;3H,1H2,(H,4,5)/q+1;/p-1|CCCCn1cc[n+](C)c1.O=C([O-])CO
3.863327980041504|4.5|469.9892272949219|0.0003796672721860258|2578.852744886301|0.0|6.0|2.0|InChI=1S/C7H18NO2.C2F6NO4S2/c1-3-8(2,4-6-9)5-7-10;3-1(4,5)14(10,11)9-15(12,13)2(6,7)8/h9-10H,3-7H2,1-2H3;/q+1;-1|CC[N+](C)(CCO)CCO.O=S(=O)([N-]S(=O)(=O)C(F)(F)F)C(F)(F)F
12.72227954864502|3.8778433799743652|241.26251220703125|0.0|0.0|0.0|0.0|0.0|InChI=1S/C29H60/c1-3-5-7-9-11-13-15-17-19-21-23-25-27-29-28-26-24-22-20-18-16-14-12-10-8-6-4-2/h3-29H2,1-2H3|CCCCCCCCCCCCCCCCCCCCCCCCCCCCC
4.685445308685303|3.468047618865967|273.0301818847656|0.0|0.0|0.0|0.0|0.0|InChI=1S/C8H9I/c1-6-3-4-8(9)7(2)5-6/h3-5H,1-2H3|Cc1ccc(I)c(C)c1
5.9804205894470215|3.67240309715271|201.49427795410156|0.037696236930219805|2905.6512331668796|0.0|4.0|1.0|InChI=1S/C10H22O4/c1-2-3-5-12-7-9-14-10-8-13-6-4-11/h11H,2-10H2,1H3|CCCCOCCOCCOCCO
3.181419610977173|4.079072952270508|290.0586242675781|0.0|0.0|0.0|0.0|0.0|InChI=1S/C9H18/c1-8(2)9-6-4-3-5-7-9/h8-9H,3-7H2,1-2H3|CC(C)C1CCCCC1
2.9892406463623047|3.330981731414795|185.2375030517578|0.0|0.0|0.0|0.0|0.0|InChI=1S/C2HClF4/c3-1(4)2(5,6)7/h1H|FC(Cl)C(F)(F)F
3.815812349319458|3.45090913772583|292.9521789550781|0.00014463338320173968|1259.026043426193|0.0|1.0|1.0|InChI=1S/C8H10O/c1-6-4-3-5-7(2)8(6)9/h3-5,9H,1-2H3|Cc1cccc(C)c1O
5.367988109588623|3.7877109050750732|204.3743133544922|0.0|0.0|0.0|0.0|0.0|InChI=1S/C8H2F16/c9-1(10)3(13,14)5(17,18)7(21,22)8(23,24)6(19,20)4(15,16)2(11)12/h1-2H|FC(F)C(F)(F)C(F)(F)C(F)(F)C(F)(F)C(F)(F)C(F)(F)C(F)F
6.041849613189697|3.288163423538208|222.58262634277344|0.2750773259835799|1360.2667325660318|0.0|3.0|3.0|InChI=1S/C4H8O2.C3H9NO/c1-2-3-4(5)6;1-4-2-3-5/h2-3H2,1H3,(H,5,6);4-5H,2-3H2,1H3|CCCC(=O)O.CNCCO
7.98975133895874|4.213274955749512|372.7246398925781|0.0006239969494011379|3728.860346724809|0.0|4.0|0.0|InChI=1S/C15H26N.C2F6NO4S2/c1-2-3-4-5-6-7-8-10-13-16-14-11-9-12-15-16;3-1(4,5)14(10,11)9-15(12,13)2(6,7)8/h9,11-12,14-15H,2-8,10,13H2,1H3;/q+1;-1|CCCCCCCCCC[n+]1ccccc1.O=S(=O)([N-]S(=O)(=O)C(F)(F)F)C(F)(F)F
5.341691970825195|4.323593616485596|371.6728210449219|0.0004000415862571638|2792.443299620059|0.0|4.0|0.0|InChI=1S/C7H18N.C2F6NO4S2/c1-5-7-8(3,4)6-2;3-1(4,5)14(10,11)9-15(12,13)2(6,7)8/h5-7H2,1-4H3;/q+1;-1|CCC[N+](C)(C)CC.O=S(=O)([N-]S(=O)(=O)C(F)(F)F)C(F)(F)F
2.833437204360962|3.7748148441314697|253.5113983154297|0.0|0.0|0.0|0.0|0.0|InChI=1S/C6H12/c1-5(2)6(3)4/h1-4H3|CC(C)=C(C)C
3.628877639770508|3.5976150035858154|349.0550537109375|0.033161181987637976|2392.9594375869515|0.0|2.0|0.0|InChI=1S/C8H6N2/c1-2-4-8-7(3-1)5-9-6-10-8/h1-6H|c1ccc2ncncc2c1
4.436864376068115|3.8202261924743652|262.3430480957031|0.04258445784363614|2480.1957014728905|0.0|2.0|0.0|InChI=1S/C9H18O2/c1-4-6-8(3)11-9(10)7-5-2/h8H,4-7H2,1-3H3|CCCC(=O)OC(C)CCC
3.320422410964966|3.4241912364959717|237.58641052246094|0.006603187765268808|1908.5594411456386|0.0|2.0|0.0|InChI=1S/C4H9NO/c1-4(2)5-6-3/h1-3H3|CON=C(C)C
5.264559268951416|3.5637567043304443|241.46180725097656|0.0011041058518197835|2173.9080602498443|0.0|2.0|0.0|InChI=1S/C9H18O2/c1-3-4-5-6-7-8-11-9(2)10/h3-8H2,1-2H3|CCCCCCCOC(C)=O
6.1722235679626465|3.9300994873046875|385.0832214355469|3.963298594001912e-06|4378.08538591446|0.0|5.0|0.0|InChI=1S/C8H15N2.C2BF2O4/c1-3-4-5-10-7-6-9(2)8-10;4-3(5)8-1(6)2(7)9-3/h6-8H,3-5H2,1-2H3;/q+1;-1|CCCCn1cc[n+](C)c1.O=C1O[B-](F)(F)OC1=O
8.571759223937988|4.241026401519775|335.1627197265625|0.0028159242129760873|695.2101713442992|0.0|5.0|0.0|InChI=1S/C16H36PS.F2NO4S2/c1-5-9-12-17(13-10-6-2,14-11-7-3)15-16-18-8-4;1-8(4,5)3-9(2,6)7/h5-16H2,1-4H3;/q+1;-1|CCCC[P+](CCCC)(CCCC)CCSCC.O=S(=O)(F)[N-]S(=O)(=O)F
6.001657962799072|3.9158637523651123|403.53521728515625|0.00038988768860794546|4137.248588988428|0.0|5.0|1.0|InChI=1S/C7H8O3S.C6H7N3/c1-6-2-4-7(5-3-6)11(8,9)10;7-2-1-4-9-5-3-8-6-9/h2-5H,1H3,(H,8,9,10);3,5-6H,1,4H2|Cc1ccc(S(=O)(=O)O)cc1.N#CCCn1ccnc1
17.42816734313965|4.45067834854126|286.3580017089844|0.00011835227824767424|5000.0|0.0|3.0|0.0|InChI=1S/C26H56P.C18H30O3S/c1-5-9-13-14-15-16-17-18-19-20-21-22-26-27(23-10-6-2,24-11-7-3)25-12-8-4;1-2-3-4-5-6-7-8-9-10-11-14-17-15-12-13-16-18(17)22(19,20)21/h5-26H2,1-4H3;12-13,15-16H,2-11,14H2,1H3,(H,19,20,21)/q+1;/p-1|CCCCCCCCCCCCCC[P+](CCCC)(CCCC)CCCC.CCCCCCCCCCCCc1ccccc1S(=O)(=O)[O-]
7.392320156097412|4.36030912399292|428.8556213378906|0.002104099313117406|2340.0404044498573|0.0|5.0|0.0|InChI=1S/C10H19N2.C4F10NO4S2/c1-3-4-5-6-7-12-9-8-11(2)10-12;5-1(6,7)3(11,12)20(16,17)15-21(18,19)4(13,14)2(8,9)10/h8-10H,3-7H2,1-2H3;/q+1;-1|CCCCCCn1cc[n+](C)c1.O=S(=O)([N-]S(=O)(=O)C(F)(F)C(F)(F)F)C(F)(F)C(F)(F)F
4.175601482391357|3.605666160583496|285.8029479980469|0.0012815354584487634|421.9257532474652|0.0|2.0|2.0|InChI=1S/C4H11N.C2H4O2/c1-3-5-4-2;1-2(3)4/h5H,3-4H2,1-2H3;1H3,(H,3,4)|CC(=O)O.CCNCC
2.9586846828460693|3.5471723079681396|232.89666748046875|0.011889882158514041|871.1851120565417|0.0|1.0|1.0|InChI=1S/C4H11N/c1-3-5-4-2/h5H,3-4H2,1-2H3|CCNCC
8.351402282714844|4.022695064544678|247.79798889160156|0.014688163939066527|531.098874059351|0.0|3.0|2.0|InChI=1S/C16H36P.C4H9NO3/c1-5-9-13-17(14-10-6-2,15-11-7-3)16-12-8-4;1-2(6)3(5)4(7)8/h5-16H2,1-4H3;2-3,6H,5H2,1H3,(H,7,8)/q+1;/p-1/t;2-,3+/m.1/s1|CCCC[P+](CCCC)(CCCC)CCCC.C[C@@H](O)[C@H](N)C(=O)[O-]
3.8201987743377686|4.062630653381348|377.1455993652344|0.015018718634777436|1854.1926685197946|0.0|1.0|0.0|InChI=1S/C8H15N2.HI/c1-3-4-5-10-7-6-9(2)8-10;/h6-8H,3-5H2,1-2H3;1H/q+1;/p-1|CCCCn1cc[n+](C)c1.[I-]
6.058061599731445|4.090475559234619|378.5831604003906|0.002787073795515816|2080.4461583215625|0.0|7.0|0.0|InChI=1S/C8H15N2.C5H12O6S/c1-3-4-5-10-7-6-9(2)8-10;1-9-2-3-10-4-5-11-12(6,7)8/h6-8H,3-5H2,1-2H3;2-5H2,1H3,(H,6,7,8)/q+1;/p-1|CCCCn1cc[n+](C)c1.COCCOCCOS(=O)(=O)[O-]
4.518996238708496|3.490870475769043|274.68841552734375|0.0004087446701162419|3720.3358861022884|0.0|3.0|0.0|InChI=1S/C7H12O3/c1-3-10-7(9)5-4-6(2)8/h3-5H2,1-2H3|CCOC(=O)CCC(C)=O
10.60416030883789|4.5|248.31167602539062|6.116900953812606e-06|5000.0|0.0|6.0|0.0|InChI=1S/3C11H18FO2.Sc/c3*1-10(2,3)8(13)7(12)9(14)11(4,5)6;/h3*1-6H3;/q3*-1;+3|CC(C)(C)C(=O)[C-](F)C(=O)C(C)(C)C.CC(C)(C)C(=O)[C-](F)C(=O)C(C)(C)C.CC(C)(C)C(=O)[C-](F)C(=O)C(C)(C)C.[Sc+3]
4.42686653137207|3.8742878437042236|247.4493408203125|0.0|0.0|0.0|0.0|0.0|InChI=1S/C10H22/c1-4-5-6-7-8-9-10(2)3/h10H,4-9H2,1-3H3|CCCCCCCC(C)C
4.769628047943115|4.111164569854736|270.9562683105469|0.009201792436229646|2031.379169119976|0.0|3.0|3.0|InChI=1S/C6H15NO.C4H8O2/c1-2-3-4-7-5-6-8;1-2-3-4(5)6/h7-8H,2-6H2,1H3;2-3H2,1H3,(H,5,6)|CCCC(=O)O.CCCCNCCO
2.8492355346679688|4.259720802307129|343.9560241699219|0.0|0.0|0.0|0.0|0.0|InChI=1S/C10H18/c1-2-6-10-8-4-3-7-9(10)5-1/h9-10H,1-8H2/t9-,10+|C1CC[C@H]2CCCC[C@H]2C1
1.8460474014282227|4.4257426261901855|457.2028503417969|0.006225991545624413|2187.950963352182|0.0|1.0|1.0|InChI=1S/C6H5BrO/c7-5-1-3-6(8)4-2-5/h1-4,8H|Oc1ccc(Br)cc1
10.12600326538086|4.5|291.0050354003906|0.0001205095067577157|2239.873755933181|0.0|2.0|0.0|InChI=1S/C16H35O2P.C13H30P/c1-13(9-15(3,4)5)11-19(17,18)12-14(2)10-16(6,7)8;1-5-8-11-14(4,12-9-6-2)13-10-7-3/h13-14H,9-12H2,1-8H3,(H,17,18);5-13H2,1-4H3/q;+1/p-1|CC(CC(C)(C)C)CP(=O)([O-])CC(C)CC(C)(C)C.CCCC[P+](C)(CCCC)CCCC
4.237847328186035|4.038485527038574|304.3299865722656|0.00010187863208230764|198.9879117900938|0.0|1.0|1.0|InChI=1S/C12H23N/c1-3-7-11(8-4-1)13-12-9-5-2-6-10-12/h11-13H,1-10H2|C1CCC(NC2CCCCC2)CC1
4.9577131271362305|3.8559813499450684|297.21630859375|0.0|0.0|0.0|0.0|0.0|InChI=1S/C15H16/c1-12(2)14-9-6-10-15(11-14)13-7-4-3-5-8-13/h3-12H,1-2H3|CC(C)c1cccc(-c2ccccc2)c1
2.7798895835876465|3.693110942840576|285.11871337890625|0.0|0.0|0.0|0.0|0.0|InChI=1S/C7H8/c1-7-5-3-2-4-6-7/h2-6H,1H3|Cc1ccccc1
2.998383045196533|3.613297700881958|256.05279541015625|0.010483536521886569|2103.1742762293325|0.0|1.0|0.0|InChI=1S/C5H10O/c1-5(2)3-6-4-5/h3-4H2,1-2H3|CC1(C)COC1
3.923480272293091|2.9715914726257324|240.5936279296875|0.1044211320837036|1444.292294214752|0.0|2.0|2.0|InChI=1S/C3H8O2/c1-3(5)2-4/h3-5H,2H2,1H3|CC(O)CO
3.73256778717041|3.2853567600250244|283.1543273925781|0.15138552375412956|1357.8449146898388|0.0|2.0|0.0|InChI=1S/C6H6O2/c1-5(7)6-3-2-4-8-6/h2-4H,1H3|CC(=O)c1ccco1
10.995622634887695|3.7756710052490234|247.62850952148438|0.0014825986736261756|3900.846553086857|0.0|2.0|0.0|InChI=1S/C24H48O2/c1-4-7-9-10-11-12-13-14-15-16-17-18-19-21-24(25)26-22-23(6-3)20-8-5-2/h23H,4-22H2,1-3H3|CCCCCCCCCCCCCCCC(=O)OCC(CC)CCCC
5.696302890777588|3.9395880699157715|383.2095031738281|0.006596021383445477|2483.854227431451|0.0|3.0|1.0|InChI=1S/C9H16N2.CHF3O3S/c1-2-5-9-10-6-4-8-11(9)7-3-1;2-1(3,4)8(5,6)7/h1-8H2;(H,5,6,7)|C1CCC2=NCCCN2CC1.O=S(=O)(O)C(F)(F)F
2.951176404953003|3.8411078453063965|236.35693359375|0.0|0.0|0.0|0.0|0.0|InChI=1S/C6H14/c1-4-5-6(2)3/h6H,4-5H2,1-3H3|CCCC(C)C
6.257966995239258|3.685365676879883|249.13352966308594|0.00112917454136815|3535.201968214926|0.0|2.0|0.0|InChI=1S/C10H16N.C4N3/c1-3-4-7-11-8-5-10(2)6-9-11;5-1-4(2-6)3-7/h5-6,8-9H,3-4,7H2,1-2H3;/q+1;-1|CCCC[n+]1ccc(C)cc1.N#CC(=C=[N-])C#N
11.60779094696045|3.652177333831787|252.62725830078125|0.00016279276992286278|5000.0|0.0|1.0|1.0|InChI=1S/C26H54O/c1-2-3-4-5-6-7-8-9-10-11-12-13-14-15-16-17-18-19-20-21-22-23-24-25-26-27/h27H,2-26H2,1H3|CCCCCCCCCCCCCCCCCCCCCCCCCCO
4.249002456665039|3.741706609725952|234.2708740234375|0.011321169720947525|2453.7259692965754|0.0|3.0|0.0|InChI=1S/C5H14O3Si/c1-5-9(6-2,7-3)8-4/h5H2,1-4H3|CC[Si](OC)(OC)OC
4.086365699768066|4.438956260681152|338.7060852050781|0.005062891636226176|1638.9969738049463|0.0|3.0|2.0|InChI=1S/C5H14NO.C3H7NO2/c1-6(2,3)4-5-7;1-2(4)3(5)6/h7H,4-5H2,1-3H3;2H,4H2,1H3,(H,5,6)/q+1;/p-1/t;2-/m.0/s1|C[C@H](N)C(=O)[O-].C[N+](C)(C)CCO
4.0912275314331055|3.8718607425689697|243.2050018310547|0.0|0.0|0.0|0.0|0.0|InChI=1S/C9H20/c1-4-5-6-7-8-9(2)3/h9H,4-8H2,1-3H3|CCCCCCC(C)C
3.9907500743865967|2.945082187652588|214.74464416503906|0.0035444889986907587|3388.0451422785686|0.0|1.0|1.0|InChI=1S/C3H7NO/c1-2-4-3-5/h3H,2H2,1H3,(H,4,5)|CCN=CO
8.397608757019043|3.8733229637145996|239.15048217773438|0.00019559650642107532|5000.0|0.0|1.0|0.0|InChI=1S/C9H17N2.C6F18P/c1-4-5-6-11-8-7-10(3)9(11)2;7-1(8,9)4(16,17)25(22,23,24,5(18,19)2(10,11)12)6(20,21)3(13,14)15/h7-8H,4-6H2,1-3H3;/q+1;-1|CCCCn1cc[n+](C)c1C.FC(F)(F)C(F)(F)[P-](F)(F)(F)(C(F)(F)C(F)(F)F)C(F)(F)C(F)(F)F
3.9157378673553467|4.064446926116943|419.0945129394531|0.0|0.0|0.0|0.0|0.0|InChI=1S/C16H10/c1-3-11-7-9-13-5-2-6-14-10-8-12(4-1)15(11)16(13)14/h1-10H|c1cc2ccc3cccc4ccc(c1)c2c34
4.1040754318237305|3.4411840438842773|278.83929443359375|0.0020776863409419873|3265.965715953289|0.0|1.0|1.0|InChI=1S/C7H6FNO/c8-6-3-1-5(2-4-6)7(9)10/h1-4H,(H2,9,10)|NC(=O)c1ccc(F)cc1
5.969419002532959|3.8688337802886963|330.9594421386719|0.013507992053330286|2537.4694690445867|0.0|1.0|0.0|InChI=1S/C12H23N2.BrH/c1-3-4-5-6-7-8-9-14-11-10-13(2)12-14;/h10-12H,3-9H2,1-2H3;1H/q+1;/p-1|CCCCCCCCn1cc[n+](C)c1.[Br-]
3.236147403717041|3.539377450942993|290.6936340332031|0.0|0.0|0.0|0.0|0.0|InChI=1S/C2H2Cl4/c3-1(4)2(5)6/h1-2H|ClC(Cl)C(Cl)Cl
3.8975234031677246|3.5187928676605225|289.4478454589844|0.012065454438429801|2302.6575102647625|0.0|2.0|0.0|InChI=1S/C8H8O2/c1-10-8(9)7-5-3-2-4-6-7/h2-6H,1H3|COC(=O)c1ccccc1
5.901056289672852|4.417537689208984|302.5083923339844|8.586740808520938e-05|3029.132254379486|0.0|2.0|0.0|InChI=1S/C20H38O2/c1-3-5-6-7-8-9-10-11-12-13-14-15-16-17-18-19-20(21)22-4-2/h11-12H,3-10,13-19H2,1-2H3/b12-11-|CCCCCCCC/C=C\CCCCCCCC(=O)OCC
6.773082733154297|3.9866783618927|315.23236083984375|0.01108948212891717|1433.4618428677304|0.0|2.0|0.0|InChI=1S/C15H20N.CHNS/c1-2-3-4-7-11-16-12-10-14-8-5-6-9-15(14)13-16;2-1-3/h5-6,8-10,12-13H,2-4,7,11H2,1H3;3H/q+1;/p-1|CCCCCC[n+]1ccc2ccccc2c1.N#C[S-]
6.713447093963623|4.3375043869018555|393.207275390625|0.002019561495699388|2725.983806172188|0.0|4.0|0.0|InChI=1S/C11H24N.C2F6NO4S2/c1-3-4-5-6-9-12(2)10-7-8-11-12;3-1(4,5)14(10,11)9-15(12,13)2(6,7)8/h3-11H2,1-2H3;/q+1;-1|CCCCCC[N+]1(C)CCCC1.O=S(=O)([N-]S(=O)(=O)C(F)(F)F)C(F)(F)F
3.3869452476501465|3.563767671585083|270.1691589355469|0.034818784969994375|2215.110147500901|0.0|1.0|1.0|InChI=1S/C5H10O2/c1-4(2)3-5(6)7/h4H,3H2,1-2H3,(H,6,7)|CC(C)CC(=O)O
3.120460033416748|4.138909816741943|418.4371032714844|0.030526621737015962|2184.4584385050443|0.0|1.0|0.0|InChI=1S/C6H11N2.BrH/c1-3-8-5-4-7(2)6-8;/h4-6H,3H2,1-2H3;1H/q+1;/p-1|CCn1cc[n+](C)c1.[Br-]
5.91017484664917|4.5|477.1794738769531|1.4171609041481632e-05|3960.71679872179|0.0|5.0|0.0|InChI=1S/C12H23N2.C2F6NO4S2/c1-4-5-7-13-9-10-14(11-13)8-6-12(2)3;3-1(4,5)14(10,11)9-15(12,13)2(6,7)8/h9-12H,4-8H2,1-3H3;/q+1;-1|CCCC[n+]1ccn(CCC(C)C)c1.O=S(=O)([N-]S(=O)(=O)C(F)(F)F)C(F)(F)F
3.8187944889068604|3.644134283065796|241.16677856445312|0.006060967988863454|1490.2218046340531|0.0|2.0|1.0|InChI=1S/C5H14N2/c1-6-4-5-7(2)3/h6H,4-5H2,1-3H3|CNCCN(C)C
2.650377035140991|3.0989174842834473|282.37762451171875|0.03308520951514979|1861.3052002604372|0.0|1.0|1.0|InChI=1S/C2H6O/c1-2-3/h3H,2H2,1H3/i2D|[2H]C(C)O
2.227571487426758|4.093959808349609|440.4806823730469|0.006976271913894427|3005.6071468362306|0.0|4.0|1.0|InChI=1S/C4H6O4/c5-1-3-2-7-4(6)8-3/h3,5H,1-2H2|O=C1OCC(CO)O1
4.191342830657959|3.8451313972473145|246.46168518066406|0.010437847665548247|1308.911306478593|0.0|1.0|0.0|InChI=1S/C8H18O/c1-3-5-6-8-9-7-4-2/h3-8H2,1-2H3|CCCCCOCCC
11.127668380737305|3.8643686771392822|244.65289306640625|0.0|0.0|0.0|0.0|0.0|InChI=1S/C26H54/c1-3-5-7-9-11-13-15-17-19-21-23-25-26-24-22-20-18-16-14-12-10-8-6-4-2/h3-26H2,1-2H3|CCCCCCCCCCCCCCCCCCCCCCCCCC
5.3375935554504395|4.5|500.4874267578125|8.730106365262548e-05|3649.8673314370444|0.0|5.0|0.0|InChI=1S/C9H17N2.C2F6NO4S2/c1-3-5-6-11-8-7-10(4-2)9-11;3-1(4,5)14(10,11)9-15(12,13)2(6,7)8/h7-9H,3-6H2,1-2H3;/q+1;-1|CCCCn1cc[n+](CC)c1.O=S(=O)([N-]S(=O)(=O)C(F)(F)F)C(F)(F)F
3.895860195159912|3.521716356277466|273.4506530761719|0.12116445007461432|1548.9035527423573|0.0|2.0|0.0|InChI=1S/C6H10N2/c1-5-4-6(2)8(3)7-5/h4H,1-3H3|Cc1cc(C)n(C)n1
3.4993655681610107|3.6085729598999023|236.46778869628906|0.0|0.0|0.0|0.0|0.0|InChI=1S/C7H5F3/c8-7(9,10)6-4-2-1-3-5-6/h1-5H|FC(F)(F)c1ccccc1
2.8346543312072754|3.8090882301330566|238.697265625|0.0|0.0|0.0|0.0|0.0|InChI=1S/C6H12/c1-5(2)6(3)4/h6H,1H2,2-4H3|C=C(C)C(C)C
4.4957733154296875|4.274809837341309|515.9877319335938|0.027428143986653438|1678.3797540893129|0.0|5.0|0.0|InChI=1S/C7H13N2.F2NO4S2/c1-3-4-9-6-5-8(2)7-9;1-8(4,5)3-9(2,6)7/h5-7H,3-4H2,1-2H3;/q+1;-1|CCCn1cc[n+](C)c1.O=S(=O)(F)[N-]S(=O)(=O)F
6.554962635040283|3.870619297027588|264.23541259765625|0.0022900900109014744|1911.6958631441|0.0|2.0|0.0|InChI=1S/C17H30O2/c1-6-19-17(18)13-16(5)12-8-11-15(4)10-7-9-14(2)3/h8,12-15H,6-7,9-11H2,1-5H3/b12-8+,16-13+/t15-/m0/s1|CCOC(=O)/C=C(C)/C=C/C[C@@H](C)CCCC(C)C
6.088234901428223|3.902432680130005|247.57424926757812|0.4482889271042063|1734.470728812851|0.0|1.0|0.0|InChI=1S/C13H30P.CH2O2/c1-5-8-11-14(4,12-9-6-2)13-10-7-3;2-1-3/h5-13H2,1-4H3;1H,(H,2,3)/q+1;/p-1|CCCC[P+](C)(CCCC)CCCC.O=C[O-]
12.753231048583984|4.147526741027832|196.49591064453125|4.94706775420634e-06|1702.642412632644|0.0|9.0|0.0|InChI=1S/C18H54O9Si9/c1-28(2)19-29(3,4)21-31(7,8)23-33(11,12)25-35(15,16)27-36(17,18)26-34(13,14)24-32(9,10)22-30(5,6)20-28/h1-18H3|C[Si]1(C)O[Si](C)(C)O[Si](C)(C)O[Si](C)(C)O[Si](C)(C)O[Si](C)(C)O[Si](C)(C)O[Si](C)(C)O[Si](C)(C)O1
4.494919776916504|3.834226608276367|281.993896484375|0.0022123890862237035|482.2506687814543|0.0|2.0|1.0|InChI=1S/C6H15N.C2H4O2/c1-4-7(5-2)6-3;1-2(3)4/h4-6H2,1-3H3;1H3,(H,3,4)|CC(=O)O.CCN(CC)CC
4.676447868347168|3.069289445877075|243.4001922607422|0.5314698341797489|1877.2944257145414|0.0|3.0|3.0|InChI=1S/C3H9NO.CH2O2/c1-4-2-3-5;2-1-3/h4-5H,2-3H2,1H3;1H,(H,2,3)|CNCCO.O=CO
5.818970680236816|4.231424808502197|374.337890625|0.33805802677286306|2142.0489049035323|0.0|1.0|0.0|InChI=1S/C9H17N2.Al.4ClH/c1-3-4-5-6-11-8-7-10(2)9-11;;;;;/h7-9H,3-6H2,1-2H3;;4*1H/q+1;+3;;;;/p-4|CCCCCn1cc[n+](C)c1.[Al+3].[Cl-].[Cl-].[Cl-].[Cl-]
4.084721088409424|4.162907123565674|407.70098876953125|0.0030982606716445952|2396.0025508386316|0.0|3.0|0.0|InChI=1S/C8H15N2.CHNS/c1-3-4-5-10-7-6-9(2)8-10;2-1-3/h6-8H,3-5H2,1-2H3;3H/q+1;/p-1|CCCCn1cc[n+](C)c1.N#C[S-]
3.595494031906128|3.2104873657226562|280.2924499511719|0.9|366.5561903786193|0.0|3.0|0.0|InChI=1S/C5H3N3/c6-3-5-4-7-1-2-8-5/h1-2,4H|N#Cc1cnccn1
3.727324962615967|3.6310083866119385|240.43641662597656|0.0013490817316733975|3408.6920415692953|0.0|1.0|1.0|InChI=1S/C10H16O/c11-10-4-7-1-8(5-10)3-9(2-7)6-10/h7-9,11H,1-6H2|OC12CC3CC(CC(C3)C1)C2
5.710129737854004|4.5|516.1467895507812|0.0001522685714711589|5000.0|0.0|5.0|0.0|InChI=1S/C12H21N2.C2F6NO4S2/c1-2-3-8-13-9-10-14(11-13)12-6-4-5-7-12;3-1(4,5)14(10,11)9-15(12,13)2(6,7)8/h9-12H,2-8H2,1H3;/q+1;-1|CCCC[n+]1ccn(C2CCCC2)c1.O=S(=O)([N-]S(=O)(=O)C(F)(F)F)C(F)(F)F
7.777411460876465|2.938098192214966|101.27593994140625|0.1366581180252559|3376.6849592986528|0.0|5.0|2.0|InChI=1S/C8H18O5/c9-1-3-11-5-7-13-8-6-12-4-2-10/h9-10H,1-8H2|OCCOCCOCCOCCO
2.5516517162323|4.0940117835998535|353.7624816894531|0.008513951992064868|2572.187592624777|0.0|1.0|1.0|InChI=1S/C8H10O/c9-7-6-8-4-2-1-3-5-8/h1-5,9H,6-7H2|OCCc1ccccc1
6.2579193115234375|4.5|550.0|0.008993222898150473|3347.969288878697|0.0|4.0|1.0|InChI=1S/C11H13N2.C7H13NO4S/c1-12-7-8-13(10-12)9-11-5-3-2-4-6-11;1-4-6(9)8-7(2,3)5-13(10,11)12/h2-8,10H,9H2,1H3;4H,1,5H2,2-3H3,(H,8,9)(H,10,11,12)/q+1;/p-1|C=CC([O-])=NC(C)(C)CS(=O)(=O)O.C[n+]1ccn(Cc2ccccc2)c1
4.70230770111084|4.202057361602783|290.143310546875|0.0|0.0|0.0|0.0|0.0|InChI=1S/C15H24/c1-12(2)6-5-7-14(4)15-10-8-13(3)9-11-15/h6,8,10,14-15H,3,5,7,9,11H2,1-2,4H3/t14-,15+/m0/s1|C=C1C=C[C@@H]([C@@H](C)CCC=C(C)C)CC1
10.828609466552734|4.120012283325195|252.27371215820312|0.25440687502919446|1321.00205121048|0.0|2.0|1.0|InChI=1S/C24H51N.C4H8O2/c1-4-7-10-13-16-19-22-25(23-20-17-14-11-8-5-2)24-21-18-15-12-9-6-3;1-2-3-4(5)6/h4-24H2,1-3H3;2-3H2,1H3,(H,5,6)|CCCC(=O)O.CCCCCCCCN(CCCCCCCC)CCCCCCCC
3.5325944423675537|3.2027556896209717|358.55706787109375|0.009387581706985186|2225.4572798693794|0.0|3.0|0.0|InChI=1S/C4H4O3/c5-3-1-2-4(6)7-3/h1-2H2|O=C1CCC(=O)O1
4.937108993530273|3.9417200088500977|268.1162109375|0.0|0.0|0.0|0.0|0.0|InChI=1S/C14H22/c1-13(2,3)11-7-9-12(10-8-11)14(4,5)6/h7-10H,1-6H3|CC(C)(C)c1ccc(C(C)(C)C)cc1
3.5143966674804688|3.3142998218536377|321.2459411621094|0.0019617580997371613|3416.449911973932|0.0|2.0|0.0|InChI=1S/C5H6O2/c1-4-2-3-5(6)7-4/h2H,3H2,1H3|CC1=CCC(=O)O1
7.364635944366455|3.8665831089019775|248.4454345703125|0.0|0.0|0.0|0.0|0.0|InChI=1S/C17H36/c1-3-5-7-9-11-13-15-17-16-14-12-10-8-6-4-2/h3-17H2,1-2H3|CCCCCCCCCCCCCCCCC
3.175811290740967|4.066998481750488|294.1896667480469|0.002740913298486575|1716.283786896583|0.0|2.0|1.0|InChI=1S/C6H15NS/c1-3-7(4-2)5-6-8/h8H,3-6H2,1-2H3|CCN(CC)CCS
3.2885210514068604|3.7963004112243652|272.2286376953125|0.0010116302576677447|1766.6864618617772|0.0|2.0|0.0|InChI=1S/C6H14N2/c1-7-3-5-8(2)6-4-7/h3-6H2,1-2H3|CN1CCN(C)CC1
7.859310150146484|4.5|403.4077453613281|0.000619977320797201|3777.873234606368|0.0|4.0|0.0|InChI=1S/C16H36N.C2F6NO4S2/c1-5-9-10-11-12-13-14-15-16-17(6-2,7-3)8-4;3-1(4,5)14(10,11)9-15(12,13)2(6,7)8/h5-16H2,1-4H3;/q+1;-1|CCCCCCCCCC[N+](CC)(CC)CC.O=S(=O)([N-]S(=O)(=O)C(F)(F)F)C(F)(F)F
3.5477449893951416|3.5649843215942383|261.8305969238281|0.030229989337960412|2342.30888088113|0.0|1.0|0.0|InChI=1S/C6H12O/c1-2-3-4-5-6-7/h6H,2-5H2,1H3|CCCCCC=O
3.6982033252716064|3.9945309162139893|280.5884704589844|0.0|0.0|0.0|0.0|0.0|InChI=1S/C10H20/c1-2-3-7-10-8-5-4-6-9-10/h10H,2-9H2,1H3|CCCCC1CCCCC1
8.700311660766602|4.5|550.0|2.542327386681072e-05|3103.0029496490915|0.0|10.0|0.0|InChI=1S/C14H24N4.2C2F6NO4S2/c1-15-9-11-17(13-15)7-5-3-4-6-8-18-12-10-16(2)14-18;2*3-1(4,5)14(10,11)9-15(12,13)2(6,7)8/h9-14H,3-8H2,1-2H3;;/q+2;2*-1|C[n+]1ccn(CCCCCCn2cc[n+](C)c2)c1.O=S(=O)([N-]S(=O)(=O)C(F)(F)F)C(F)(F)F.O=S(=O)([N-]S(=O)(=O)C(F)(F)F)C(F)(F)F
5.790138244628906|3.692579507827759|250.5587615966797|0.003906336892917008|3074.610512278002|0.0|2.0|0.0|InChI=1S/C11H22O2/c1-3-4-5-6-7-8-9-10-11(12)13-2/h3-10H2,1-2H3|CCCCCCCCCC(=O)OC
3.761688232421875|3.6813900470733643|266.984619140625|0.0|0.0|0.0|0.0|0.0|InChI=1S/C6H13Br/c1-2-3-4-5-6-7/h2-6H2,1H3|CCCCCCBr
4.807748317718506|4.078329563140869|307.418212890625|0.028176862982503863|2504.6536706642787|0.0|2.0|2.0|InChI=1S/C8H16O2.C4H9N/c1-2-3-4-5-6-7-8(9)10;1-2-4-5-3-1/h2-7H2,1H3,(H,9,10);5H,1-4H2|C1CCNC1.CCCCCCCC(=O)O
4.929233551025391|3.7403554916381836|249.16493225097656|0.0005445649084008344|2111.389082731867|0.0|2.0|0.0|InChI=1S/C9H18O2/c1-4-6-7-11-9(10)8(3)5-2/h8H,4-7H2,1-3H3|CCCCOC(=O)C(C)CC
4.212618827819824|4.090170860290527|352.8857116699219|0.01072411674517141|1818.148071251068|0.0|1.0|0.0|InChI=1S/C9H17N2.BrH/c1-3-5-6-11-8-7-10(4-2)9-11;/h7-9H,3-6H2,1-2H3;1H/q+1;/p-1|CCCCn1cc[n+](CC)c1.[Br-]
8.605476379394531|3.7588627338409424|246.70010375976562|0.002827719203448301|3761.00810897889|0.0|2.0|0.0|InChI=1S/C18H36O2/c1-3-5-6-7-8-9-10-11-12-13-14-15-16-17-18(19)20-4-2/h3-17H2,1-2H3|CCCCCCCCCCCCCCCC(=O)OCC
12.183738708496094|4.373573303222656|262.2456970214844|0.0|0.0|0.0|0.0|0.0|InChI=1S/C32H68P.BrH/c1-5-9-13-17-21-25-29-33(30-26-22-18-14-10-6-2,31-27-23-19-15-11-7-3)32-28-24-20-16-12-8-4;/h5-32H2,1-4H3;1H/q+1;/p-1|CCCCCCCC[P+](CCCCCCCC)(CCCCCCCC)CCCCCCCC.[Br-]
3.936572313308716|3.8379743099212646|374.8856201171875|0.3055794262766252|313.3934643865094|0.0|2.0|0.0|InChI=1S/C12H8N2/c1-2-6-10-9(5-1)13-11-7-3-4-8-12(11)14-10/h1-8H|c1ccc2nc3ccccc3nc2c1
3.9321441650390625|3.7986690998077393|301.5362854003906|0.0016653422341174524|3024.5344195239227|0.0|1.0|0.0|InChI=1S/C10H12O/c1-3-4-9-5-7-10(11-2)8-6-9/h3,5-8H,1,4H2,2H3|C=CCc1ccc(OC)cc1
4.343050479888916|3.6552352905273438|337.94793701171875|0.006097930581082165|1883.4871589089266|0.0|2.0|0.0|InChI=1S/C10H8N2/c1-2-6-12-10(3-1)9-4-7-11-8-5-9/h1-8H|c1ccc(-c2ccncc2)nc1
8.167502403259277|4.139188766479492|254.86827087402344|0.021306474553811006|511.17771328078663|0.0|3.0|2.0|InChI=1S/C15H35NP.C5H11NO2/c1-4-7-12-17(13-8-5-2,14-9-6-3)15-10-11-16;1-3(2)4(6)5(7)8/h4-16H2,1-3H3;3-4H,6H2,1-2H3,(H,7,8)/q+1;/p-1/t;4-/m.0/s1|CC(C)[C@H](N)C(=O)[O-].CCCC[P+](CCCC)(CCCC)CCCN
4.013824462890625|3.9578444957733154|371.0532531738281|0.00020753402986893891|2208.3228527588694|0.0|1.0|0.0|InChI=1S/C7H13N2.BF4/c1-3-4-9-6-5-8(2)7-9;2-1(3,4)5/h5-7H,3-4H2,1-2H3;/q+1;-1|CCCn1cc[n+](C)c1.F[B-](F)(F)F
8.102869033813477|4.1444501876831055|382.03106689453125|0.002273217831965861|3058.1353651676673|0.0|5.0|0.0|InChI=1S/C14H21N2.C2F6NO4S2/c1-2-3-4-5-6-7-10-16-11-8-9-14(12-15)13-16;3-1(4,5)14(10,11)9-15(12,13)2(6,7)8/h8-9,11,13H,2-7,10H2,1H3;/q+1;-1|CCCCCCCC[n+]1cccc(C#N)c1.O=S(=O)([N-]S(=O)(=O)C(F)(F)F)C(F)(F)F
4.786657810211182|4.5|537.7080078125|0.002067734508517307|2785.42183650224|0.0|5.0|0.0|InChI=1S/C7H13N2.C2F6NO4S2/c1-7(2)9-5-4-8(3)6-9;3-1(4,5)14(10,11)9-15(12,13)2(6,7)8/h4-7H,1-3H3;/q+1;-1|CC(C)n1cc[n+](C)c1.O=S(=O)([N-]S(=O)(=O)C(F)(F)F)C(F)(F)F
4.796879768371582|3.8624656200408936|271.7768859863281|0.00860356718673377|1675.737431563328|0.0|2.0|0.0|InChI=1S/C10H18O2/c1-4-5-6-7-8-12-10(11)9(2)3/h5-6,9H,4,7-8H2,1-3H3|CCC=CCCOC(=O)C(C)C
3.4021546840667725|3.144355297088623|231.17152404785156|0.22178881280811244|1144.6637032381507|0.0|2.0|1.0|InChI=1S/C3H8O2/c1-5-3-2-4/h4H,2-3H2,1H3|COCCO
2.5030994415283203|3.825791120529175|282.4321594238281|0.0|0.0|0.0|0.0|0.0|InChI=1S/C6H12/c1-2-4-6-5-3-1/h1-6H2|C1CCCCC1
3.269296407699585|3.835636854171753|296.5810241699219|0.0|0.0|0.0|0.0|0.0|InChI=1S/C9H12/c1-3-9-7-5-4-6-8(9)2/h4-7H,3H2,1-2H3|CCc1ccccc1C
5.021625518798828|3.2841360569000244|232.55508422851562|0.0007371119387200622|2145.1850786207915|0.0|3.0|0.0|InChI=1S/C6H12O3/c1-3-8-4-5-9-6(2)7/h3-5H2,1-2H3|CCOCCOC(C)=O
5.2091474533081055|4.175221920013428|345.32440185546875|0.00011747806362156588|3984.4335875164943|0.0|5.0|1.0|InChI=1S/C4H9NO.C2F6NO4S2/c1-4(6)5(2)3;3-1(4,5)14(10,11)9-15(12,13)2(6,7)8/h1-3H3;/q;-1/p+1|CC(=O)[NH+](C)C.O=S(=O)([N-]S(=O)(=O)C(F)(F)F)C(F)(F)F
5.511745929718018|3.7686219215393066|280.5396423339844|0.001953279228891796|3186.4989508927843|0.0|1.0|0.0|InChI=1S/C12H23N/c1-2-3-4-5-6-7-8-9-10-11-12-13/h2-11H2,1H3|CCCCCCCCCCCC#N
4.20507287979126|4.134773254394531|360.00958251953125|0.003438540089583628|2009.2801992988361|0.0|3.0|1.0|InChI=1S/C5H11N.CHF3O3S/c1-4-5-6(2)3;2-1(3,4)8(5,6)7/h4H,1,5H2,2-3H3;(H,5,6,7)|C=CCN(C)C.O=S(=O)(O)C(F)(F)F
7.153299808502197|4.08326530456543|277.60003662109375|0.005193393625458006|3484.4274302412186|0.0|1.0|1.0|InChI=1S/C18H36O2/c1-2-3-4-5-6-7-8-9-10-11-12-13-14-15-16-17-18(19)20/h2-17H2,1H3,(H,19,20)|CCCCCCCCCCCCCCCCCC(=O)O
3.214837074279785|4.043048858642578|320.296875|0.0|0.0|0.0|0.0|0.0|InChI=1S/C10H16/c1-2-7(1)10(8-3-4-8)9-5-6-9/h7-10H,1-6H2|C1CC1C(C1CC1)C1CC1
4.440225124359131|3.036114454269409|235.3438262939453|0.014870178904160886|2709.232693290677|0.0|3.0|0.0|InChI=1S/C4H6O3/c1-3(5)4(6)7-2/h1-2H3|COC(=O)C(C)=O
4.113582134246826|3.6019935607910156|240.52862548828125|0.001148263780159142|2947.956329576366|0.0|2.0|0.0|InChI=1S/C7H14O2/c1-4-6(3)7(8)9-5-2/h6H,4-5H2,1-3H3|CCOC(=O)C(C)CC
4.289209842681885|4.315254211425781|430.96112060546875|0.29160161638727067|2759.371685244508|0.0|1.0|0.0|InChI=1S/C6H11N2.4ClH.In/c1-3-8-5-4-7(2)6-8;;;;;/h4-6H,3H2,1-2H3;4*1H;/q+1;;;;;+3/p-4|CCn1cc[n+](C)c1.[Cl-].[Cl-].[Cl-].[Cl-].[In+3]
6.10781717300415|3.8980541229248047|262.0531311035156|0.0|0.0|0.0|0.0|0.0|InChI=1S/C12H20N.BrH/c1-3-4-5-6-9-13-10-7-12(2)8-11-13;/h7-8,10-11H,3-6,9H2,1-2H3;1H/q+1;/p-1|CCCCCC[n+]1ccc(C)cc1.[Br-]
7.619392395019531|4.069857120513916|425.8344421386719|0.004969660631713849|1457.4855559721527|0.0|5.0|1.0|InChI=1S/C12H20N3.C7H6O5S/c1-2-3-4-5-8-14-10-11-15(12-14)9-6-7-13;8-7(9)5-2-1-3-6(4-5)13(10,11)12/h10-12H,2-6,8-9H2,1H3;1-4H,(H,8,9)(H,10,11,12)/q+1;/p-1|CCCCCC[n+]1ccn(CCC#N)c1.O=C([O-])c1cccc(S(=O)(=O)O)c1
4.23204231262207|3.930210590362549|269.12322998046875|0.0004216279842402594|2140.230497981127|0.0|2.0|1.0|InChI=1S/C7H13N2O.BF4/c1-7-8(2)3-4-9(7)5-6-10;2-1(3,4)5/h3-4,10H,5-6H2,1-2H3;/q+1;-1|Cc1n(CCO)cc[n+]1C.F[B-](F)(F)F
7.669198513031006|3.766408920288086|248.4383544921875|0.0017410532861938442|3905.2047624943725|0.0|2.0|0.0|InChI=1S/C16H32O2/c1-3-5-6-7-8-9-10-11-12-13-14-15-16(17)18-4-2/h3-15H2,1-2H3|CCCCCCCCCCCCCC(=O)OCC
3.2486021518707275|3.2230780124664307|170.0651397705078|0.0|0.0|0.0|0.0|0.0|InChI=1S/C3HF5/c4-1-2(5)3(6,7)8/h1H/b2-1-|F/C=C(\F)C(F)(F)F
5.875654220581055|3.812052011489868|267.5662841796875|0.000109350612607258|2878.3170601963784|0.0|1.0|0.0|InChI=1S/C9H17N2.BF4/c1-4-5-6-11-8-7-10(3)9(11)2;2-1(3,4)5/h7-8H,4-6H2,1-3H3;/q+1;-1|CCCCn1cc[n+](C)c1C.F[B-](F)(F)F
6.520549774169922|3.8770241737365723|269.6322021484375|0.0|0.0|0.0|0.0|0.0|InChI=1S/C17H28/c1-2-3-4-5-6-7-8-9-11-14-17-15-12-10-13-16-17/h10,12-13,15-16H,2-9,11,14H2,1H3|CCCCCCCCCCCc1ccccc1
3.147702932357788|3.736699104309082|282.5970764160156|0.0|0.0|0.0|0.0|0.0|InChI=1S/C8H10/c1-7-4-3-5-8(2)6-7/h3-6H,1-2H3|Cc1cccc(C)c1
3.374579668045044|3.2413859367370605|159.4893798828125|0.0|0.0|0.0|0.0|0.0|InChI=1S/C3F6/c4-1(2(5)6)3(7,8)9|FC(F)=C(F)C(F)(F)F
4.399572372436523|3.7605671882629395|234.02239990234375|0.004488226998237451|1869.2811779531041|0.0|1.0|0.0|InChI=1S/C9H20O/c1-8(2,3)7-9(4,5)10-6/h7H2,1-6H3|COC(C)(C)CC(C)(C)C
5.035560131072998|3.634889602661133|249.951416015625|0.004043561735562987|3304.122054185194|0.0|2.0|0.0|InChI=1S/C9H18O2/c1-2-3-4-5-6-7-8-11-9-10/h9H,2-8H2,1H3|CCCCCCCCOC=O
2.878119707107544|4.113865375518799|390.6662902832031|0.03916331218466546|2492.0929995419783|0.0|1.0|1.0|InChI=1S/C7H4Br2O2/c8-4-1-2-6(9)5(3-4)7(10)11/h1-3H,(H,10,11)|O=C(O)c1cc(Br)ccc1Br
13.519596099853516|3.3221232891082764|235.3855438232422|0.0006046826660654909|3701.2356688404648|0.0|1.0|1.0|InChI=1S/C22H42O2/c1-2-3-4-5-6-7-8-9-10-11-12-13-14-15-16-17-18-19-20-21-22(23)24/h9-10H,2-8,11-21H2,1H3,(H,23,24)/b10-9-|CCCCCCCC/C=C\CCCCCCCCCCCC(=O)O
3.257155656814575|3.6833224296569824|310.645751953125|0.0|0.0|0.0|0.0|0.0|InChI=1S/C7H7Br/c1-6-4-2-3-5-7(6)8/h2-5H,1H3|Cc1ccccc1Br
5.013141632080078|4.134427070617676|436.08416748046875|0.00795125508108266|1592.682197184921|0.0|5.0|0.0|InChI=1S/C8H15N2O.CHF3O3S/c1-3-9-4-5-10(8-9)6-7-11-2;2-1(3,4)8(5,6)7/h4-5,8H,3,6-7H2,1-2H3;(H,5,6,7)/q+1;/p-1|CC[n+]1ccn(CCOC)c1.O=S(=O)([O-])C(F)(F)F
6.813662052154541|4.035841464996338|272.9045104980469|0.0041266372527438856|3674.5680053431406|0.0|1.0|1.0|InChI=1S/C17H34O2/c1-2-3-4-5-6-7-8-9-10-11-12-13-14-15-16-17(18)19/h2-16H2,1H3,(H,18,19)|CCCCCCCCCCCCCCCCC(=O)O
3.2582693099975586|3.738407611846924|240.6273956298828|0.02564655326663308|2003.4711126311915|0.0|1.0|0.0|InChI=1S/C6H14O/c1-5-6(2,3)7-4/h5H2,1-4H3|CCC(C)(C)OC
1.0085620880126953|3.6995904445648193|150.2623748779297|0.0|0.0|0.0|0.0|0.0|InChI=1S/CH4/h1H4|C
5.577648639678955|4.159030437469482|397.7626037597656|0.007785194110321658|2846.015248734597|0.0|4.0|2.0|InChI=1S/C9H17N2.C4H9NO3/c1-3-4-5-6-11-8-7-10(2)9-11;1-2(6)3(5)4(7)8/h7-9H,3-6H2,1-2H3;2-3,6H,5H2,1H3,(H,7,8)/q+1;/p-1/t;2-,3+/m.1/s1|CCCCCn1cc[n+](C)c1.C[C@@H](O)[C@H](N)C(=O)[O-]
3.4405746459960938|3.939877986907959|287.45819091796875|0.0|0.0|0.0|0.0|0.0|InChI=1S/C10H14/c1-3-9(2)10-7-5-4-6-8-10/h4-9H,3H2,1-2H3|CCC(C)c1ccccc1
2.2338309288024902|3.4084055423736572|298.70111083984375|0.0|0.0|0.0|0.0|0.0|InChI=1S/CH2BrCl/c2-1-3/h1H2|ClCBr
4.274893760681152|3.9815893173217773|417.9544372558594|0.3307251595268806|1255.9381928095297|0.0|2.0|0.0|InChI=1S/C8H15N2O.ClH/c1-3-11-7-6-10-5-4-9(2)8-10;/h4-5,8H,3,6-7H2,1-2H3;1H/q+1;/p-1|CCOCCn1cc[n+](C)c1.[Cl-]
5.014683723449707|3.4941225051879883|240.99974060058594|0.0002737396054439939|2518.506488240373|0.0|3.0|0.0|InChI=1S/C7H14O3/c1-6(9-3)4-5-10-7(2)8/h6H,4-5H2,1-3H3|COC(C)CCOC(C)=O
1.867361307144165|4.483702659606934|388.5531005859375|0.0009977413099146102|2580.147052440292|0.0|3.0|1.0|InChI=1S/C5H10O3/c1-3-8-5(7)4(2)6/h4,6H,3H2,1-2H3/t4-/m0/s1|CCOC(=O)[C@H](C)O
3.475149631500244|3.457670211791992|177.1195831298828|0.9|1972.801022645892|0.0|1.0|1.0|InChI=1S/C6H13N/c1-2-4-6-7-5-3-1/h7H,1-6H2|C1CCCNCC1
4.683844089508057|4.127130508422852|450.1402587890625|0.00130455759283866|2376.190170771941|0.0|4.0|0.0|InChI=1S/C8H15N2.CHF3O3S/c1-3-4-5-10-7-6-9(2)8-10;2-1(3,4)8(5,6)7/h6-8H,3-5H2,1-2H3;(H,5,6,7)/q+1;/p-1|CCCCn1cc[n+](C)c1.O=S(=O)([O-])C(F)(F)F
10.820140838623047|3.7286548614501953|243.646728515625|0.000715205612572735|3169.2415659343974|0.0|2.0|0.0|InChI=1S/C23H44O2/c1-3-4-5-6-7-8-9-10-11-12-13-14-15-16-17-18-19-20-21-22-23(24)25-2/h10-11H,3-9,12-22H2,1-2H3/b11-10-|CCCCCCCC/C=C\CCCCCCCCCCCC(=O)OC
2.4641454219818115|3.8141865730285645|231.4522247314453|0.0|0.0|0.0|0.0|0.0|InChI=1S/C5H10/c1-4-5(2)3/h4-5H,1H2,2-3H3|C=CC(C)C
4.404443740844727|4.115622520446777|310.1371154785156|0.03127596848124759|2250.309384697014|0.0|4.0|4.0|InChI=1S/C9H19NO4/c1-9(2,6-12)7(13)8(14)10-4-3-5-11/h7,11-13H,3-6H2,1-2H3,(H,10,14)/t7-/m0/s1|CC(C)(CO)[C@@H](O)C(O)=NCCCO
4.210306167602539|3.890981912612915|267.9688415527344|0.0028050421779798104|2442.403326623108|0.0|1.0|1.0|InChI=1S/C9H20O/c1-3-5-6-7-8-9(10)4-2/h9-10H,3-8H2,1-2H3|CCCCCCC(O)CC
5.879783630371094|4.373032093048096|411.1647033691406|0.0002602638539727115|3415.93417204775|0.0|4.0|0.0|InChI=1S/C10H16N.C2F6NO4S2/c1-9(2)7-11-6-4-5-10(3)8-11;3-1(4,5)14(10,11)9-15(12,13)2(6,7)8/h4-6,8-9H,7H2,1-3H3;/q+1;-1|Cc1ccc[n+](CC(C)C)c1.O=S(=O)([N-]S(=O)(=O)C(F)(F)F)C(F)(F)F
2.297196388244629|3.5061230659484863|276.6835021972656|0.0|0.0|0.0|0.0|0.0|InChI=1S/C2H2Cl2/c3-1-2-4/h1-2H/b2-1+|Cl/C=C/Cl
12.35119915008545|4.134215354919434|250.4087371826172|0.06083492607125142|2287.6987867455023|0.0|2.0|1.0|InChI=1S/C24H51N.C8H16O2/c1-4-7-10-13-16-19-22-25(23-20-17-14-11-8-5-2)24-21-18-15-12-9-6-3;1-2-3-4-5-6-7-8(9)10/h4-24H2,1-3H3;2-7H2,1H3,(H,9,10)|CCCCCCCC(=O)O.CCCCCCCCN(CCCCCCCC)CCCCCCCC
6.969553470611572|3.8733625411987305|271.32464599609375|0.0001667306260386319|4546.659514221095|0.0|4.0|0.0|InChI=1S/C9H20NO.C4H11O3P/c1-3-4-5-10(2)6-8-11-9-7-10;1-2-3-4-7-8(5)6/h3-9H2,1-2H3;8H,2-4H2,1H3,(H,5,6)/q+1;/p-1|CCCCO[PH](=O)[O-].CCCC[N+]1(C)CCOCC1
5.019376754760742|4.134307384490967|430.8431091308594|0.0006552639320621596|3174.1900712120128|0.0|4.0|0.0|InChI=1S/C8H15N2.CH4O3S/c1-3-4-5-10-7-6-9(2)8-10;1-5(2,3)4/h6-8H,3-5H2,1-2H3;1H3,(H,2,3,4)/q+1;/p-1|CCCCn1cc[n+](C)c1.CS(=O)(=O)[O-]
1.9824093580245972|3.8532943725585938|242.6049346923828|0.0|0.0|0.0|0.0|0.0|InChI=1S/C4H8/c1-3-4-2/h3H,1,4H2,2H3|C=CCC
3.089646816253662|3.443405866622925|249.85491943359375|0.0|0.0|0.0|0.0|0.0|InChI=1S/C6H4F2/c7-5-2-1-3-6(8)4-5/h1-4H|Fc1cccc(F)c1
1.6058710813522339|3.5227184295654297|192.16488647460938|0.0|0.0|0.0|0.0|0.0|InChI=1S/C2H6/c1-2/h1-2H3|CC
3.2583858966827393|3.310797691345215|281.6202392578125|0.00010246330977185594|1845.2920925047724|0.0|2.0|1.0|InChI=1S/C4H9NO/c1-3-6-4-2-5-1/h5H,1-4H2|C1COCCN1
4.054384231567383|2.826045036315918|194.60443115234375|0.06634944677135894|1586.6579866502482|0.0|1.0|1.0|InChI=1S/C2H3F3O/c3-2(4,5)1-6/h6H,1H2|OCC(F)(F)F
1.9190919399261475|4.423075199127197|359.326904296875|0.010735785861459301|1558.896245756725|0.0|1.0|1.0|InChI=1S/C6H13N/c7-6-4-2-1-3-5-6/h6H,1-5,7H2|NC1CCCCC1
3.3046958446502686|3.937476873397827|244.95095825195312|0.0|0.0|0.0|0.0|0.0|InChI=1S/C8H16/c1-7(2)6-8(3,4)5/h1,6H2,2-5H3|C=C(C)CC(C)(C)C
5.469210624694824|3.657071590423584|243.8448486328125|0.0014059857804082153|2826.28363622469|0.0|2.0|0.0|InChI=1S/C10H20O2/c1-3-5-6-7-8-9-10(11)12-4-2/h3-9H2,1-2H3|CCCCCCCC(=O)OCC
2.209465265274048|3.9099414348602295|330.10546875|0.0|0.0|0.0|0.0|0.0|InChI=1S/CBrCl3/c2-1(3,4)5|ClC(Cl)(Cl)Br
14.21436595916748|4.399893760681152|284.6840515136719|0.01388843232203|1393.8324687478646|0.0|1.0|0.0|InChI=1S/C32H68P.C3HCl2N2/c1-5-9-13-17-18-19-20-21-22-23-24-28-32-33(29-25-14-10-6-2,30-26-15-11-7-3)31-27-16-12-8-4;4-2-3(5)7-1-6-2/h5-32H2,1-4H3;1H/q+1;-1|CCCCCCCCCCCCCC[P+](CCCCCC)(CCCCCC)CCCCCC.Clc1nc[n-]c1Cl
2.4825825691223145|4.39198637008667|405.03497314453125|0.0015107887725557226|2518.3239906839426|0.0|3.0|1.0|InChI=1S/C6H12O3/c1-6(2)8-4-5(3-7)9-6/h5,7H,3-4H2,1-2H3|CC1(C)OCC(CO)O1
2.549686908721924|3.5908069610595703|269.8580627441406|0.04658413586943523|1710.3872632419154|0.0|1.0|0.0|InChI=1S/C3H8S/c1-3-4-2/h3H2,1-2H3|CCSC
6.648500442504883|4.26975154876709|380.9344482421875|0.0001350677965634725|4162.712536772855|0.0|5.0|0.0|InChI=1S/C8H15N2.C4H2F8O4S/c1-3-4-5-10-7-6-9(2)8-10;5-1(2(6,7)8)16-3(9,10)4(11,12)17(13,14)15/h6-8H,3-5H2,1-2H3;1H,(H,13,14,15)/q+1;/p-1|CCCCn1cc[n+](C)c1.O=S(=O)([O-])C(F)(F)C(F)(F)OC(F)C(F)(F)F
3.6035265922546387|3.831615447998047|289.3359375|0.0|0.0|0.0|0.0|0.0|InChI=1S/C6H13I/c1-2-3-4-5-6-7/h2-6H2,1H3|CCCCCCI
6.50502872467041|3.3209705352783203|236.8037872314453|0.0004575647969042129|2274.6034774989334|0.0|3.0|3.0|InChI=1S/C5H10O2.C3H9NO/c1-2-3-4-5(6)7;1-4-2-3-5/h2-4H2,1H3,(H,6,7);4-5H,2-3H2,1H3|CCCCC(=O)O.CNCCO
5.624080181121826|3.7202961444854736|281.56683349609375|0.003940886519946961|2142.3323251937204|0.0|4.0|0.0|InChI=1S/C8H12N.CH4O4S/c1-3-8-6-4-5-7-9(8)2;1-5-6(2,3)4/h4-7H,3H2,1-2H3;1H3,(H,2,3,4)/q+1;/p-1|CCc1cccc[n+]1C.COS(=O)(=O)[O-]
4.6415696144104|3.1675751209259033|306.43182373046875|1.6274237314523403e-05|5000.0|0.0|3.0|0.0|InChI=1S/C6H8O3/c1-4(7)5-2-3-9-6(5)8/h5H,2-3H2,1H3|CC(=O)C1CCOC1=O
8.640275955200195|3.959871292114258|269.63470458984375|0.006348877437593091|1986.961268788954|0.0|3.0|0.0|InChI=1S/C19H37N2.CHNS/c1-2-3-4-5-6-7-8-11-15-20-17-13-18-21-16-12-9-10-14-19(20)21;2-1-3/h2-18H2,1H3;3H/q+1;/p-1|CCCCCCCCCC[N+]1=C2CCCCCN2CCC1.N#C[S-]
6.5260491371154785|4.020908355712891|262.4909973144531|0.07202780754806877|1323.1264251778039|0.0|4.0|0.0|InChI=1S/C13H30P.CH4O4S/c1-5-8-11-14(4,12-9-6-2)13-10-7-3;1-5-6(2,3)4/h5-13H2,1-4H3;1H3,(H,2,3,4)/q+1;/p-1|CCCC[P+](C)(CCCC)CCCC.COS(=O)(=O)[O-]
10.958720207214355|4.290976047515869|241.82298278808594|0.0|0.0|0.0|0.0|0.0|InChI=1S/C27H58N3.ClH/c1-7-11-15-19-23-29(24-20-16-12-8-2)27(28(5)6)30(25-21-17-13-9-3)26-22-18-14-10-4;/h7-26H2,1-6H3;1H/q+1;/p-1|CCCCCCN(CCCCCC)C(N(CCCCCC)CCCCCC)=[N+](C)C.[Cl-]
3.515484094619751|3.6051411628723145|344.8864440917969|0.0052440861644793895|2166.08610472595|0.0|1.0|1.0|InChI=1S/C6H5IO/c7-5-1-3-6(8)4-2-5/h1-4,8H|Oc1ccc(I)cc1
5.767082214355469|4.5|496.16790771484375|2.175300045113303e-05|5000.0|0.0|5.0|0.0|InChI=1S/C10H19N2.C2F6NO4S2/c1-10(2)5-4-6-12-8-7-11(3)9-12;3-1(4,5)14(10,11)9-15(12,13)2(6,7)8/h7-10H,4-6H2,1-3H3;/q+1;-1|CC(C)CCCn1cc[n+](C)c1.O=S(=O)([N-]S(=O)(=O)C(F)(F)F)C(F)(F)F
9.309545516967773|4.02012825012207|250.63380432128906|0.0|0.0|0.0|0.0|0.0|InChI=1S/C23H46/c1-3-5-7-9-11-13-15-17-19-21-23-22-20-18-16-14-12-10-8-6-4-2/h17,19H,3-16,18,20-23H2,1-2H3/b19-17-|CCCCCCCC/C=C\CCCCCCCCCCCCC
4.803318500518799|3.4787535667419434|247.30075073242188|0.004559079173994514|1998.9733269672192|0.0|2.0|0.0|InChI=1S/C8H14O2/c1-3-4-5-6-7-10-8(2)9/h5-6H,3-4,7H2,1-2H3/b6-5+|CCC/C=C/COC(C)=O
4.580844402313232|3.5789074897766113|194.31405639648438|0.0019088402612633052|3647.029191503757|0.0|1.0|0.0|InChI=1S/C6H3F9O/c1-2(16)3(7,8)4(9,10)5(11,12)6(13,14)15/h1H3|CC(=O)C(F)(F)C(F)(F)C(F)(F)C(F)(F)F
2.434800148010254|3.7781219482421875|279.3532409667969|0.0|0.0|0.0|0.0|0.0|InChI=1S/C2H3Cl3/c1-2(3,4)5/h1H3|CC(Cl)(Cl)Cl
2.953254222869873|3.623866319656372|242.69793701171875|0.004061999381166036|2380.1708567897467|0.0|1.0|1.0|InChI=1S/C5H10O/c1-4-5(2,3)6/h4,6H,1H2,2-3H3|C=CC(C)(C)O
4.575146675109863|3.4807302951812744|234.43394470214844|0.00035427867885796265|228.7001869117839|0.0|2.0|0.0|InChI=1S/C7H14O2/c1-3-5-6-9-7(8)4-2/h3-6H2,1-2H3|CCCCOC(=O)CC
5.494375705718994|3.957529067993164|301.9949645996094|0.0007363378281166048|3509.9290519954848|0.0|4.0|1.0|InChI=1S/C8H18NO2.C2N3/c1-9(3-2-6-10)4-7-11-8-5-9;3-1-5-2-4/h10H,2-8H2,1H3;/q+1;-1|C[N+]1(CCCO)CCOCC1.N#C[N-]C#N
5.707439422607422|3.392138957977295|288.9183654785156|0.03901595073235856|1307.2940981927272|0.0|5.0|4.0|InChI=1S/C4H11NO2.C3H6O3/c5-1-3-7-4-2-6;1-2(4)3(5)6/h6H,1-5H2;2,4H,1H3,(H,5,6)|CC(O)C(=O)O.NCCOCCO
1.4995425939559937|4.258956432342529|287.6572265625|0.010418022972416466|2851.1257639874984|0.0|3.0|1.0|InChI=1S/C3H6O3/c1-6-3(5)2-4/h4H,2H2,1H3|COC(=O)CO
6.900476932525635|4.388162136077881|364.5007019042969|0.00025271959225871087|3302.8979026687343|0.0|4.0|0.0|InChI=1S/C12H28N.C2F6NO4S2/c1-5-9-10-11-12-13(6-2,7-3)8-4;3-1(4,5)14(10,11)9-15(12,13)2(6,7)8/h5-12H2,1-4H3;/q+1;-1|CCCCCC[N+](CC)(CC)CC.O=S(=O)([N-]S(=O)(=O)C(F)(F)F)C(F)(F)F
5.206997394561768|4.250060081481934|458.3045959472656|0.00243972983845691|2095.428517207826|0.0|5.0|0.0|InChI=1S/C10H16N3.CHF3O3S/c1-2-3-6-12-8-9-13(10-12)7-4-5-11;2-1(3,4)8(5,6)7/h8-10H,2-4,6-7H2,1H3;(H,5,6,7)/q+1;/p-1|CCCC[n+]1ccn(CCC#N)c1.O=S(=O)([O-])C(F)(F)F
5.408102989196777|3.8147339820861816|247.82980346679688|0.0|0.0|0.0|0.0|0.0|InChI=1S/C12H24/c1-3-5-7-9-11-12-10-8-6-4-2/h3H,1,4-12H2,2H3|C=CCCCCCCCCCC
3.448594093322754|3.3158130645751953|214.71038818359375|0.8172695203762004|491.52431838503077|0.0|1.0|1.0|InChI=1S/C4H11N/c1-2-3-4-5/h2-5H2,1H3|CCCCN
5.72236442565918|4.020430564880371|286.7183532714844|0.01127175916919166|3529.9193109845473|0.0|4.0|0.0|InChI=1S/C9H20N.C4BN4/c1-3-4-7-10(2)8-5-6-9-10;6-1-5(2-7,3-8)4-9/h3-9H2,1-2H3;/q+1;-1|CCCC[N+]1(C)CCCC1.N#C[B-](C#N)(C#N)C#N
5.425727844238281|4.304862976074219|390.4753723144531|0.0002900008322907457|3802.767915870739|0.0|4.0|0.0|InChI=1S/C8H17S.C2F6NO4S2/c1-2-3-6-9-7-4-5-8-9;3-1(4,5)14(10,11)9-15(12,13)2(6,7)8/h2-8H2,1H3;/q+1;-1|CCCC[S+]1CCCC1.O=S(=O)([N-]S(=O)(=O)C(F)(F)F)C(F)(F)F
4.0351152420043945|3.4930717945098877|241.1374053955078|0.00016375220068338514|1668.1210908777489|0.0|2.0|0.0|InChI=1S/C6H12O2/c1-3-4-5-8-6(2)7/h3-5H2,1-2H3|CCCCOC(C)=O
3.9883816242218018|4.299178600311279|350.989990234375|0.0|0.0|0.0|0.0|0.0|InChI=1S/C12H10/c1-3-9-4-2-6-11-8-7-10(5-1)12(9)11/h1-6H,7-8H2/i1D,2D,3D,4D,5D,6D,7D2,8D2|[2H]c1c([2H])c2c3c(c([2H])c([2H])c([2H])c3c1[2H])C([2H])([2H])C2([2H])[2H]
5.773902893066406|3.891684055328369|374.5834655761719|0.014987173604568315|2893.138842442277|0.0|1.0|0.0|InChI=1S/C14H27N2.ClH/c1-3-4-5-6-7-8-9-10-11-16-13-12-15(2)14-16;/h12-14H,3-11H2,1-2H3;1H/q+1;/p-1|CCCCCCCCCCn1cc[n+](C)c1.[Cl-]
2.920073986053467|3.994101047515869|346.81787109375|0.011688564636491481|1295.3359294420627|0.0|3.0|1.0|InChI=1S/C8H8O3/c1-11-8(10)6-4-2-3-5-7(6)9/h2-5,9H,1H3|COC(=O)c1ccccc1O
2.5066323280334473|4.447444915771484|425.4051208496094|0.016397916677525288|2600.7546424926654|0.0|1.0|1.0|InChI=1S/C7H4Br2O2/c8-5-1-4(7(10)11)2-6(9)3-5/h1-3H,(H,10,11)|O=C(O)c1cc(Br)cc(Br)c1
4.171216011047363|3.3901751041412354|237.2943115234375|0.0015522233362740155|2596.2439819284514|0.0|2.0|2.0|InChI=1S/C4H8O3/c1-4(2,7)3(5)6/h7H,1-2H3,(H,5,6)|CC(C)(O)C(=O)O
5.2414960861206055|3.500325918197632|282.4934997558594|0.028929871663792885|1307.5704330752228|0.0|2.0|0.0|InChI=1S/C10H10N2/c1-2-5-10(6-3-1)9-12-8-4-7-11-12/h1-8H,9H2|c1ccc(Cn2cccn2)cc1
5.401107311248779|3.5865581035614014|323.2344665527344|0.0010001795322686143|421.8676185229532|0.0|2.0|1.0|InChI=1S/C9H16N2.C2H4O2/c1-2-5-9-10-6-4-8-11(9)7-3-1;1-2(3)4/h1-8H2;1H3,(H,3,4)|C1CCC2=NCCCN2CC1.CC(=O)O
9.216818809509277|3.764538049697876|248.14678955078125|0.004103589860553665|3319.3429245792395|0.0|2.0|0.0|InChI=1S/C19H38O2/c1-3-4-5-6-7-8-9-10-11-12-13-14-15-16-17-18-19(20)21-2/h3-18H2,1-2H3|CCCCCCCCCCCCCCCCCC(=O)OC
14.109222412109375|4.16201639175415|282.30462646484375|0.000527128137198555|3299.105008888264|0.0|9.0|0.0|InChI=1S/C20H38O7S.C12H20N3/c1-5-9-11-16(7-3)14-26-19(21)13-18(28(23,24)25)20(22)27-15-17(8-4)12-10-6-2;1-2-3-4-5-8-14-10-11-15(12-14)9-6-7-13/h16-18H,5-15H2,1-4H3,(H,23,24,25);10-12H,2-6,8-9H2,1H3/q;+1/p-1|CCCCC(CC)COC(=O)CC(C(=O)OCC(CC)CCCC)S(=O)(=O)[O-].CCCCCC[n+]1ccn(CCC#N)c1
3.078213691711426|3.5300729274749756|283.115478515625|0.0018340323506515594|2821.403510226941|0.0|1.0|0.0|InChI=1S/C5H7N/c1-2-3-4-5-6/h2-3H,4H2,1H3|CC=CCC#N
7.048572540283203|4.05344295501709|312.653564453125|0.005281077372838774|2345.326207832292|0.0|1.0|0.0|InChI=1S/C17H33N2.BrH/c1-3-5-6-7-8-9-10-11-12-13-14-19-16-15-18(4-2)17-19;/h15-17H,3-14H2,1-2H3;1H/q+1;/p-1|CCCCCCCCCCCCn1cc[n+](CC)c1.[Br-]
4.613828182220459|3.2955679893493652|122.84944915771484|0.20860366309949097|2105.38302785132|0.0|3.0|3.0|InChI=1S/C3H9NO.C2HF3O2/c4-2-1-3-5;3-2(4,5)1(6)7/h5H,1-4H2;(H,6,7)|NCCCO.O=C(O)C(F)(F)F
3.169394016265869|3.3828365802764893|272.20819091796875|0.011569562626060986|2189.6308005930605|0.0|2.0|0.0|InChI=1S/C5H6N2/c1-5-4-6-2-3-7-5/h2-4H,1H3|Cc1cnccn1
4.588918209075928|4.145047187805176|438.2546081542969|0.004742699725537839|2224.510640930686|0.0|2.0|1.0|InChI=1S/C10H19N2O.ClH/c1-11-7-8-12(10-11)6-4-2-3-5-9-13;/h7-8,10,13H,2-6,9H2,1H3;1H/q+1;/p-1|C[n+]1ccn(CCCCCCO)c1.[Cl-]
2.736504554748535|3.602029323577881|299.9571533203125|0.0|0.0|0.0|0.0|0.0|InChI=1S/C3H6Cl2/c4-2-1-3-5/h1-3H2|ClCCCCl
6.428467273712158|3.997032403945923|499.5763854980469|0.011412688087979362|3191.9895471779723|0.0|6.0|1.0|InChI=1S/C8H14N2O3S.CHF3O3S/c1-9-5-6-10(8-9)4-2-3-7-14(11,12)13;2-1(3,4)8(5,6)7/h5-6,8H,2-4,7H2,1H3;(H,5,6,7)|C[n+]1ccn(CCCCS(=O)(=O)[O-])c1.O=S(=O)(O)C(F)(F)F
6.205933570861816|3.376695156097412|245.2655792236328|0.0007328394346797521|3350.815668064843|0.0|3.0|0.0|InChI=1S/C9H16O3/c1-3-4-7-12-9(11)6-5-8(2)10/h3-7H2,1-2H3|CCCCOC(=O)CCC(C)=O
3.7563531398773193|3.6617941856384277|327.7078552246094|0.0026872816268103047|3313.6077980363366|0.0|2.0|0.0|InChI=1S/C7H12O2/c1-2-3-6-4-5-7(8)9-6/h6H,2-5H2,1H3|CCCC1CCC(=O)O1
6.142714977264404|3.900817632675171|267.21673583984375|0.0033106694338899583|2707.448506603211|0.0|1.0|1.0|InChI=1S/C14H30O/c1-2-3-4-5-6-7-8-9-10-11-12-13-14-15/h15H,2-14H2,1H3|CCCCCCCCCCCCCCO
12.15848445892334|3.7276644706726074|243.68206787109375|0.006059800203442539|5000.0|0.0|6.0|0.0|InChI=1S/C27H50O6/c1-4-7-10-13-16-19-25(28)31-22-24(33-27(30)21-18-15-12-9-6-3)23-32-26(29)20-17-14-11-8-5-2/h24H,4-23H2,1-3H3|CCCCCCCC(=O)OCC(COC(=O)CCCCCCC)OC(=O)CCCCCCC
6.9379167556762695|4.5|370.49212646484375|0.0010817306348092821|4561.297228754902|0.0|9.0|6.0|InChI=1S/C7H17NO7S.C5H14NO/c9-3-7(4-10,5-11)8-1-6(12)2-16(13,14)15;1-6(2,3)4-5-7/h6,8-12H,1-5H2,(H,13,14,15);7H,4-5H2,1-3H3/q;+1/p-1|C[N+](C)(C)CCO.O=S(=O)([O-])CC(O)CNC(CO)(CO)CO
6.009737491607666|4.196325302124023|370.671875|9.998627646510991e-05|3099.776526650181|0.0|4.0|0.0|InChI=1S/C9H14N.C2F6NO4S2/c1-3-7-10-8-5-4-6-9(10)2;3-1(4,5)14(10,11)9-15(12,13)2(6,7)8/h4-6,8H,3,7H2,1-2H3;/q+1;-1|CCC[n+]1ccccc1C.O=S(=O)([N-]S(=O)(=O)C(F)(F)F)C(F)(F)F
3.8744730949401855|3.400526523590088|286.46002197265625|0.9|227.36484151461875|0.0|2.0|1.0|InChI=1S/C7H8O2/c1-9-7-5-3-2-4-6(7)8/h2-5,8H,1H3|COc1ccccc1O
2.9472177028656006|3.5051493644714355|220.40846252441406|0.08968960260636358|1430.9081373936556|0.0|1.0|0.0|InChI=1S/C4H10O/c1-3-5-4-2/h3-4H2,1-2H3|CCOCC
3.038113594055176|4.210775852203369|308.0917053222656|0.0014762928806871408|1465.3230140205117|0.0|2.0|1.0|InChI=1S/C6H16N2/c1-3-8(4-2)6-5-7/h3-7H2,1-2H3|CCN(CC)CCN
3.6814396381378174|3.419151782989502|240.66737365722656|0.004087516263357193|2106.7612056907556|0.0|2.0|0.0|InChI=1S/C5H10O2/c1-2-3-4-7-5-6/h5H,2-4H2,1H3|CCCCOC=O
3.842069625854492|4.188710689544678|487.9565124511719|0.017579434171684102|2402.5527496528643|0.0|3.0|1.0|InChI=1S/C6H11N2.C2H5NO2/c1-3-8-5-4-7(2)6-8;3-1-2(4)5/h4-6H,3H2,1-2H3;1,3H2,(H,4,5)/q+1;/p-1|CCn1cc[n+](C)c1.NCC(=O)[O-]
6.696291446685791|4.478673458099365|414.3833923339844|0.0006109806152603561|2390.304640982318|0.0|5.0|0.0|InChI=1S/C12H25N2.C2F6NO4S2/c1-2-3-4-5-9-14-10-6-13(7-11-14)8-12-14;3-1(4,5)14(10,11)9-15(12,13)2(6,7)8/h2-12H2,1H3;/q+1;-1|CCCCCC[N+]12CCN(CC1)CC2.O=S(=O)([N-]S(=O)(=O)C(F)(F)F)C(F)(F)F
6.17871618270874|4.206054210662842|391.3932800292969|0.01607710586164213|4317.242671390955|0.0|5.0|0.0|InChI=1S/C8H15N2.C3H2F6O4S/c1-3-4-5-10-7-6-9(2)8-10;4-1(13-3(7,8)9)2(5,6)14(10,11)12/h6-8H,3-5H2,1-2H3;1H,(H,10,11,12)/q+1;/p-1|CCCCn1cc[n+](C)c1.O=S(=O)([O-])C(F)(F)C(F)OC(F)(F)F
4.733221054077148|3.498732805252075|254.5861358642578|0.001544370364246904|1499.9511919802392|0.0|3.0|1.0|InChI=1S/C7H14O3/c1-3-4-5-10-7(9)6(2)8/h6,8H,3-5H2,1-2H3|CCCCOC(=O)C(C)O
2.871598958969116|3.7574682235717773|314.1448669433594|0.0|0.0|0.0|0.0|0.0|InChI=1S/C4H8Cl2/c5-3-1-2-4-6/h1-4H2|ClCCCCCl
7.3166584968566895|4.153257846832275|357.057373046875|6.449753736424521e-05|3511.6694537914364|0.0|4.0|0.0|InChI=1S/C12H20N.C2F6NO4S2/c1-3-4-5-6-9-13-10-7-12(2)8-11-13;3-1(4,5)14(10,11)9-15(12,13)2(6,7)8/h7-8,10-11H,3-6,9H2,1-2H3;/q+1;-1|CCCCCC[n+]1ccc(C)cc1.O=S(=O)([N-]S(=O)(=O)C(F)(F)F)C(F)(F)F
13.748684883117676|4.378166675567627|288.14453125|0.021038082464194075|1352.3763120951244|0.0|3.0|0.0|InChI=1S/C32H68P.CHN4/c1-5-9-13-17-18-19-20-21-22-23-24-28-32-33(29-25-14-10-6-2,30-26-15-11-7-3)31-27-16-12-8-4;1-2-4-5-3-1/h5-32H2,1-4H3;1H/q+1;-1|CCCCCCCCCCCCCC[P+](CCCCCC)(CCCCCC)CCCCCC.c1nn[n-]n1
3.827580451965332|3.697023391723633|246.86607360839844|0.01415174917294581|1306.5407543899796|0.0|2.0|0.0|InChI=1S/C6H14O2/c1-3-5-8-6-7-4-2/h3-6H2,1-2H3|CCCOCOCC
10.953487396240234|4.132815837860107|194.55685424804688|2.7587052373302725e-05|3834.700171510133|0.0|6.0|0.0|InChI=1S/C16H48O6Si7/c1-23(2,3)17-25(7,8)19-27(11,12)21-29(15,16)22-28(13,14)20-26(9,10)18-24(4,5)6/h1-16H3|C[Si](C)(C)O[Si](C)(C)O[Si](C)(C)O[Si](C)(C)O[Si](C)(C)O[Si](C)(C)O[Si](C)(C)C
3.2203125953674316|3.9604125022888184|350.9144592285156|0.0|0.0|0.0|0.0|0.0|InChI=1S/C11H10/c1-9-6-7-10-4-2-3-5-11(10)8-9/h2-8H,1H3|Cc1ccc2ccccc2c1
5.0756306648254395|3.745936155319214|319.4030456542969|0.00640299456129611|3387.2249966176364|0.0|2.0|1.0|InChI=1S/C13H11NO2/c15-13(11-7-3-1-4-8-11)14(16)12-9-5-2-6-10-12/h1-10,16H|O=C(c1ccccc1)N(O)c1ccccc1
6.038143157958984|3.9543774127960205|272.50714111328125|0.0|0.0|0.0|0.0|0.0|InChI=1S/C13H22N.BrH/c1-2-3-4-5-6-8-11-14-12-9-7-10-13-14;/h7,9-10,12-13H,2-6,8,11H2,1H3;1H/q+1;/p-1|CCCCCCCC[n+]1ccccc1.[Br-]
5.133598804473877|3.228776693344116|252.6292266845703|0.0033727166046964817|2696.741385895696|0.0|1.0|1.0|InChI=1S/C6H12O2/c1-2-3-4-5-6(7)8/h2-5H2,1H3,(H,7,8)|CCCCCC(=O)O
4.04232931137085|4.230565547943115|342.54815673828125|0.024531804770428243|1986.7769321162696|0.0|3.0|3.0|InChI=1S/C4H8O2.C2H7NO/c1-2-3-4(5)6;3-1-2-4/h2-3H2,1H3,(H,5,6);4H,1-3H2|CCCC(=O)O.NCCO
2.86752986907959|3.7603542804718018|326.70068359375|0.0|0.0|0.0|0.0|0.0|InChI=1S/C6H4FI/c7-5-1-3-6(8)4-2-5/h1-4H|Fc1ccc(I)cc1
3.967108964920044|4.2096266746521|373.906005859375|0.0003119276265064899|326.76246129143607|0.0|3.0|3.0|InChI=1S/C3H6O2.C2H7NO/c1-2-3(4)5;3-1-2-4/h2H2,1H3,(H,4,5);4H,1-3H2|CCC(=O)O.NCCO
7.495071887969971|4.025119781494141|212.94752502441406|0.0|0.0|0.0|0.0|0.0|InChI=1S/C9H20N.C6F18P/c1-3-4-7-10(2)8-5-6-9-10;7-1(8,9)4(16,17)25(22,23,24,5(18,19)2(10,11)12)6(20,21)3(13,14)15/h3-9H2,1-2H3;/q+1;-1|CCCC[N+]1(C)CCCC1.FC(F)(F)C(F)(F)[P-](F)(F)(F)(C(F)(F)C(F)(F)F)C(F)(F)C(F)(F)F
3.921726942062378|4.222074031829834|409.662109375|0.0|0.0|0.0|0.0|0.0|InChI=1S/C17H12/c1-2-6-13-11-17-15(9-12(13)5-1)10-14-7-3-4-8-16(14)17/h1-9,11H,10H2|c1ccc2c(c1)Cc1cc3ccccc3cc1-2
1.881651520729065|4.114004611968994|390.20965576171875|0.00010110511789905033|2989.9399763606557|0.0|2.0|1.0|InChI=1S/C4H8O2/c1-3(5)4(2)6/h3,5H,1-2H3|CC(=O)C(C)O
2.5976414680480957|3.7005090713500977|234.13308715820312|0.0|0.0|0.0|0.0|0.0|InChI=1S/C5H10/c1-4-5(2)3/h2,4H2,1,3H3|C=C(C)CC
3.173741102218628|3.569552183151245|236.25289916992188|0.0|0.0|0.0|0.0|0.0|InChI=1S/C6H10/c1-3-5-6-4-2/h1H,4-6H2,2H3|C#CCCCC
1.2510944604873657|2.894357204437256|324.2003479003906|0.0|0.0|0.0|0.0|0.0|InChI=1S/FH/h1H|F
2.893712043762207|3.876654624938965|354.8753356933594|0.0|0.0|0.0|0.0|0.0|InChI=1S/C6H4BrCl/c7-5-3-1-2-4-6(5)8/h1-4H|Clc1ccccc1Br
4.959922790527344|3.5229318141937256|238.01173400878906|0.00014682814784718358|2900.2439549711617|0.0|2.0|0.0|InChI=1S/C8H16O2/c1-3-4-5-6-7-10-8(2)9/h3-7H2,1-2H3|CCCCCCOC(C)=O
8.888124465942383|3.929732322692871|271.0247497558594|0.0010517622562003653|3810.876591821227|0.0|2.0|0.0|InChI=1S/C21H38O2/c1-3-4-5-6-7-8-9-10-11-12-13-14-15-16-17-18-19-20-21(22)23-2/h7-8,10-11H,3-6,9,12-20H2,1-2H3/b8-7-,11-10-|CCCCC/C=C\C/C=C\CCCCCCCCCC(=O)OC
3.2134974002838135|3.4201292991638184|245.34255981445312|0.0|0.0|0.0|0.0|0.0|InChI=1S/C6H3F3/c7-4-1-2-5(8)6(9)3-4/h1-3H|Fc1ccc(F)c(F)c1
4.043829441070557|2.9582157135009766|250.1641082763672|0.005849589203105477|2033.759251188625|0.0|2.0|2.0|InChI=1S/C3H6O3/c1-2(4)3(5)6/h2,4H,1H3,(H,5,6)|CC(O)C(=O)O
3.64215350151062|3.9593210220336914|252.08993530273438|0.0|0.0|0.0|0.0|0.0|InChI=1S/C9H20/c1-5-8(3)7-9(4)6-2/h8-9H,5-7H2,1-4H3|CCC(C)CC(C)CC
5.743785858154297|3.3193094730377197|198.14434814453125|0.9|1922.2543570224352|0.0|1.0|1.0|InChI=1S/C7H15N/c1-2-4-6-8-7-5-3-1/h8H,1-7H2|C1CCCNCCC1
4.215951919555664|4.3453240394592285|536.79052734375|0.007255231168997757|2411.5397029594374|0.0|5.0|0.0|InChI=1S/C6H11N2.F2NO4S2/c1-3-8-5-4-7(2)6-8;1-8(4,5)3-9(2,6)7/h4-6H,3H2,1-2H3;/q+1;-1|CCn1cc[n+](C)c1.O=S(=O)(F)[N-]S(=O)(=O)F
2.4793689250946045|4.299221515655518|268.8114318847656|0.031115696482487572|2006.9915661567447|0.0|3.0|2.0|InChI=1S/C6H14O3/c7-3-1-5-9-6-2-4-8/h7-8H,1-6H2|OCCCOCCCO
3.5699961185455322|4.0651535987854|398.3370361328125|0.04730969223532121|2114.445543527734|0.0|1.0|0.0|InChI=1S/C7H13N2.BrH/c1-3-4-9-6-5-8(2)7-9;/h5-7H,3-4H2,1-2H3;1H/q+1;/p-1|CCCn1cc[n+](C)c1.[Br-]
8.490606307983398|3.8866541385650635|220.35630798339844|0.0008188730738234324|5000.0|0.0|2.0|0.0|InChI=1S/C8H18NO2.C6F18P/c1-9(3-6-10-2)4-7-11-8-5-9;7-1(8,9)4(16,17)25(22,23,24,5(18,19)2(10,11)12)6(20,21)3(13,14)15/h3-8H2,1-2H3;/q+1;-1|COCC[N+]1(C)CCOCC1.FC(F)(F)C(F)(F)[P-](F)(F)(F)(C(F)(F)C(F)(F)F)C(F)(F)C(F)(F)F
1.4250880479812622|3.5163261890411377|550.0|0.006442053599741053|2121.3774896733767|0.0|1.0|2.0|InChI=1S/CH3NO/c2-1-3/h1H,(H2,2,3)|N=CO
5.239635467529297|4.12298583984375|451.6651306152344|0.0006374389411528121|3338.643600850556|0.0|5.0|4.0|InChI=1S/C8H19NO3S.H2O4S/c1-8(2)7-9-5-3-4-6-13(10,11)12;1-5(2,3)4/h8-9H,3-7H2,1-2H3,(H,10,11,12);(H2,1,2,3,4)|CC(C)CNCCCCS(=O)(=O)O.O=S(=O)(O)O
2.9085757732391357|3.5838451385498047|199.56524658203125|0.0|0.0|0.0|0.0|0.0|InChI=1S/C3H3ClF4/c1-2(4,5)3(6,7)8/h1H3|CC(F)(Cl)C(F)(F)F
3.4747366905212402|3.6271555423736572|306.0090637207031|0.0005130785501810419|2856.846070462114|0.0|1.0|0.0|InChI=1S/C8H7N/c1-7-2-4-8(6-9)5-3-7/h2-5H,1H3|Cc1ccc(C#N)cc1
9.552045822143555|3.6975440979003906|195.50535583496094|0.0013692521478932422|653.9809672175902|0.0|3.0|0.0|InChI=1S/C12H21F9O3Si3/c1-25(7-4-10(13,14)15)22-26(2,8-5-11(16,17)18)24-27(3,23-25)9-6-12(19,20)21/h4-9H2,1-3H3|C[Si]1(CCC(F)(F)F)O[Si](C)(CCC(F)(F)F)O[Si](C)(CCC(F)(F)F)O1
4.073533058166504|3.783329963684082|322.894775390625|0.040160267906405964|1951.3971608824986|0.0|1.0|0.0|InChI=1S/C10H17NO/c12-10-7-4-8-11(10)9-5-2-1-3-6-9/h9H,1-8H2|O=C1CCCN1C1CCCCC1
3.9015398025512695|3.739694118499756|262.61761474609375|0.0|0.0|0.0|0.0|0.0|InChI=1S/C7H15Cl/c1-2-3-4-5-6-7-8/h2-7H2,1H3|CCCCCCCCl
2.2867989540100098|4.00752067565918|336.4305725097656|0.0006837938252063889|1906.3039017241917|0.0|2.0|2.0|InChI=1S/C4H12N2/c1-6-4-2-3-5/h6H,2-5H2,1H3|CNCCCN
4.079989433288574|3.7781858444213867|303.21441650390625|0.0008853134517063037|2654.290950439152|0.0|1.0|0.0|InChI=1S/C10H14O/c1-7(2)9-5-4-8(3)10(11)6-9/h4,9H,1,5-6H2,2-3H3/t9-/m1/s1|C=C(C)[C@@H]1CC=C(C)C(=O)C1
11.357200622558594|3.797959327697754|245.0518798828125|2.2941858926850722e-05|5000.0|0.0|8.0|0.0|InChI=1S/C24H32O8/c1-2-6-22-21(5-1)29-17-13-25-9-10-27-15-19-31-23-7-3-4-8-24(23)32-20-16-28-12-11-26-14-18-30-22/h1-8H,9-20H2|c1ccc2c(c1)OCCOCCOCCOc1ccccc1OCCOCCOCCO2
11.432348251342773|4.072045803070068|257.7491149902344|0.012259246659630877|2268.5839349927073|0.0|2.0|1.0|InChI=1S/C24H51N.C6H12O2/c1-4-7-10-13-16-19-22-25(23-20-17-14-11-8-5-2)24-21-18-15-12-9-6-3;1-2-3-4-5-6(7)8/h4-24H2,1-3H3;2-5H2,1H3,(H,7,8)|CCCCCC(=O)O.CCCCCCCCN(CCCCCCCC)CCCCCCCC
8.765934944152832|4.326196193695068|281.5321044921875|0.002472038331070937|5000.0|0.0|8.0|2.0|InChI=1S/C12H26O4S.C11H21NO4/c1-2-3-4-5-6-7-8-9-10-11-12-16-17(13,14)15;1-7(2)15-10(13)6-5-9(12)11(14)16-8(3)4/h2-12H2,1H3,(H,13,14,15);7-9H,5-6,12H2,1-4H3/t;9-/m.0/s1|CC(C)OC(=O)CC[C@H](N)C(=O)OC(C)C.CCCCCCCCCCCCOS(=O)(=O)O
5.846933841705322|3.909121036529541|249.74838256835938|0.07601813166083494|1483.3997829696173|0.0|1.0|0.0|InChI=1S/C9H20N.C2HF3O2/c1-3-4-7-10(2)8-5-6-9-10;3-2(4,5)1(6)7/h3-9H2,1-2H3;(H,6,7)/q+1;/p-1|CCCC[N+]1(C)CCCC1.O=C([O-])C(F)(F)F
3.214406967163086|4.094461441040039|294.4381103515625|0.0|0.0|0.0|0.0|0.0|InChI=1S/C10H16/c1-7-4-5-8-9(6-7)10(8,2)3/h4,8-9H,5-6H2,1-3H3/t8-,9+/m1/s1|CC1=CC[C@@H]2[C@H](C1)C2(C)C
7.187561511993408|3.7005059719085693|262.8199768066406|0.0013352436524649014|2431.1155816622127|0.0|2.0|0.0|InChI=1S/C16H28O2/c1-3-4-5-6-7-8-9-10-11-12-13-14-15-18-16(2)17/h4-7H,3,8-15H2,1-2H3/b5-4+,7-6+|CC/C=C/C=C/CCCCCCCCOC(C)=O
2.8609530925750732|4.027338027954102|366.9121398925781|0.9|2631.9728815008016|0.0|4.0|2.0|InChI=1S/C5H5N5/c6-4-3-5(9-1-7-3)10-2-8-4/h1-2H,(H3,6,7,8,9,10)|Nc1nc[nH]c2ncnc1-2
2.252686023712158|2.845512866973877|184.83175659179688|0.08760135892888712|2466.3667520900253|0.0|1.0|1.0|InChI=1S/CH4O/c1-2/h2H,1H3|CO
3.8572468757629395|3.5479722023010254|222.15188598632812|0.002869629968175316|1936.0156558851425|0.0|1.0|0.0|InChI=1S/C6H14O/c1-3-5-6-7-4-2/h3-6H2,1-2H3|CCCCOCC
4.660831928253174|4.14428186416626|439.1728210449219|0.0016965096022557465|2485.720310937921|0.0|5.0|0.0|InChI=1S/C6H11N2.C2H6O4S/c1-3-8-5-4-7(2)6-8;1-2-6-7(3,4)5/h4-6H,3H2,1-2H3;2H2,1H3,(H,3,4,5)/q+1;/p-1|CCOS(=O)(=O)[O-].CCn1cc[n+](C)c1
2.672600269317627|4.218975067138672|294.47015380859375|0.008583036450202336|2757.2744330058767|0.0|1.0|1.0|InChI=1S/C7H16O/c1-4-5-6-7(2,3)8/h8H,4-6H2,1-3H3|CCCCC(C)(C)O
6.113577365875244|4.337646484375|371.6474914550781|8.377810105074466e-05|4061.66713181346|0.0|4.0|0.0|InChI=1S/C9H22N.C2F6NO4S2/c1-5-7-9-10(3,4)8-6-2;3-1(4,5)14(10,11)9-15(12,13)2(6,7)8/h5-9H2,1-4H3;/q+1;-1|CCCC[N+](C)(C)CCC.O=S(=O)([N-]S(=O)(=O)C(F)(F)F)C(F)(F)F
6.056885242462158|4.294325351715088|355.1927185058594|0.0011452872422479847|3150.46875904506|0.0|6.0|0.0|InChI=1S/C9H22NO2.C2F6NO4S2/c1-5-10(2,3)6-7-12-9-8-11-4;3-1(4,5)14(10,11)9-15(12,13)2(6,7)8/h5-9H2,1-4H3;/q+1;-1|CC[N+](C)(C)CCOCCOC.O=S(=O)([N-]S(=O)(=O)C(F)(F)F)C(F)(F)F
7.156023025512695|3.591963291168213|323.0306701660156|0.023587037216735433|1944.7483893949372|0.0|3.0|0.0|InChI=1S/C14H27N2.C2N3/c1-3-4-5-6-7-8-9-10-11-16-13-12-15(2)14-16;3-1-5-2-4/h12-14H,3-11H2,1-2H3;/q+1;-1|CCCCCCCCCCn1cc[n+](C)c1.N#C[N-]C#N
13.815025329589844|4.270820140838623|271.0043029785156|0.036362655701877654|1189.7805671674166|0.0|2.0|0.0|InChI=1S/C32H68P.C2H2N3/c1-5-9-13-17-18-19-20-21-22-23-24-28-32-33(29-25-14-10-6-2,30-26-15-11-7-3)31-27-16-12-8-4;1-2-4-5-3-1/h5-32H2,1-4H3;1-2H/q+1;-1|CCCCCCCCCCCCCC[P+](CCCCCC)(CCCCCC)CCCCCC.c1c[n-]nn1
1.967810034751892|3.544494867324829|209.43258666992188|0.0|0.0|0.0|0.0|0.0|InChI=1S/C3H6/c1-3-2/h3H,1H2,2H3|C=CC
4.762934684753418|3.2927844524383545|262.6004333496094|0.002131711545740628|3443.685994366681|0.0|3.0|0.0|InChI=1S/C6H10O3/c1-5(7)3-4-6(8)9-2/h3-4H2,1-2H3|COC(=O)CCC(C)=O
2.3193061351776123|3.9441988468170166|262.1153564453125|0.0|0.0|0.0|0.0|0.0|InChI=1S/C4H9Cl/c1-4(2,3)5/h1-3H3|CC(C)(C)Cl
3.582120180130005|3.6340456008911133|248.34506225585938|0.00015709865824502144|363.8052638318356|0.0|2.0|0.0|InChI=1S/C6H12O2/c1-4-6(7)8-5(2)3/h5H,4H2,1-3H3|CCC(=O)OC(C)C
7.063329696655273|4.039947032928467|244.18203735351562|0.05566964637171757|1664.4328156834229|0.0|1.0|0.0|InChI=1S/C18H39N/c1-4-7-10-13-16-19(17-14-11-8-5-2)18-15-12-9-6-3/h4-18H2,1-3H3|CCCCCCN(CCCCCC)CCCCCC
4.535162925720215|4.104194164276123|411.36553955078125|0.0|0.0|0.0|0.0|0.0|InChI=1S/C20H12/c1-2-6-15-12-19-17-10-4-8-13-7-3-9-16(20(13)17)18(19)11-14(15)5-1/h1-12H|c1ccc2cc3c(cc2c1)-c1cccc2cccc-3c12
5.364486217498779|4.274397850036621|409.8810729980469|9.759532104468274e-05|3739.015315713104|0.0|4.0|0.0|InChI=1S/C8H12N.C2F6NO4S2/c1-3-9-6-4-5-8(2)7-9;3-1(4,5)14(10,11)9-15(12,13)2(6,7)8/h4-7H,3H2,1-2H3;/q+1;-1|CC[n+]1cccc(C)c1.O=S(=O)([N-]S(=O)(=O)C(F)(F)F)C(F)(F)F
7.339571475982666|4.061862468719482|252.40406799316406|0.0007570123162400015|607.6923606850175|0.0|1.0|0.0|InChI=1S/C14H32PS.BF4/c1-5-8-11-15(14-16-4,12-9-6-2)13-10-7-3;2-1(3,4)5/h5-14H2,1-4H3;/q+1;-1|CCCC[P+](CCCC)(CCCC)CSC.F[B-](F)(F)F
3.326700448989868|4.005582332611084|300.92095947265625|0.0|0.0|0.0|0.0|0.0|InChI=1S/C10H18/c1-2-6-9(5-1)10-7-3-4-8-10/h9-10H,1-8H2|C1CCC(C2CCCC2)C1
5.77471923828125|3.855590343475342|233.38247680664062|0.0012253164185968288|1753.6694823108617|0.0|1.0|0.0|InChI=1S/C8H20NO.CBF6/c1-5-9(3,6-2)7-8-10-4;3-1(4,5)2(6,7)8/h5-8H2,1-4H3;/q+1;-1|CC[N+](C)(CC)CCOC.F[B-](F)(F)C(F)(F)F
4.468020915985107|3.3443076610565186|233.7926483154297|0.8445423011948183|680.0856930339423|0.0|2.0|2.0|InChI=1S/C4H11N.CH2O2/c1-2-3-4-5;2-1-3/h2-5H2,1H3;1H,(H,2,3)|CCCCN.O=CO
4.651707172393799|3.7279105186462402|189.853271484375|0.0048791882899994156|2307.4281429358102|0.0|1.0|0.0|InChI=1S/C7H3F13O/c1-21-4(11,3(9,10)7(18,19)20)2(8,5(12,13)14)6(15,16)17/h1H3|COC(F)(C(F)(F)C(F)(F)F)C(F)(C(F)(F)F)C(F)(F)F
1.8468017578125|4.494917869567871|387.0747375488281|0.005917731887928676|1950.025338500004|0.0|3.0|3.0|InChI=1S/C4H12N2O/c5-1-2-6-3-4-7/h6-7H,1-5H2|NCCNCCO
6.775409698486328|3.7174758911132812|272.8539733886719|0.00022827872231517094|3238.62717882316|0.0|4.0|0.0|InChI=1S/C10H16N.CH4O4S/c1-3-4-7-11-8-5-6-10(2)9-11;1-5-6(2,3)4/h5-6,8-9H,3-4,7H2,1-2H3;1H3,(H,2,3,4)/q+1;/p-1|CCCC[n+]1cccc(C)c1.COS(=O)(=O)[O-]
8.146280288696289|4.252895832061768|375.5384521484375|0.0002477842654313747|2893.577238908101|0.0|4.0|0.0|InChI=1S/C16H28N.C2F6NO4S2/c1-4-6-7-8-9-10-13-17-14-16(5-2)12-11-15(17)3;3-1(4,5)14(10,11)9-15(12,13)2(6,7)8/h11-12,14H,4-10,13H2,1-3H3;/q+1;-1|CCCCCCCC[n+]1cc(CC)ccc1C.O=S(=O)([N-]S(=O)(=O)C(F)(F)F)C(F)(F)F
3.8164474964141846|4.014298439025879|390.7741394042969|0.0|0.0|0.0|0.0|0.0|InChI=1S/C15H12/c1-11-5-4-8-15-13(11)10-9-12-6-2-3-7-14(12)15/h2-10H,1H3|Cc1cccc2c1ccc1ccccc12
4.848339080810547|3.5524139404296875|244.0323486328125|0.032013018727435075|3213.208701101001|0.0|2.0|0.0|InChI=1S/C8H16O2/c1-2-3-4-5-6-7-10-8-9/h8H,2-7H2,1H3|CCCCCCCOC=O
2.9397382736206055|3.5777599811553955|381.5927734375|0.0017831859058067868|3004.03179511966|0.0|2.0|0.0|InChI=1S/C5H8O2/c6-5-3-1-2-4-7-5/h1-4H2|O=C1CCCCO1
5.979758262634277|4.5|483.208251953125|8.16270760448372e-05|4370.41060750877|0.0|5.0|0.0|InChI=1S/C12H23N2.C2F6NO4S2/c1-4-7-8-13-9-10-14(11-13)12(5-2)6-3;3-1(4,5)14(10,11)9-15(12,13)2(6,7)8/h9-12H,4-8H2,1-3H3;/q+1;-1|CCCC[n+]1ccn(C(CC)CC)c1.O=S(=O)([N-]S(=O)(=O)C(F)(F)F)C(F)(F)F
8.044057846069336|3.176952600479126|207.71080017089844|0.1170730540473504|1814.825357861121|0.0|6.0|5.0|InChI=1S/C6H15NO3.C3H6O3/c8-4-1-7(2-5-9)3-6-10;1-2(4)3(5)6/h8-10H,1-6H2;2,4H,1H3,(H,5,6)|CC(O)C(=O)O.OCCN(CCO)CCO
5.874368190765381|3.22410249710083|248.0891876220703|0.00010541143043516308|3874.43764154136|0.0|1.0|1.0|InChI=1S/C7H14O2/c1-2-3-4-5-6-7(8)9/h2-6H2,1H3,(H,8,9)|CCCCCCC(=O)O
6.814500331878662|4.4031147956848145|441.7485046386719|0.0015637853878494494|3151.0378295542805|0.0|5.0|0.0|InChI=1S/C9H17N2.C4F10NO4S2/c1-3-4-5-6-11-8-7-10(2)9-11;5-1(6,7)3(11,12)20(16,17)15-21(18,19)4(13,14)2(8,9)10/h7-9H,3-6H2,1-2H3;/q+1;-1|CCCCCn1cc[n+](C)c1.O=S(=O)([N-]S(=O)(=O)C(F)(F)C(F)(F)F)C(F)(F)C(F)(F)F
4.572214603424072|3.86588454246521|359.079833984375|0.0|0.0|0.0|0.0|0.0|InChI=1S/C15H12/c1-11-14-8-4-2-6-12(14)10-13-7-3-5-9-15(11)13/h2-10H,1H3|Cc1c2ccccc2cc2ccccc12
4.389505863189697|3.3628604412078857|222.29644775390625|0.008508984999244022|2116.3651942212196|0.0|1.0|1.0|InChI=1S/C6H14O/c1-5(2)4-6(3)7/h5-7H,4H2,1-3H3|CC(C)CC(C)O
6.89329195022583|3.834867000579834|249.93023681640625|0.0|0.0|0.0|0.0|0.0|InChI=1S/C16H34/c1-3-5-7-9-11-13-15-16-14-12-10-8-6-4-2/h3-16H2,1-2H3|CCCCCCCCCCCCCCCC
4.113246917724609|3.585658073425293|216.10369873046875|0.0|0.0|0.0|0.0|0.0|InChI=1S/C4H9.2CH3.Sb/c1-4(2)3;;;/h1-3H3;2*1H3;|C[C](C)C.[CH3].[CH3].[Sb]
5.158738136291504|3.322333335876465|205.203125|0.0011046781877730642|2929.3924849994655|0.0|1.0|1.0|InChI=1S/C7H16O/c1-3-5-7(8)6-4-2/h7-8H,3-6H2,1-2H3|CCCC(O)CCC
6.298196315765381|4.44634485244751|374.9775085449219|0.0007386317841053885|4318.242959263112|0.0|4.0|0.0|InChI=1S/C11H26P.C2F6NO4S2/c1-5-9-10-11-12(6-2,7-3)8-4;3-1(4,5)14(10,11)9-15(12,13)2(6,7)8/h5-11H2,1-4H3;/q+1;-1|CCCCC[P+](CC)(CC)CC.O=S(=O)([N-]S(=O)(=O)C(F)(F)F)C(F)(F)F
6.08306360244751|3.868408203125|258.2781066894531|0.0001145082920391667|1981.9412140177985|0.0|4.0|0.0|InChI=1S/C8H20N.C2H6O4S/c1-5-7-8-9(3,4)6-2;1-2-6-7(3,4)5/h5-8H2,1-4H3;2H2,1H3,(H,3,4,5)/q+1;/p-1|CCCC[N+](C)(C)CC.CCOS(=O)(=O)[O-]
4.905776023864746|3.8731021881103516|249.99935913085938|0.0003544169893613191|2980.634535623232|0.0|1.0|1.0|InChI=1S/C7H7F9O/c8-4(9,2-1-3-17)5(10,11)6(12,13)7(14,15)16/h17H,1-3H2|OCCCC(F)(F)C(F)(F)C(F)(F)C(F)(F)F
2.8956925868988037|4.5|189.64877319335938|0.0028631247863868145|5000.0|0.0|3.0|1.0|InChI=1S/C10H22O3/c1-2-3-4-5-7-12-9-10-13-8-6-11/h11H,2-10H2,1H3|CCCCCCOCCOCCO
3.0147461891174316|3.0802128314971924|255.71890258789062|0.8961922107375573|2118.270307248832|0.0|2.0|0.0|InChI=1S/C3H3NO/c1-2-5-3-4-1/h1-3H|c1cocn1
3.7799270153045654|3.6607308387756348|308.48388671875|0.006264699910007293|3275.6206339185396|0.0|1.0|0.0|InChI=1S/C9H10O/c1-7-3-5-9(6-4-7)8(2)10/h3-6H,1-2H3|CC(=O)c1ccc(C)cc1
6.327539920806885|4.4880781173706055|441.2671813964844|0.0002208610192006167|2690.558703560917|0.0|5.0|0.0|InChI=1S/C12H23N2.C2F6NO4S2/c1-3-5-7-9-14-11-10-13(12-14)8-6-4-2;3-1(4,5)14(10,11)9-15(12,13)2(6,7)8/h10-12H,3-9H2,1-2H3;/q+1;-1|CCCCCn1cc[n+](CCCC)c1.O=S(=O)([N-]S(=O)(=O)C(F)(F)F)C(F)(F)F
3.5093791484832764|4.43924617767334|409.2266540527344|0.006101751430563836|1867.5528368031496|0.0|3.0|2.0|InChI=1S/C5H14NO.C2H5NO2/c1-6(2,3)4-5-7;3-1-2(4)5/h7H,4-5H2,1-3H3;1,3H2,(H,4,5)/q+1;/p-1|C[N+](C)(C)CCO.NCC(=O)[O-]
1.6691995859146118|4.5|446.0343933105469|0.01148754945570085|2115.252443956734|0.0|2.0|2.0|InChI=1S/C6H6O2/c7-5-1-2-6(8)4-3-5/h1-4,7-8H|Oc1ccc(O)cc1
3.57905912399292|4.449886798858643|527.314697265625|0.007520260114974312|2087.0042549709515|0.0|3.0|1.0|InChI=1S/C6H11N2.C3H6O3/c1-3-8-5-4-7(2)6-8;1-2(4)3(5)6/h4-6H,3H2,1-2H3;2,4H,1H3,(H,5,6)/q+1;/p-1|CC(O)C(=O)[O-].CCn1cc[n+](C)c1
5.21038293838501|3.9299073219299316|243.3956756591797|0.002398562283138058|1845.4065680759152|0.0|1.0|0.0|InChI=1S/C12H26O/c1-7-8-9-13-12(5,6)10-11(2,3)4/h7-10H2,1-6H3|CCCCOC(C)(C)CC(C)(C)C
4.993896961212158|4.5|535.7278442382812|0.0018510591294793586|3740.4216392993353|0.0|5.0|0.0|InChI=1S/C8H15N2.C2F6NO4S2/c1-8(2)6-10-5-4-9(3)7-10;3-1(4,5)14(10,11)9-15(12,13)2(6,7)8/h4-5,7-8H,6H2,1-3H3;/q+1;-1|CC(C)Cn1cc[n+](C)c1.O=S(=O)([N-]S(=O)(=O)C(F)(F)F)C(F)(F)F
2.694450616836548|3.3975608348846436|263.6260681152344|0.0023017159403005993|4071.096609985104|0.0|2.0|0.0|InChI=1S/Cl2O2S/c1-5(2,3)4|O=S(=O)(Cl)Cl
5.891915321350098|3.844316005706787|348.2073974609375|0.00045445259171265895|2466.44663842303|0.0|5.0|0.0|InChI=1S/C8H15N2.ClHO4/c1-3-4-5-10-7-6-9(2)8-10;2-1(3,4)5/h6-8H,3-5H2,1-2H3;(H,2,3,4,5)/q+1;/p-1|CCCCn1cc[n+](C)c1.[O-][Cl+3]([O-])([O-])[O-]
7.2538042068481445|4.5|537.3059692382812|2.5806711909567416e-05|2526.87962027695|0.0|5.0|0.0|InChI=1S/C17H17N2.C2F6NO4S2/c1-3-7-16(8-4-1)13-18-11-12-19(15-18)14-17-9-5-2-6-10-17;3-1(4,5)14(10,11)9-15(12,13)2(6,7)8/h1-12,15H,13-14H2;/q+1;-1|O=S(=O)([N-]S(=O)(=O)C(F)(F)F)C(F)(F)F.c1ccc(Cn2cc[n+](Cc3ccccc3)c2)cc1
9.275524139404297|4.5|285.00726318359375|0.0008063201111582713|2115.635684342927|0.0|2.0|0.0|InChI=1S/C16H35O2P.C11H26P/c1-13(9-15(3,4)5)11-19(17,18)12-14(2)10-16(6,7)8;1-5-6-7-8-9-10-11-12(2,3)4/h13-14H,9-12H2,1-8H3,(H,17,18);5-11H2,1-4H3/q;+1/p-1|CC(CC(C)(C)C)CP(=O)([O-])CC(C)CC(C)(C)C.CCCCCCCC[P+](C)(C)C
6.097936630249023|4.310433387756348|383.91632080078125|0.00030743218954711006|2175.7049146155346|0.0|4.0|0.0|InChI=1S/C10H22N.C2F6NO4S2/c1-3-4-8-11(2)9-6-5-7-10-11;3-1(4,5)14(10,11)9-15(12,13)2(6,7)8/h3-10H2,1-2H3;/q+1;-1|CCCC[N+]1(C)CCCCC1.O=S(=O)([N-]S(=O)(=O)C(F)(F)F)C(F)(F)F
6.850429058074951|3.741499662399292|274.26409912109375|0.018939246836649864|2698.1037481067888|0.0|2.0|0.0|InChI=1S/C15H28N2/c1-2-3-4-5-6-7-8-9-10-11-13-17-14-12-16-15-17/h12,14-15H,2-11,13H2,1H3|CCCCCCCCCCCCn1ccnc1
5.928792953491211|4.099789142608643|321.0250244140625|0.005642936153219054|3011.0372968398733|0.0|5.0|1.0|InChI=1S/C8H15N3.C4HF8NO3S/c1-10-5-3-7-11-6-2-4-9-8(10)11;5-2(6,3(7,8)9)1(14)13-17(15,16)4(10,11)12/h2-7H2,1H3;(H,13,14)|CN1CCCN2CCCN=C12.O=S(=O)(N=C(O)C(F)(F)C(F)(F)F)C(F)(F)F
2.543022394180298|2.867201089859009|142.848388671875|0.0|0.0|0.0|0.0|0.0|InChI=1S/CHF3/c2-1(3)4/h1H|FC(F)F
4.525124549865723|3.844696521759033|328.1925048828125|0.0|0.0|0.0|0.0|0.0|InChI=1S/C14H12/c1-10-5-4-8-13-12-7-3-2-6-11(12)9-14(10)13/h2-8H,9H2,1H3|Cc1cccc2c1Cc1ccccc1-2
4.029447078704834|3.470228433609009|233.40399169921875|0.0011588362290082337|2132.358800536763|0.0|2.0|0.0|InChI=1S/C6H12O2/c1-5(2)4-8-6(3)7/h5H,4H2,1-3H3|CC(=O)OCC(C)C
5.44815731048584|3.7190451622009277|285.9804992675781|0.007139287336374211|2555.299761814949|0.0|2.0|2.0|InChI=1S/C6H12O2.C4H9N/c1-2-3-4-5-6(7)8;1-2-4-5-3-1/h2-5H2,1H3,(H,7,8);5H,1-4H2|C1CCNC1.CCCCCC(=O)O
7.534419059753418|4.272744178771973|361.8614501953125|0.004309314945185598|1006.8045851033958|0.0|5.0|0.0|InChI=1S/C14H32PS.F2NO4S2/c1-5-8-11-15(14-16-4,12-9-6-2)13-10-7-3;1-8(4,5)3-9(2,6)7/h5-14H2,1-4H3;/q+1;-1|CCCC[P+](CCCC)(CCCC)CSC.O=S(=O)(F)[N-]S(=O)(=O)F
3.6977622509002686|4.245217323303223|297.59759521484375|0.0|0.0|0.0|0.0|0.0|InChI=1S/C13H22/c1-11-4-10-5-12(2,7-11)9-13(3,6-10)8-11/h10H,4-9H2,1-3H3|CC12CC3CC(C)(C1)CC(C)(C3)C2
1.8895961046218872|4.489704608917236|344.6895751953125|0.006527098306944592|1924.2889525676064|0.0|2.0|1.0|InChI=1S/C5H12O2/c1-5(2)7-4-3-6/h5-6H,3-4H2,1-2H3|CC(C)OCCO
6.296765327453613|3.9526607990264893|230.0272979736328|0.00228782438006723|1455.490600528794|0.0|4.0|0.0|InChI=1S/C8H20N.C4H6BF2O4/c1-5-9(6-2,7-3)8-4;1-3(8)10-5(6,7)11-4(2)9/h5-8H2,1-4H3;1-2H3/q+1;-1|CC(=O)O[B-](F)(F)OC(C)=O.CC[N+](CC)(CC)CC
3.5366532802581787|3.739292860031128|316.39813232421875|0.005592614193225433|2557.7909561613974|0.0|3.0|1.0|InChI=1S/C5H10O3/c1-4(3-6)5(7)8-2/h4,6H,3H2,1-2H3/t4-/m1/s1|COC(=O)[C@H](C)CO
6.633692741394043|3.9688031673431396|285.8729553222656|0.0029517165722914834|2484.3451661732756|0.0|1.0|0.0|InChI=1S/C15H29N2.BrH/c1-3-5-7-8-9-10-12-17-14-13-16(15-17)11-6-4-2;/h13-15H,3-12H2,1-2H3;1H/q+1;/p-1|CCCCCCCCn1cc[n+](CCCC)c1.[Br-]
4.735024929046631|4.162754058837891|291.57928466796875|0.0003045175303334818|3208.2557264729885|0.0|1.0|1.0|InChI=1S/C12H26S/c1-2-3-4-5-6-7-8-9-10-11-12-13/h13H,2-12H2,1H3|CCCCCCCCCCCCS
2.5292842388153076|4.059199810028076|309.446044921875|0.0|0.0|0.0|0.0|0.0|InChI=1S/C5H11Br/c1-2-3-4-5-6/h2-5H2,1H3|CCCCCBr
3.6589221954345703|3.90901517868042|380.1849670410156|0.004311366515827562|3418.365394976487|0.0|2.0|2.0|InChI=1S/C8H9NO2/c1-6(10)9-7-2-4-8(11)5-3-7/h2-5,11H,1H3,(H,9,10)|CC(O)=Nc1ccc(O)cc1
3.9623146057128906|3.747633457183838|322.7576599121094|0.0|0.0|0.0|0.0|0.0|InChI=1S/C12H10/c1-3-7-11(8-4-1)12-9-5-2-6-10-12/h1-10H|c1ccc(-c2ccccc2)cc1
4.410994052886963|3.35860013961792|262.2616882324219|0.025351963865107154|1505.8454109650604|0.0|2.0|0.0|InChI=1S/C6H10N2/c1-3-8-5-4-7-6(8)2/h4-5H,3H2,1-2H3|CCn1ccnc1C
4.054158687591553|3.4151649475097656|276.4667053222656|0.07177630734129942|1290.7552401910875|0.0|1.0|0.0|InChI=1S/C5H12N2O/c1-6(2)5(8)7(3)4/h1-4H3|CN(C)C(=O)N(C)C
2.439115524291992|3.4915502071380615|254.91156005859375|0.0|0.0|0.0|0.0|0.0|InChI=1S/C3H5Cl/c1-2-3-4/h2H,1,3H2|C=CCCl
2.365252733230591|3.840742349624634|335.8710021972656|0.009687405637804583|2400.5131983889264|0.0|2.0|2.0|InChI=1S/C4H10O2/c5-3-1-2-4-6/h5-6H,1-4H2|OCCCCO
6.286525726318359|4.281582355499268|380.8690185546875|0.0001308963044174372|2563.8796678932636|0.0|4.0|0.0|InChI=1S/C10H22N.C2F6NO4S2/c1-3-4-5-8-11(2)9-6-7-10-11;3-1(4,5)14(10,11)9-15(12,13)2(6,7)8/h3-10H2,1-2H3;/q+1;-1|CCCCC[N+]1(C)CCCC1.O=S(=O)([N-]S(=O)(=O)C(F)(F)F)C(F)(F)F
3.4893293380737305|3.994311571121216|277.60467529296875|0.001997739139300451|2797.138200260748|0.0|1.0|1.0|InChI=1S/C8H18O/c1-3-4-5-6-7-8(2)9/h8-9H,3-7H2,1-2H3|CCCCCCC(C)O
7.058897495269775|3.917158842086792|342.5396728515625|0.0016725032708911254|1884.6766286157563|0.0|4.0|0.0|InChI=1S/C11H18N.F2NO4S2/c1-2-3-4-6-9-12-10-7-5-8-11-12;1-8(4,5)3-9(2,6)7/h5,7-8,10-11H,2-4,6,9H2,1H3;/q+1;-1|CCCCCC[n+]1ccccc1.O=S(=O)(F)[N-]S(=O)(=O)F
7.388686180114746|4.5|397.8320617675781|0.00044198806038216084|3502.8318394899115|0.0|4.0|0.0|InChI=1S/C15H34N.C2F6NO4S2/c1-5-7-8-9-10-11-12-13-15-16(3,4)14-6-2;3-1(4,5)14(10,11)9-15(12,13)2(6,7)8/h5-15H2,1-4H3;/q+1;-1|CCCCCCCCCC[N+](C)(C)CCC.O=S(=O)([N-]S(=O)(=O)C(F)(F)F)C(F)(F)F
2.6953165531158447|3.7168166637420654|304.7163391113281|0.0|0.0|0.0|0.0|0.0|InChI=1S/C2Cl4/c3-1(4)2(5)6|ClC(Cl)=C(Cl)Cl
6.081526279449463|3.952545404434204|276.46673583984375|0.0011006490542418842|2978.37238333994|0.0|4.0|2.0|InChI=1S/C12H24O4/c1-2-3-4-5-6-7-8-12(15)16-10-11(14)9-13/h11,13-14H,2-10H2,1H3|CCCCCCCCC(=O)OCC(O)CO
4.990202903747559|3.4127197265625|253.59991455078125|0.036277615930285036|2120.158512380126|0.0|3.0|0.0|InChI=1S/C7H12O3/c1-2-3-7(8)10-5-6-4-9-6/h6H,2-5H2,1H3/t6-/m0/s1|CCCC(=O)OC[C@@H]1CO1
13.81906795501709|4.5|269.0364685058594|0.00029317461903152016|4683.961199787355|0.0|1.0|0.0|InChI=1S/C24H52N.C18H34O2/c1-5-9-13-17-21-25(22-18-14-10-6-2,23-19-15-11-7-3)24-20-16-12-8-4;1-2-3-4-5-6-7-8-9-10-11-12-13-14-15-16-17-18(19)20/h5-24H2,1-4H3;9-10H,2-8,11-17H2,1H3,(H,19,20)/q+1;/p-1/b;10-9-|CCCCCCCC/C=C\CCCCCCCC(=O)[O-].CCCCCC[N+](CCCCCC)(CCCCCC)CCCCCC
14.16279411315918|4.303799152374268|293.2220458984375|0.0|0.0|0.0|0.0|0.0|InChI=1S/C32H68P.4ClH.Fe/c1-5-9-13-17-18-19-20-21-22-23-24-28-32-33(29-25-14-10-6-2,30-26-15-11-7-3)31-27-16-12-8-4;;;;;/h5-32H2,1-4H3;4*1H;/q+1;;;;;+3/p-4|CCCCCCCCCCCCCC[P+](CCCCCC)(CCCCCC)CCCCCC.[Cl-].[Cl-].[Cl-].[Cl-].[Fe+3]
5.988941192626953|3.7851104736328125|251.2481689453125|0.0015947242361536934|4088.9032664396404|0.0|2.0|0.0|InChI=1S/C12H24O2/c1-3-5-7-9-11-14-12(13)10-8-6-4-2/h3-11H2,1-2H3|CCCCCCOC(=O)CCCCC
1.3798954486846924|4.486525058746338|384.91015625|0.0008041977329197227|1958.7234105308632|0.0|2.0|2.0|InChI=1S/C3H9NO/c1-3(5)2-4/h3,5H,2,4H2,1H3/t3-/m0/s1|C[C@H](O)CN
4.204219341278076|3.6563284397125244|374.1769714355469|0.7847824390444472|1170.5247317902463|0.0|2.0|0.0|InChI=1S/C12H8N2/c1-3-9-10-4-2-8-14-12(10)6-5-11(9)13-7-1/h1-8H|c1cnc2ccc3ncccc3c2c1
5.280007362365723|3.497954845428467|266.4443359375|0.09180847154496745|1178.4003889955552|0.0|2.0|0.0|InChI=1S/C8H12N.C2N3/c1-2-6-9-7-4-3-5-8-9;3-1-5-2-4/h3-5,7-8H,2,6H2,1H3;/q+1;-1|CCC[n+]1ccccc1.N#C[N-]C#N
2.8103585243225098|3.2592170238494873|229.25184631347656|0.0007436741972237582|3701.0385797007066|0.0|1.0|0.0|InChI=1S/C3H5N/c1-2-3-4/h2H2,1H3|CCC#N
8.335067749023438|3.0392768383026123|191.90878295898438|0.013904510167568735|1189.5363086740033|0.0|5.0|4.0|InChI=1S/C6H15NO3.C3H6O2/c8-4-1-7(2-5-9)3-6-10;1-2-3(4)5/h8-10H,1-6H2;2H2,1H3,(H,4,5)|CCC(=O)O.OCCN(CCO)CCO
2.6411831378936768|3.0878496170043945|237.7723388671875|0.38243071093675324|1356.2275535653991|0.0|2.0|0.0|InChI=1S/C2H4O2/c1-4-2-3/h2H,1H3|COC=O
4.352077484130859|3.583041191101074|292.6875|0.022810997835081216|2056.3543481373763|0.0|1.0|0.0|InChI=1S/C9H11NO/c1-10(2)9(11)8-6-4-3-5-7-8/h3-7H,1-2H3|CN(C)C(=O)c1ccccc1
2.837270975112915|4.365747928619385|332.850830078125|0.01129250480836773|1146.210602708684|0.0|3.0|1.0|InChI=1S/C8H16O3/c1-6(2)4-5-11-8(10)7(3)9/h6-7,9H,4-5H2,1-3H3|CC(C)CCOC(=O)C(C)O
1.7077405452728271|4.081044673919678|489.4574890136719|0.0009680000240941953|2941.4560557699992|0.0|1.0|2.0|InChI=1S/C3H7NO/c1-2-3(4)5/h2H2,1H3,(H2,4,5)|CCC(=N)O
4.1902971267700195|4.394947052001953|319.963134765625|9.249257952090847e-05|2524.734526678443|0.0|1.0|1.0|InChI=1S/C15H26O/c1-10-5-6-11-13(2,3)12-9-15(10,11)8-7-14(12,4)16/h10-12,16H,5-9H2,1-4H3/t10-,11+,12-,14-,15+/m1/s1|C[C@@H]1CC[C@H]2C(C)(C)[C@H]3C[C@@]12CC[C@@]3(C)O
3.873131036758423|3.991105794906616|293.7183532714844|0.06746898630561288|2944.997823131385|0.0|4.0|1.0|InChI=1S/C7H16O4/c1-9-4-5-11-7-6-10-3-2-8/h8H,2-7H2,1H3|COCCOCCOCCO
4.113918304443359|3.517054557800293|246.12747192382812|0.5448540369871948|1027.5335185088086|0.0|2.0|1.0|InChI=1S/C3H7NO.C2HF3O2/c1-4(2)3-5;3-2(4,5)1(6)7/h3H,1-2H3;(H,6,7)|CN(C)C=O.O=C(O)C(F)(F)F
9.644609451293945|4.437689781188965|439.8859558105469|0.0017692662683969006|2412.3421106223814|0.0|5.0|0.0|InChI=1S/C22H39N2.C2F6NO4S2/c1-3-4-5-6-7-8-9-10-11-12-13-14-15-16-17-18-19-24-21-20-23(2)22-24;3-1(4,5)14(10,11)9-15(12,13)2(6,7)8/h7-8,10-11,20-22H,3-6,9,12-19H2,1-2H3;/q+1;-1/b8-7-,11-10-;|CCCCC/C=C\C/C=C\CCCCCCCCn1cc[n+](C)c1.O=S(=O)([N-]S(=O)(=O)C(F)(F)F)C(F)(F)F
5.642291069030762|3.565845012664795|257.8648986816406|0.08559121560184106|1268.856848794199|0.0|2.0|2.0|InChI=1S/C5H13N3.C4H8O2/c1-7(2)5(6)8(3)4;1-2-3-4(5)6/h6H,1-4H3;2-3H2,1H3,(H,5,6)|CCCC(=O)O.CN(C)C(=N)N(C)C
3.5701913833618164|3.454923152923584|245.78245544433594|0.010368358287974621|2348.606563864203|0.0|1.0|1.0|InChI=1S/C5H12O/c1-2-3-4-5-6/h6H,2-5H2,1H3|CCCCCO
4.064004898071289|3.471508264541626|319.7788391113281|0.001015199197343743|3721.1917444838095|0.0|2.0|0.0|InChI=1S/C8H8O2/c1-10-8-4-2-7(6-9)3-5-8/h2-6H,1H3|COc1ccc(C=O)cc1
5.377829074859619|3.5206618309020996|302.191162109375|0.0003161933946050339|1036.7330930773373|0.0|4.0|1.0|InChI=1S/C7H13N2.H2O4S/c1-4-9-6-5-8(3)7(9)2;1-5(2,3)4/h5-6H,4H2,1-3H3;(H2,1,2,3,4)/q+1;/p-1|CCn1cc[n+](C)c1C.O=S(=O)([O-])O
5.035790920257568|3.3385305404663086|261.8963317871094|0.04347705574641526|1302.4272817014596|0.0|4.0|2.0|InChI=1S/C6H16N2O2/c7-1-3-9-5-6-10-4-2-8/h1-8H2|NCCOCCOCCN
14.558565139770508|3.860931396484375|245.9032440185547|0.0|0.0|0.0|0.0|0.0|InChI=1S/C32H66/c1-3-5-7-9-11-13-15-17-19-21-23-25-27-29-31-32-30-28-26-24-22-20-18-16-14-12-10-8-6-4-2/h3-32H2,1-2H3|CCCCCCCCCCCCCCCCCCCCCCCCCCCCCCCC
6.075723171234131|3.9784629344940186|340.255126953125|0.014699618565436907|2701.5467764015816|0.0|1.0|0.0|InChI=1S/C14H27N2.BrH/c1-3-4-5-6-7-8-9-10-11-16-13-12-15(2)14-16;/h12-14H,3-11H2,1-2H3;1H/q+1;/p-1|CCCCCCCCCCn1cc[n+](C)c1.[Br-]
2.680142879486084|3.956293821334839|247.6053924560547|0.0|0.0|0.0|0.0|0.0|InChI=1S/C6H14/c1-5(2)6(3)4/h5-6H,1-4H3|CC(C)C(C)C
10.108192443847656|3.775482654571533|264.6644592285156|8.160261260182392e-05|5000.0|0.0|6.0|0.0|InChI=1S/C20H24O6/c1-2-6-18-17(5-1)23-13-9-21-11-15-25-19-7-3-4-8-20(19)26-16-12-22-10-14-24-18/h1-8H,9-16H2|c1ccc2c(c1)OCCOCCOc1ccccc1OCCOCCO2
6.638967037200928|4.247094631195068|380.57318115234375|0.002506156999302796|3364.673815155728|0.0|5.0|0.0|InChI=1S/C8H15N2.C4H2F8O4S/c1-3-4-5-10-7-6-9(2)8-10;5-1(2(6,7)17(13,14)15)16-4(11,12)3(8,9)10/h6-8H,3-5H2,1-2H3;1H,(H,13,14,15)/q+1;/p-1|CCCCn1cc[n+](C)c1.O=S(=O)([O-])C(F)(F)C(F)OC(F)(F)C(F)(F)F
9.432612419128418|4.141489028930664|248.96591186523438|0.011355846961244325|2116.3442812011644|0.0|2.0|1.0|InChI=1S/C18H39N.C6H12O2/c1-4-7-10-13-16-19(17-14-11-8-5-2)18-15-12-9-6-3;1-2-3-4-5-6(7)8/h4-18H2,1-3H3;2-5H2,1H3,(H,7,8)|CCCCCC(=O)O.CCCCCCN(CCCCCC)CCCCCC
10.222859382629395|4.5|372.4652404785156|0.0003673234837781628|3792.448126062107|0.0|4.0|0.0|InChI=1S/C20H44N.C2F6NO4S2/c1-5-9-10-11-12-13-14-15-16-17-18-19-20-21(6-2,7-3)8-4;3-1(4,5)14(10,11)9-15(12,13)2(6,7)8/h5-20H2,1-4H3;/q+1;-1|CCCCCCCCCCCCCC[N+](CC)(CC)CC.O=S(=O)([N-]S(=O)(=O)C(F)(F)F)C(F)(F)F
2.3143155574798584|3.5327603816986084|203.72291564941406|0.12846977031438578|1446.8468515004417|0.0|1.0|0.0|InChI=1S/C2H3F3O/c1-6-2(3,4)5/h1H3|COC(F)(F)F
3.735917806625366|3.690884590148926|244.61257934570312|0.007972064374346437|2255.3194485962827|0.0|2.0|0.0|InChI=1S/C6H14O2/c1-6(2)4-8-5-7-3/h6H,4-5H2,1-3H3|COCOCC(C)C
5.255795478820801|2.736027479171753|251.3980712890625|0.0017469509918735602|2113.5554078215637|0.0|1.0|1.0|InChI=1S/C4H6O2/c5-4(6)3-1-2-3/h3H,1-2H2,(H,5,6)|O=C(O)C1CC1
4.573199272155762|3.8480465412139893|449.9241638183594|0.00047579058923131654|800.1919703535239|0.0|5.0|2.0|InChI=1S/C6H7N3.H2O4S/c7-2-1-4-9-5-3-8-6-9;1-5(2,3)4/h3,5-6H,1,4H2;(H2,1,2,3,4)|N#CCCn1ccnc1.O=S(=O)(O)O
3.358246326446533|3.8308334350585938|286.70068359375|0.0|0.0|0.0|0.0|0.0|InChI=1S/C9H12/c1-3-9-6-4-8(2)5-7-9/h4-7H,3H2,1-2H3|CCc1ccc(C)cc1
5.820226192474365|4.299458980560303|368.41961669921875|9.993414420651706e-05|3564.4099556284314|0.0|4.0|0.0|InChI=1S/C8H20N.C2F6NO4S2/c1-5-7-8-9(3,4)6-2;3-1(4,5)14(10,11)9-15(12,13)2(6,7)8/h5-8H2,1-4H3;/q+1;-1|CCCC[N+](C)(C)CC.O=S(=O)([N-]S(=O)(=O)C(F)(F)F)C(F)(F)F
3.393181562423706|3.6506001949310303|292.1769104003906|0.004301989800307518|2528.121472928268|0.0|2.0|2.0|InChI=1S/C6H14O2/c1-6(8)4-2-3-5-7/h6-8H,2-5H2,1H3|CC(O)CCCCO
4.8688249588012695|3.8123021125793457|251.9366455078125|0.002214751442063101|2989.0143619111723|0.0|2.0|0.0|InChI=1S/C10H20O2/c1-3-5-6-7-9-12-10(11)8-4-2/h3-9H2,1-2H3|CCCCCCOC(=O)CCC
3.956233024597168|3.221762180328369|245.8868408203125|5.6762960311290126e-05|238.3993301639383|0.0|2.0|0.0|InChI=1S/C5H8O2/c1-3-5(7)4(2)6/h3H2,1-2H3|CCC(=O)C(C)=O
6.090281009674072|3.9783802032470703|271.3907165527344|0.0|0.0|0.0|0.0|0.0|InChI=1S/C16H32/c1-2-3-4-5-6-7-8-10-13-16-14-11-9-12-15-16/h16H,2-15H2,1H3|CCCCCCCCCCC1CCCCC1
13.301572799682617|4.309459209442139|261.8936767578125|0.0|0.0|0.0|0.0|0.0|InChI=1S/C32H68P.BF4/c1-5-9-13-17-18-19-20-21-22-23-24-28-32-33(29-25-14-10-6-2,30-26-15-11-7-3)31-27-16-12-8-4;2-1(3,4)5/h5-32H2,1-4H3;/q+1;-1|CCCCCCCCCCCCCC[P+](CCCCCC)(CCCCCC)CCCCCC.F[B-](F)(F)F
10.106668472290039|4.01694393157959|267.1029052734375|0.006920454548383342|2589.724382683268|0.0|3.0|0.0|InChI=1S/C25H54N.NO3/c1-5-8-11-14-17-20-23-26(4,24-21-18-15-12-9-6-2)25-22-19-16-13-10-7-3;2-1(3)4/h5-25H2,1-4H3;/q+1;-1|CCCCCCCC[N+](C)(CCCCCCCC)CCCCCCCC.O=[N+]([O-])[O-]
4.27478551864624|3.735265016555786|251.57559204101562|0.04328645919234844|2042.2656742747492|0.0|2.0|0.0|InChI=1S/C8H16O2/c1-3-5-7-10-8(9)6-4-2/h3-7H2,1-2H3|CCCCOC(=O)CCC
3.06148099899292|3.4128901958465576|176.7235870361328|0.0|0.0|0.0|0.0|0.0|InChI=1S/C3H3F5/c1-2(4,5)3(6,7)8/h1H3|CC(F)(F)C(F)(F)F
4.110827445983887|3.8501245975494385|244.02560424804688|0.04936926365909614|1297.993946190731|0.0|1.0|0.0|InChI=1S/C8H18O/c1-4-6-9-7-5-8(2)3/h8H,4-7H2,1-3H3|CCCOCCC(C)C
14.853066444396973|4.04788875579834|291.56488037109375|0.00011800965314254142|5000.0|0.0|9.0|0.0|InChI=1S/C20H38O7S.C10H16N3/c1-3-5-7-9-11-13-15-26-19(21)17-18(28(23,24)25)20(22)27-16-14-12-10-8-6-4-2;1-2-3-6-12-8-9-13(10-12)7-4-5-11/h18H,3-17H2,1-2H3,(H,23,24,25);8-10H,2-4,6-7H2,1H3/q;+1/p-1|CCCCCCCCOC(=O)CC(C(=O)OCCCCCCCC)S(=O)(=O)[O-].CCCC[n+]1ccn(CCC#N)c1
3.311697006225586|3.8939638137817383|349.07379150390625|0.0|0.0|0.0|0.0|0.0|InChI=1S/C11H10/c1-9-5-4-7-10-6-2-3-8-11(9)10/h2-8H,1H3|Cc1cccc2ccccc12
3.886575937271118|4.090616703033447|409.6150207519531|0.0|0.0|0.0|0.0|0.0|InChI=1S/C15H10/c1-3-10-7-8-11-4-2-6-13-9-12(5-1)14(10)15(11)13/h1-8H,9H2|c1cc2c3c(c1)ccc1cccc(c13)C2
2.3061370849609375|3.730602264404297|225.7666778564453|0.0|0.0|0.0|0.0|0.0|InChI=1S/C4H10/c1-3-4-2/h3-4H2,1-2H3|CCCC
2.81831431388855|3.9933228492736816|349.4942626953125|0.01652509858930618|2793.903090305566|0.0|3.0|3.0|InChI=1S/C7H6O4/c8-4-1-2-5(7(10)11)6(9)3-4/h1-3,8-9H,(H,10,11)|O=C(O)c1ccc(O)cc1O
3.7753491401672363|2.915156841278076|295.75396728515625|0.018883578755122515|1868.8430435150265|0.0|1.0|1.0|InChI=1S/C2H3ClO2/c3-1-2(4)5/h1H2,(H,4,5)|O=C(O)CCl
2.440952777862549|3.9335265159606934|269.0126037597656|0.006509667659116325|873.7092043378035|0.0|1.0|1.0|InChI=1S/C4H10S/c1-4(2,3)5/h5H,1-3H3|CC(C)(C)S
3.906451940536499|3.622568368911743|306.9876403808594|0.07297890229168061|2151.474751134306|0.0|3.0|1.0|InChI=1S/C8H9NO2/c1-11-8(10)6-2-4-7(9)5-3-6/h2-5H,9H2,1H3|COC(=O)c1ccc(N)cc1
16.143810272216797|4.17287540435791|285.4125671386719|0.00028226041565063533|5000.0|0.0|9.0|0.0|InChI=1S/C20H38O7S.C16H28N3/c1-3-5-7-9-11-13-15-26-19(21)17-18(28(23,24)25)20(22)27-16-14-12-10-8-6-4-2;1-2-3-4-5-6-7-8-9-12-18-14-15-19(16-18)13-10-11-17/h18H,3-17H2,1-2H3,(H,23,24,25);14-16H,2-10,12-13H2,1H3/q;+1/p-1|CCCCCCCCCC[n+]1ccn(CCC#N)c1.CCCCCCCCOC(=O)CC(C(=O)OCCCCCCCC)S(=O)(=O)[O-]
3.5767552852630615|3.2607572078704834|226.9580841064453|0.0002262438726666419|2459.7438479996144|0.0|2.0|0.0|InChI=1S/C4H8O2/c1-3-6-4(2)5/h3H2,1-2H3|CCOC(C)=O
20.60319709777832|4.5|403.654541015625|1.4141656939513299e-11|5000.0|0.0|13.0|0.0|InChI=1S/C64H118O13/c1-51(2)31-19-13-25-37-57(65)72-45-63(46-73-58(66)38-26-14-20-32-52(3)4,47-74-59(67)39-27-15-21-33-53(5)6)43-71-44-64(48-75-60(68)40-28-16-22-34-54(7)8,49-76-61(69)41-29-17-23-35-55(9)10)50-77-62(70)42-30-18-24-36-56(11)12/h51-56H,13-50H2,1-12H3|CC(C)CCCCCC(=O)OCC(COCC(COC(=O)CCCCCC(C)C)(COC(=O)CCCCCC(C)C)COC(=O)CCCCCC(C)C)(COC(=O)CCCCCC(C)C)COC(=O)CCCCCC(C)C
3.1348495483398438|3.4968881607055664|337.3802490234375|0.6995661458367018|2222.736930637449|0.0|2.0|0.0|InChI=1S/C5H8N2/c1-2-7-4-3-6-5-7/h3-5H,2H2,1H3|CCn1ccnc1
4.506432056427002|4.230874538421631|291.5693054199219|0.013425018892826553|2306.216200956512|0.0|3.0|0.0|InChI=1S/C12H26O3/c1-3-5-7-13-9-11-15-12-10-14-8-6-4-2/h3-12H2,1-2H3|CCCCOCCOCCOCCCC
4.79909086227417|3.3234951496124268|230.0205841064453|0.0001625793161090819|2368.191555398188|0.0|3.0|0.0|InChI=1S/C6H12O3/c1-5(4-8-3)9-6(2)7/h5H,4H2,1-3H3|COCC(C)OC(C)=O
8.009523391723633|4.140901565551758|374.17889404296875|0.00047124149232761965|3317.2097558201554|0.0|5.0|0.0|InChI=1S/C13H25N2.C2F6NO4S2/c1-4-5-6-7-8-9-10-15-12-11-14(3)13(15)2;3-1(4,5)14(10,11)9-15(12,13)2(6,7)8/h11-12H,4-10H2,1-3H3;/q+1;-1|CCCCCCCCn1cc[n+](C)c1C.O=S(=O)([N-]S(=O)(=O)C(F)(F)F)C(F)(F)F
8.343368530273438|3.9610748291015625|259.5233459472656|0.005781539220124935|3015.809970072078|0.0|3.0|0.0|InChI=1S/C14H32P.C3H2N3O2/c1-5-9-10-11-12-13-14-15(6-2,7-3)8-4;7-6(8)3-1-4-5-2-3/h5-14H2,1-4H3;1-2H/q+1;-1|CCCCCCCC[P+](CC)(CC)CC.O=[N+]([O-])c1cn[n-]c1
5.506895065307617|4.5|501.4933776855469|0.001734396459729544|2549.455351462784|0.0|6.0|0.0|InChI=1S/C9H15N2O.C2F6NO4S2/c1-3-4-10-5-6-11(9-10)7-8-12-2;3-1(4,5)14(10,11)9-15(12,13)2(6,7)8/h3,5-6,9H,1,4,7-8H2,2H3;/q+1;-1|C=CC[n+]1ccn(CCOC)c1.O=S(=O)([N-]S(=O)(=O)C(F)(F)F)C(F)(F)F
4.471715450286865|3.318248987197876|247.89247131347656|0.0013634770936799055|1882.5061531983795|0.0|1.0|0.0|InChI=1S/C6H13NO/c1-4-7(5-2)6(3)8/h4-5H2,1-3H3|CCN(CC)C(C)=O
4.905080795288086|3.9918627738952637|378.053955078125|0.0|0.0|0.0|0.0|0.0|InChI=1S/C20H12/c1-2-7-14-13(6-1)12-19-16-9-4-3-8-15(16)18-11-5-10-17(14)20(18)19/h1-12H|c1ccc2c(c1)-c1cccc3c1c-2cc1ccccc13
7.306598663330078|4.046074390411377|249.15611267089844|2.1274945763671656e-05|2896.8991371211496|0.0|2.0|0.0|InChI=1S/C16H36N.CHNS/c1-5-9-13-17(14-10-6-2,15-11-7-3)16-12-8-4;2-1-3/h5-16H2,1-4H3;3H/q+1;/p-1|CCCC[N+](CCCC)(CCCC)CCCC.N#C[S-]
4.706297397613525|4.0101165771484375|442.1479187011719|0.0010952862978887746|3334.622928056342|0.0|4.0|2.0|InChI=1S/C6H11N2.C3H7NO3/c1-3-8-5-4-7(2)6-8;4-2(1-5)3(6)7/h4-6H,3H2,1-2H3;2,5H,1,4H2,(H,6,7)/q+1;/p-1/t;2-/m.0/s1|CCn1cc[n+](C)c1.N[C@@H](CO)C(=O)[O-]
2.330496311187744|3.66335129737854|248.75527954101562|0.0|0.0|0.0|0.0|0.0|InChI=1S/C3H7Cl/c1-3(2)4/h3H,1-2H3|CC(C)Cl
8.156591415405273|4.5|550.0|8.261645847240904e-06|3286.5722435646962|0.0|10.0|0.0|InChI=1S/C13H22N4.2C2F6NO4S2/c1-14-8-10-16(12-14)6-4-3-5-7-17-11-9-15(2)13-17;2*3-1(4,5)14(10,11)9-15(12,13)2(6,7)8/h8-13H,3-7H2,1-2H3;;/q+2;2*-1|C[n+]1ccn(CCCCCn2cc[n+](C)c2)c1.O=S(=O)([N-]S(=O)(=O)C(F)(F)F)C(F)(F)F.O=S(=O)([N-]S(=O)(=O)C(F)(F)F)C(F)(F)F
2.053892135620117|3.818260431289673|394.6181640625|0.019569676983464433|2375.9710284626462|0.0|1.0|1.0|InChI=1S/C3H7NO/c1-3(5)4-2/h1-2H3,(H,4,5)|CN=C(C)O
4.207051753997803|2.953845500946045|242.75592041015625|0.0042243402023455345|2539.650478394408|0.0|2.0|0.0|InChI=1S/C2H2N4/c3-1-2-5-6-4/h2H2|N#CCN=[N+]=[N-]
3.3288254737854004|3.4091908931732178|329.54632568359375|0.26917794015497815|911.8221845569527|0.0|3.0|0.0|InChI=1S/C6H5N3/c1-3-9-4-2-8-6(9)5-7-1/h1-5H|c1cn2ccnc2cn1
4.420034885406494|3.466966390609741|280.8465576171875|0.006210602526710231|3132.3814494217245|0.0|2.0|0.0|InChI=1S/C8H7FO2/c1-11-8(10)6-2-4-7(9)5-3-6/h2-5H,1H3|COC(=O)c1ccc(F)cc1
3.9592597484588623|3.7727487087249756|245.19573974609375|0.015674412223527247|2459.661478158095|0.0|1.0|1.0|InChI=1S/C8H19N/c1-3-4-5-6-7-8(2)9/h8H,3-7,9H2,1-2H3|CCCCCCC(C)N
8.261031150817871|3.97049617767334|259.22650146484375|0.0007159178104033821|2066.919636480761|0.0|3.0|0.0|InChI=1S/C12H26N.C6H15O3P/c1-3-4-5-7-10-13(2)11-8-6-9-12-13;1-2-3-4-5-6-9-10(7)8/h3-12H2,1-2H3;10H,2-6H2,1H3,(H,7,8)/q+1;/p-1|CCCCCCO[PH](=O)[O-].CCCCCC[N+]1(C)CCCCC1
5.036130428314209|4.5|536.1602172851562|5.0533838356599297e-05|3353.027509994584|0.0|5.0|0.0|InChI=1S/C9H17N2.C2F6NO4S2/c1-9(2)4-5-11-7-6-10(3)8-11;3-1(4,5)14(10,11)9-15(12,13)2(6,7)8/h6-9H,4-5H2,1-3H3;/q+1;-1|CC(C)CCn1cc[n+](C)c1.O=S(=O)([N-]S(=O)(=O)C(F)(F)F)C(F)(F)F
2.8678674697875977|3.593311309814453|303.8841247558594|0.002645656837628183|2584.35023684491|0.0|1.0|0.0|InChI=1S/C6H7N/c1-6-2-4-7-5-3-6/h2-5H,1H3|Cc1ccncc1
5.668184280395508|3.8844614028930664|268.6090393066406|0.0|0.0|0.0|0.0|0.0|InChI=1S/C11H18N.BrH/c1-2-3-4-6-9-12-10-7-5-8-11-12;/h5,7-8,10-11H,2-4,6,9H2,1H3;1H/q+1;/p-1|CCCCCC[n+]1ccccc1.[Br-]
5.473551273345947|3.903150796890259|320.8439636230469|0.0|0.0|0.0|0.0|0.0|InChI=1S/C19H16/c1-4-10-16(11-5-1)19(17-12-6-2-7-13-17)18-14-8-3-9-15-18/h1-15,19H|c1ccc(C(c2ccccc2)c2ccccc2)cc1
6.627131462097168|3.990671396255493|268.1357421875|0.001426421120884203|3587.7699718552744|0.0|1.0|0.0|InChI=1S/C8H12N.C5HF9O2/c1-3-9-6-4-5-8(2)7-9;6-2(7,1(15)16)3(8,9)4(10,11)5(12,13)14/h4-7H,3H2,1-2H3;(H,15,16)/q+1;/p-1|CC[n+]1cccc(C)c1.O=C([O-])C(F)(F)C(F)(F)C(F)(F)C(F)(F)F
3.0917277336120605|3.7033426761627197|262.81549072265625|0.0|0.0|0.0|0.0|0.0|InChI=1S/C5H11Cl/c1-2-3-4-5-6/h2-5H2,1H3|CCCCCCl
3.5009922981262207|3.7462637424468994|330.46435546875|0.007467580493145092|1802.057056849789|0.0|1.0|0.0|InChI=1S/C7H13NO/c1-8-6-4-2-3-5-7(8)9/h2-6H2,1H3|CN1CCCCCC1=O
5.922987461090088|3.362760066986084|228.41065979003906|0.0010953067419140355|3042.7539189035006|0.0|4.0|0.0|InChI=1S/C8H14O4/c1-5(2)11-7(9)8(10)12-6(3)4/h5-6H,1-4H3|CC(C)OC(=O)C(=O)OC(C)C
6.464161396026611|3.1685545444488525|212.44395446777344|0.002907242024748226|1813.6182425206284|0.0|2.0|3.0|InChI=1S/C5H13NO2.BF4/c1-6(2-4-7)3-5-8;2-1(3,4)5/h7-8H,2-5H2,1H3;/q;-1/p+1|C[NH+](CCO)CCO.F[B-](F)(F)F
9.265599250793457|4.122687816619873|288.85003662109375|0.0006418920206430642|3828.8522621421876|0.0|6.0|2.0|InChI=1S/C12H26O4S.C9H17NO2/c1-2-3-4-5-6-7-8-9-10-11-12-16-17(13,14)15;1-7(2)6-12-9(11)8-4-3-5-10-8/h2-12H2,1H3,(H,13,14,15);7-8,10H,3-6H2,1-2H3/t;8-/m.0/s1|CC(C)COC(=O)[C@@H]1CCCN1.CCCCCCCCCCCCOS(=O)(=O)O
13.153796195983887|4.5|550.0|7.06319843563639e-05|5000.0|0.0|10.0|0.0|InChI=1S/C18H32N4.2C4F10NO4S2/c1-19-13-15-21(17-19)11-9-7-5-3-4-6-8-10-12-22-16-14-20(2)18-22;2*5-1(6,7)3(11,12)20(16,17)15-21(18,19)4(13,14)2(8,9)10/h13-18H,3-12H2,1-2H3;;/q+2;2*-1|C[n+]1ccn(CCCCCCCCCCn2cc[n+](C)c2)c1.O=S(=O)([N-]S(=O)(=O)C(F)(F)C(F)(F)F)C(F)(F)C(F)(F)F.O=S(=O)([N-]S(=O)(=O)C(F)(F)C(F)(F)F)C(F)(F)C(F)(F)F
6.104166030883789|3.4770381450653076|228.0779571533203|0.002452508543463012|2315.4236277587643|0.0|2.0|0.0|InChI=1S/C10H20O2/c1-4-6-7-10(5-2)8-12-9(3)11/h10H,4-8H2,1-3H3|CCCCC(CC)COC(C)=O
2.9274089336395264|3.973663330078125|304.40472412109375|0.0|0.0|0.0|0.0|0.0|InChI=1S/C8H16/c1-2-4-6-8-7-5-3-1/h1-8H2|C1CCCCCCC1
5.77182674407959|3.611963987350464|265.8768615722656|0.0054770127112403|2730.253691217047|0.0|4.0|0.0|InChI=1S/C10H18O4/c1-13-9(11)7-5-3-4-6-8-10(12)14-2/h3-8H2,1-2H3|COC(=O)CCCCCCC(=O)OC
3.085714817047119|3.4813356399536133|251.64999389648438|0.0|0.0|0.0|0.0|0.0|InChI=1S/C6H3F3/c7-4-2-1-3-5(8)6(4)9/h1-3H|Fc1cccc(F)c1F
3.561131238937378|4.283139705657959|400.77069091796875|0.00034961788810893664|2554.524127795956|0.0|2.0|1.0|InChI=1S/C7H14N3.BF4/c1-9-5-6-10(7-9)4-2-3-8;2-1(3,4)5/h5-7H,2-4,8H2,1H3;/q+1;-1|C[n+]1ccn(CCCN)c1.F[B-](F)(F)F
6.892003059387207|3.5327651500701904|228.99386596679688|3.0381304044914648e-05|3863.5351949925594|0.0|7.0|1.0|InChI=1S/C12H20O7/c1-4-17-9(13)7-12(16,11(15)19-6-3)8-10(14)18-5-2/h16H,4-8H2,1-3H3|CCOC(=O)CC(O)(CC(=O)OCC)C(=O)OCC
5.391923904418945|3.902815580368042|334.13409423828125|0.03656101152746427|1312.2626649416163|0.0|1.0|0.0|InChI=1S/C18H15N/c1-4-10-16(11-5-1)19(17-12-6-2-7-13-17)18-14-8-3-9-15-18/h1-15H|c1ccc(N(c2ccccc2)c2ccccc2)cc1
6.390066623687744|3.4884142875671387|280.8746337890625|0.02349746613354326|2128.475880598295|0.0|2.0|2.0|InChI=1S/C6H12O2.C4H7NO/c1-2-3-4-5-6(7)8;6-4-2-1-3-5-4/h2-5H2,1H3,(H,7,8);1-3H2,(H,5,6)|CCCCCC(=O)O.OC1=NCCC1
5.653693199157715|3.708940267562866|249.9488067626953|0.006779731904369522|397.1913104868811|0.0|4.0|1.0|InChI=1S/C9H22O3SSi/c1-4-10-14(11-5-2,12-6-3)9-7-8-13/h13H,4-9H2,1-3H3|CCO[Si](CCCS)(OCC)OCC
5.732931137084961|4.300589561462402|423.433349609375|0.008273987000230118|1807.91028768786|0.0|6.0|1.0|InChI=1S/C8H15N3.C2F6NO4S2/c1-10-5-3-7-11-6-2-4-9-8(10)11;3-1(4,5)14(10,11)9-15(12,13)2(6,7)8/h2-7H2,1H3;/q;-1/p+1|CN1CCCN2CCC[NH+]=C12.O=S(=O)([N-]S(=O)(=O)C(F)(F)F)C(F)(F)F
8.627788543701172|3.8844854831695557|231.78744506835938|0.0024997003163840536|571.584019445324|0.0|3.0|2.0|InChI=1S/C16H36P.C3H7NO3/c1-5-9-13-17(14-10-6-2,15-11-7-3)16-12-8-4;4-2(1-5)3(6)7/h5-16H2,1-4H3;2,5H,1,4H2,(H,6,7)/q+1;/p-1/t;2-/m.0/s1|CCCC[P+](CCCC)(CCCC)CCCC.N[C@@H](CO)C(=O)[O-]
4.129409313201904|4.477017402648926|331.86614990234375|0.00010171276927159918|3450.9835280079897|0.0|5.0|2.0|InChI=1S/C12H26O5/c1-9(14)6-15-11(3)8-17-12(4)7-16-10(2)5-13/h9-14H,5-8H2,1-4H3|CC(O)COC(C)COC(C)COC(C)CO
2.61934232711792|3.7306618690490723|293.3343505859375|0.012486011918639642|1043.1764009378887|0.0|1.0|1.0|InChI=1S/C5H11N/c1-2-4-6-5-3-1/h6H,1-5H2|C1CCNCC1
6.29885721206665|3.588592052459717|241.00950622558594|0.0016849381269976196|2711.498816733664|0.0|2.0|0.0|InChI=1S/C12H22O2/c1-3-4-5-6-7-8-9-10-11-12(13)14-2/h3H,1,4-11H2,2H3|C=CCCCCCCCCC(=O)OC
5.867861270904541|3.8714637756347656|274.7454833984375|0.01041081346044747|2519.932359889644|0.0|2.0|1.0|InChI=1S/C7H6O2.C6H15N/c8-7(9)6-4-2-1-3-5-6;1-4-7(5-2)6-3/h1-5H,(H,8,9);4-6H2,1-3H3|CCN(CC)CC.O=C(O)c1ccccc1
4.309728622436523|3.410505533218384|296.88836669921875|0.011412797731725892|2380.3498764861747|0.0|3.0|0.0|InChI=1S/C7H7NO2/c1-10-7(9)6-3-2-4-8-5-6/h2-5H,1H3|COC(=O)c1cccnc1
8.699217796325684|4.079196453094482|278.6224060058594|0.0004516275096121241|3743.3427328640555|0.0|6.0|2.0|InChI=1S/C12H26O4S.C7H15NO2/c1-2-3-4-5-6-7-8-9-10-11-12-16-17(13,14)15;1-5(2)4-10-7(9)6(3)8/h2-12H2,1H3,(H,13,14,15);5-6H,4,8H2,1-3H3/t;6-/m.0/s1|CC(C)COC(=O)[C@H](C)N.CCCCCCCCCCCCOS(=O)(=O)O
3.5720503330230713|4.380648612976074|306.1682434082031|0.00016521755920045553|3013.492997407371|0.0|3.0|1.0|InChI=1S/C7H16NO.C2H4O3/c1-3-8(2)4-6-9-7-5-8;3-1-2(4)5/h3-7H2,1-2H3;3H,1H2,(H,4,5)/q+1;/p-1|CC[N+]1(C)CCOCC1.O=C([O-])CO
2.459623098373413|3.591233730316162|255.466552734375|0.0|0.0|0.0|0.0|0.0|InChI=1S/C3H7Cl/c1-2-3-4/h2-3H2,1H3|CCCCl
1.6797993183135986|4.488526821136475|388.569580078125|0.006451687291956017|1795.416336766134|0.0|2.0|2.0|InChI=1S/C4H11NO/c1-2-5-3-4-6/h5-6H,2-4H2,1H3|CCNCCO
23.208635330200195|4.5|301.5272216796875|0.0002977236230555574|5000.0|0.0|7.0|0.0|InChI=1S/C38H80P.C20H38O7S/c1-5-9-13-17-21-22-23-24-25-26-30-34-38-39(35-31-27-18-14-10-6-2,36-32-28-19-15-11-7-3)37-33-29-20-16-12-8-4;1-5-9-11-16(7-3)14-26-19(21)13-18(28(23,24)25)20(22)27-15-17(8-4)12-10-6-2/h5-38H2,1-4H3;16-18H,5-15H2,1-4H3,(H,23,24,25)/q+1;/p-1|CCCCC(CC)COC(=O)CC(C(=O)OCC(CC)CCCC)S(=O)(=O)[O-].CCCCCCCCCCCCCC[P+](CCCCCCCC)(CCCCCCCC)CCCCCCCC
5.141170024871826|3.8836936950683594|278.15374755859375|0.0010827775002933966|3619.148357064412|0.0|2.0|0.0|InChI=1S/C12H20O2/c1-8(13)14-10-7-9-5-6-12(10,4)11(9,2)3/h9-10H,5-7H2,1-4H3/t9-,10-,12+/m1/s1|CC(=O)O[C@@H]1C[C@H]2CC[C@]1(C)C2(C)C
6.371941089630127|3.8656346797943115|321.1190490722656|0.005658021143472048|1549.8885312881694|0.0|1.0|0.0|InChI=1S/C12H23N2.F6P/c1-3-4-5-6-7-8-9-14-11-10-13(2)12-14;1-7(2,3,4,5)6/h10-12H,3-9H2,1-2H3;/q+1;-1|CCCCCCCCn1cc[n+](C)c1.F[P-](F)(F)(F)(F)F
3.608349561691284|3.233304500579834|252.19078063964844|0.028002048784817393|2239.452027815736|0.0|2.0|0.0|InChI=1S/C4H6O2/c1-3-2-4(5)6-3/h3H,2H2,1H3|CC1CC(=O)O1
7.391899108886719|3.326077461242676|249.93165588378906|0.012685183580894321|1383.8551410116843|0.0|6.0|5.0|InChI=1S/C6H15NO3.H2O4S/c8-4-1-7(2-5-9)3-6-10;1-5(2,3)4/h8-10H,1-6H2;(H2,1,2,3,4)|O=S(=O)(O)O.OCCN(CCO)CCO
6.178568363189697|3.7638981342315674|256.0149841308594|7.534628497906727e-05|2549.547726579058|0.0|1.0|0.0|InChI=1S/C9H17N2.F6P/c1-4-5-6-11-8-7-10(3)9(11)2;1-7(2,3,4,5)6/h7-8H,4-6H2,1-3H3;/q+1;-1|CCCCn1cc[n+](C)c1C.F[P-](F)(F)(F)(F)F
2.705439329147339|3.2045722007751465|80.744384765625|0.03210603470995483|3318.5576278327167|0.0|2.0|2.0|InChI=1S/C3H9NO/c4-2-1-3-5/h5H,1-4H2|NCCCO
4.47027587890625|3.9162447452545166|267.5872497558594|0.02648965316450555|2411.852160015942|0.0|2.0|0.0|InChI=1S/C9H18O2/c1-5-7-8(10)11-9(3,4)6-2/h5-7H2,1-4H3|CCCC(=O)OC(C)(C)CC
4.887914180755615|3.4614129066467285|238.69778442382812|0.06848430894866896|1430.0898402290318|0.0|3.0|0.0|InChI=1S/C7H14O3/c1-3-5-9-7(8)10-6-4-2/h3-6H2,1-2H3|CCCOC(=O)OCCC
11.785021781921387|3.60540771484375|240.91116333007812|0.01798578112866379|2192.9642477442644|0.0|4.0|0.0|InChI=1S/C24H38O4/c1-3-5-7-9-11-15-19-27-23(25)21-17-13-14-18-22(21)24(26)28-20-16-12-10-8-6-4-2/h13-14,17-18H,3-12,15-16,19-20H2,1-2H3|CCCCCCCCOC(=O)c1ccccc1C(=O)OCCCCCCCC
7.463799476623535|4.092226028442383|372.8172302246094|0.00011694013750189568|2049.849801423557|0.0|4.0|0.0|InChI=1S/C12H20N.C2F6NO4S2/c1-3-4-5-6-9-13-10-7-8-12(2)11-13;3-1(4,5)14(10,11)9-15(12,13)2(6,7)8/h7-8,10-11H,3-6,9H2,1-2H3;/q+1;-1|CCCCCC[n+]1cccc(C)c1.O=S(=O)([N-]S(=O)(=O)C(F)(F)F)C(F)(F)F
3.711958408355713|4.22769021987915|401.9244689941406|0.0|0.0|0.0|0.0|0.0|InChI=1S/C16H14/c1-2-12-7-8-15-10-13-5-3-4-6-14(13)11-16(15)9-12/h3-11H,2H2,1H3|CCc1ccc2cc3ccccc3cc2c1
3.9539716243743896|3.4110560417175293|285.76361083984375|0.023080856693413507|1805.6170719838076|0.0|4.0|0.0|InChI=1S/C3H9O4P/c1-5-8(4,6-2)7-3/h1-3H3|COP(=O)(OC)OC
4.4926066398620605|4.138698101043701|347.18511962890625|0.0019634043913182363|1321.0607939168021|0.0|3.0|1.0|InChI=1S/C5H13N.CHF3O3S/c1-4-5-6(2)3;2-1(3,4)8(5,6)7/h4-5H2,1-3H3;(H,5,6,7)|CCCN(C)C.O=S(=O)(O)C(F)(F)F
5.066559791564941|3.3780200481414795|267.38018798828125|0.18313571018730257|2423.528054603604|0.0|1.0|1.0|InChI=1S/C5H13N3.C3H3N2/c1-7(2)5(6)8(3)4;1-2-5-3-4-1/h6H,1-4H3;1-3H/q;-1/p+1|CN(C)C(=[NH2+])N(C)C.c1c[n-]cn1
2.8196589946746826|3.638035297393799|258.59710693359375|0.0|0.0|0.0|0.0|0.0|InChI=1S/C4H9Cl/c1-2-3-4-5/h2-4H2,1H3|CCCCCl
4.875120639801025|3.414658784866333|268.7937316894531|0.051361667987332695|1443.471890057789|0.0|3.0|0.0|InChI=1S/C5H13O3P/c1-4-7-9(3,6)8-5-2/h4-5H2,1-3H3|CCOP(C)(=O)OCC
4.147542953491211|4.049661159515381|324.779296875|0.0|0.0|0.0|0.0|0.0|InChI=1S/C14H10/c1-2-6-12-10-14-8-4-3-7-13(14)9-11(12)5-1/h1-10H/i1D,2D,3D,4D,5D,6D,7D,8D,9D,10D|[2H]c1c([2H])c([2H])c2c([2H])c3c([2H])c([2H])c([2H])c([2H])c3c([2H])c2c1[2H]
3.5870203971862793|4.097614765167236|394.0853576660156|0.0077672856929405535|2198.139855569204|0.0|1.0|0.0|InChI=1S/C8H13N2.BrH/c1-3-4-5-10-7-6-9(2)8-10;/h3,6-8H,1,4-5H2,2H3;1H/q+1;/p-1|C=CCCn1cc[n+](C)c1.[Br-]
14.955062866210938|4.4347639083862305|288.7673645019531|0.0005172542993979492|3464.057669515332|0.0|3.0|0.0|InChI=1S/C32H68P.C7H8O3S/c1-5-9-13-17-18-19-20-21-22-23-24-28-32-33(29-25-14-10-6-2,30-26-15-11-7-3)31-27-16-12-8-4;1-6-2-4-7(5-3-6)11(8,9)10/h5-32H2,1-4H3;2-5H,1H3,(H,8,9,10)/q+1;/p-1|CCCCCCCCCCCCCC[P+](CCCCCC)(CCCCCC)CCCCCC.Cc1ccc(S(=O)(=O)[O-])cc1
4.811226844787598|3.63405704498291|274.4520568847656|0.005914503550176935|2299.6597284785676|0.0|2.0|0.0|InChI=1S/C9H16O2/c1-7-5-3-4-6-9(7)11-8(2)10/h7,9H,3-6H2,1-2H3|CC(=O)OC1CCCCC1C
4.7128005027771|3.524954080581665|295.9657897949219|0.007538310751843845|1699.9609594476995|0.0|1.0|0.0|InChI=1S/C9H16N2/c1-2-5-9-10-6-4-8-11(9)7-3-1/h1-8H2|C1CCC2=NCCCN2CC1
3.0035014152526855|3.7688045501708984|308.0449523925781|0.0|0.0|0.0|0.0|0.0|InChI=1S/C7H7Cl/c1-6-2-4-7(8)5-3-6/h2-5H,1H3|Cc1ccc(Cl)cc1
4.691898345947266|3.741267442703247|275.98553466796875|0.00042890341551581675|1771.3703617096514|0.0|1.0|1.0|InChI=1S/C9H15NSi/c1-11(2,3)10-9-7-5-4-6-8-9/h4-8,10H,1-3H3|C[Si](C)(C)Nc1ccccc1
1.943280577659607|4.013779640197754|338.4058837890625|0.014717560563862217|1313.982676877908|0.0|2.0|2.0|InChI=1S/C3H10N2/c4-2-1-3-5/h1-5H2|NCCCN
4.615561008453369|3.369730234146118|219.6553192138672|0.002898244874689239|3012.6957088129884|0.0|2.0|0.0|InChI=1S/C6H14O2/c1-3-7-5-6-8-4-2/h3-6H2,1-2H3|CCOCCOCC
3.567863941192627|4.469710350036621|528.6838989257812|0.01451905762329084|2284.7091910639137|0.0|3.0|1.0|InChI=1S/C6H11N2.C3H6O3/c1-3-8-5-4-7(2)6-8;1-2(4)3(5)6/h4-6H,3H2,1-2H3;2,4H,1H3,(H,5,6)/q+1;/p-1/t;2-/m.0/s1|CCn1cc[n+](C)c1.C[C@H](O)C(=O)[O-]
6.110376358032227|3.712336540222168|250.3946990966797|0.0040661603725588346|2487.8964487518306|0.0|3.0|0.0|InChI=1S/C12H22O3/c1-3-5-7-9-11(13)15-12(14)10-8-6-4-2/h3-10H2,1-2H3|CCCCCC(=O)OC(=O)CCCCC
5.590364933013916|3.6239054203033447|328.2856750488281|0.007504044496816873|5000.0|0.0|4.0|1.0|InChI=1S/C13H10N2O4/c16-13(14(17)11-4-2-1-3-5-11)10-6-8-12(9-7-10)15(18)19/h1-9,17H|O=C(c1ccc([N+](=O)[O-])cc1)N(O)c1ccccc1
6.431948184967041|3.960031032562256|269.4718017578125|0.0|0.0|0.0|0.0|0.0|InChI=1S/C13H22N.BF4/c1-2-3-4-5-6-8-11-14-12-9-7-10-13-14;2-1(3,4)5/h7,9-10,12-13H,2-6,8,11H2,1H3;/q+1;-1|CCCCCCCC[n+]1ccccc1.F[B-](F)(F)F
6.9115753173828125|3.865792751312256|343.4766845703125|0.03661832966521716|1533.7203956636608|0.0|4.0|2.0|InChI=1S/C9H17N2.C5H9NO4/c1-3-4-5-6-11-8-7-10(2)9-11;6-3(5(9)10)1-2-4(7)8/h7-9H,3-6H2,1-2H3;3H,1-2,6H2,(H,7,8)(H,9,10)/q+1;/p-1|CCCCCn1cc[n+](C)c1.NC(CCC(=O)[O-])C(=O)O
4.995081424713135|3.8193883895874023|281.54901123046875|0.0023927650201588336|2603.7832554469587|0.0|4.0|0.0|InChI=1S/C10H18O4/c1-7(2)13-9(11)5-6-10(12)14-8(3)4/h7-8H,5-6H2,1-4H3|CC(C)OC(=O)CCC(=O)OC(C)C
3.921651840209961|3.3810107707977295|314.3526306152344|0.00023761745170795717|3171.796691185461|0.0|2.0|0.0|InChI=1S/C6H10O2/c1-5-3-2-4-6(7)8-5/h5H,2-4H2,1H3|CC1CCCC(=O)O1
5.303779125213623|3.978614091873169|254.26649475097656|0.0002709711650097244|1657.844128286202|0.0|6.0|0.0|InChI=1S/C9H18O6/c1-7(2)10-12-8(3,4)14-15-9(5,6)13-11-7/h1-6H3|CC1(C)OOC(C)(C)OOC(C)(C)OO1
8.197134017944336|3.53251314163208|232.81507873535156|2.6808483485791484e-05|5000.0|0.0|8.0|0.0|InChI=1S/C14H22O8/c1-5-19-11(16)8-14(22-10(4)15,13(18)21-7-3)9-12(17)20-6-2/h5-9H2,1-4H3|CCOC(=O)CC(CC(=O)OCC)(OC(C)=O)C(=O)OCC
4.701152324676514|3.663301944732666|289.0162048339844|0.0714805239112019|2822.27567089598|0.0|2.0|0.0|InChI=1S/C8H14N2/c1-2-3-4-6-10-7-5-9-8-10/h5,7-8H,2-4,6H2,1H3|CCCCCn1ccnc1
2.500861883163452|3.58316969871521|293.70452880859375|0.02840435136303922|1929.229702615428|0.0|1.0|1.0|InChI=1S/C4H8O/c5-3-4-1-2-4/h4-5H,1-3H2|OCC1CC1
10.819205284118652|2.5827999114990234|205.71934509277344|0.002363099394487493|1900.3730939056725|0.0|9.0|0.0|InChI=1S/C3H5N3O9/c7-4(8)13-1-3(15-6(11)12)2-14-5(9)10/h3H,1-2H2|O=[N+]([O-])OCC(CO[N+](=O)[O-])O[N+](=O)[O-]
5.457507610321045|3.9506194591522217|291.50360107421875|0.00010036072441962397|3000.568927201624|0.0|5.0|0.0|InChI=1S/C7H16NO.C2H6O4S/c1-3-8(2)4-6-9-7-5-8;1-2-6-7(3,4)5/h3-7H2,1-2H3;2H2,1H3,(H,3,4,5)/q+1;/p-1|CCOS(=O)(=O)[O-].CC[N+]1(C)CCOCC1
3.0261783599853516|4.1984734535217285|302.78326416015625|0.0|0.0|0.0|0.0|0.0|InChI=1S/C10H18/c1-7-4-5-8-6-9(7)10(8,2)3/h7-9H,4-6H2,1-3H3/t7-,8+,9+/m0/s1|C[C@H]1CC[C@@H]2C[C@H]1C2(C)C
4.984180450439453|3.643376111984253|254.65882873535156|0.0012327429462209152|2407.2567717161596|0.0|2.0|0.0|InChI=1S/C8H14N2/c1-3-4-6-10-7-5-9-8(10)2/h5,7H,3-4,6H2,1-2H3|CCCCn1ccnc1C
2.3999955654144287|3.173907995223999|188.18771362304688|0.0|0.0|0.0|0.0|0.0|InChI=1S/CHClF2/c2-1(3)4/h1H|FC(F)Cl
4.718109607696533|4.453047752380371|550.0|0.0008221306396415249|2960.6456597822025|0.0|6.0|0.0|InChI=1S/C6H8N3.C2F6NO4S2/c1-8-4-5-9(6-8)3-2-7;3-1(4,5)14(10,11)9-15(12,13)2(6,7)8/h4-6H,3H2,1H3;/q+1;-1|C[n+]1ccn(CC#N)c1.O=S(=O)([N-]S(=O)(=O)C(F)(F)F)C(F)(F)F
1.7980440855026245|4.492014408111572|365.8326110839844|0.006503366754379498|1650.6905777129703|0.0|2.0|1.0|InChI=1S/C5H12N2/c1-7-4-2-6-3-5-7/h6H,2-5H2,1H3|CN1CCNCC1
4.016731262207031|3.7521495819091797|353.06011962890625|0.000526304620321519|561.1987036661438|0.0|3.0|3.0|InChI=1S/C4H11N.H2O4S/c1-3-5-4-2;1-5(2,3)4/h5H,3-4H2,1-2H3;(H2,1,2,3,4)|CCNCC.O=S(=O)(O)O
2.902439832687378|3.366321086883545|362.318359375|0.8211720890861762|2552.0627346327105|0.0|2.0|0.0|InChI=1S/C4H6N2/c1-6-3-2-5-4-6/h2-4H,1H3|Cn1ccnc1
4.016444206237793|4.060124397277832|434.1773376464844|0.16594717693346303|1619.728182118852|0.0|4.0|1.0|InChI=1S/C6H11N2O.C2N3/c1-7-2-3-8(6-7)4-5-9;3-1-5-2-4/h2-3,6,9H,4-5H2,1H3;/q+1;-1|C[n+]1ccn(CCO)c1.N#C[N-]C#N
7.907137870788574|4.13966178894043|378.8729248046875|0.010459518675047305|1547.4595400250905|0.0|4.0|0.0|InChI=1S/C13H22N.C2F6NO4S2/c1-4-5-6-7-8-14-10-12(2)9-13(3)11-14;3-1(4,5)14(10,11)9-15(12,13)2(6,7)8/h9-11H,4-8H2,1-3H3;/q+1;-1|CCCCCC[n+]1cc(C)cc(C)c1.O=S(=O)([N-]S(=O)(=O)C(F)(F)F)C(F)(F)F
3.3531715869903564|3.8143391609191895|286.13983154296875|0.0|0.0|0.0|0.0|0.0|InChI=1S/C9H12/c1-2-6-9-7-4-3-5-8-9/h3-5,7-8H,2,6H2,1H3|CCCc1ccccc1
6.070236682891846|4.251214027404785|382.4715881347656|6.589427078443425e-05|4369.338268108323|0.0|4.0|0.0|InChI=1S/C9H14N.C2F6NO4S2/c1-3-6-10-7-4-9(2)5-8-10;3-1(4,5)14(10,11)9-15(12,13)2(6,7)8/h4-5,7-8H,3,6H2,1-2H3;/q+1;-1|CCC[n+]1ccc(C)cc1.O=S(=O)([N-]S(=O)(=O)C(F)(F)F)C(F)(F)F
5.589186668395996|4.010195732116699|310.6072082519531|0.0032849109407139974|2156.148766886634|0.0|3.0|0.0|InChI=1S/C9H20N.CHF3O3S/c1-3-4-7-10(2)8-5-6-9-10;2-1(3,4)8(5,6)7/h3-9H2,1-2H3;(H,5,6,7)/q+1;/p-1|CCCC[N+]1(C)CCCC1.O=S(=O)([O-])C(F)(F)F
25.0|4.5|474.3895568847656|0.0|0.0|0.0|0.0|0.0|InChI=1S/2C32H68P.4ClH.Co/c2*1-5-9-13-17-18-19-20-21-22-23-24-28-32-33(29-25-14-10-6-2,30-26-15-11-7-3)31-27-16-12-8-4;;;;;/h2*5-32H2,1-4H3;4*1H;/q2*+1;;;;;+2/p-4|CCCCCCCCCCCCCC[P+](CCCCCC)(CCCCCC)CCCCCC.CCCCCCCCCCCCCC[P+](CCCCCC)(CCCCCC)CCCCCC.[Cl-].[Cl-].[Cl-].[Cl-].[Co+2]
4.146183490753174|3.633453130722046|337.99908447265625|0.18969857657920058|910.0678702545958|0.0|2.0|0.0|InChI=1S/C10H8N2/c1-3-7-11-9(5-1)10-6-2-4-8-12-10/h1-8H|c1ccc(-c2ccccn2)nc1
9.572360038757324|4.428537368774414|417.49041748046875|0.00018897615283493743|3208.4036761637976|0.0|5.0|0.0|InChI=1S/C22H41N2.C2F6NO4S2/c1-3-4-5-6-7-8-9-10-11-12-13-14-15-16-17-18-19-24-21-20-23(2)22-24;3-1(4,5)14(10,11)9-15(12,13)2(6,7)8/h10-11,20-22H,3-9,12-19H2,1-2H3;/q+1;-1/b11-10+;|CCCCCCCC/C=C/CCCCCCCCn1cc[n+](C)c1.O=S(=O)([N-]S(=O)(=O)C(F)(F)F)C(F)(F)F
5.010015964508057|3.126117706298828|229.3743438720703|0.0002226374987858083|1783.7263580077947|0.0|3.0|0.0|InChI=1S/C5H10O3/c1-5(6)8-4-3-7-2/h3-4H2,1-2H3|COCCOC(C)=O
4.339102745056152|3.9709935188293457|367.1960754394531|0.002339267183042128|1849.2501747391482|0.0|2.0|0.0|InChI=1S/C7H13N2O.BF4/c1-8-3-4-9(7-8)5-6-10-2;2-1(3,4)5/h3-4,7H,5-6H2,1-2H3;/q+1;-1|COCCn1cc[n+](C)c1.F[B-](F)(F)F
4.163413047790527|4.227230072021484|460.4459533691406|0.0|0.0|0.0|0.0|0.0|InChI=1S/C20H12/c1-2-7-17-15(4-1)12-16-9-8-13-5-3-6-14-10-11-18(17)20(16)19(13)14/h1-12H|c1ccc2c(c1)cc1ccc3cccc4ccc2c1c34
2.427417516708374|2.8255698680877686|162.88253784179688|0.0|0.0|0.0|0.0|0.0|InChI=1S/CH2F2/c2-1-3/h1H2|FCF
4.615817070007324|3.5093579292297363|298.9062194824219|0.013431122684964096|2372.8504456288647|0.0|2.0|0.0|InChI=1S/C8H7ClO2/c1-11-8(10)6-2-4-7(9)5-3-6/h2-5H,1H3|COC(=O)c1ccc(Cl)cc1
2.8749823570251465|3.8654584884643555|241.85877990722656|0.0|0.0|0.0|0.0|0.0|InChI=1S/C6H14/c1-4-6(3)5-2/h6H,4-5H2,1-3H3|CCC(C)CC
3.508288860321045|3.4388341903686523|111.53165435791016|0.13101863019168164|2509.731194363912|0.0|2.0|2.0|InChI=1S/C5H14N2/c6-4-2-1-3-5-7/h1-7H2|NCCCCCN
3.202070951461792|4.4073052406311035|403.97113037109375|0.011858966717470977|2040.9946732513106|0.0|4.0|4.0|InChI=1S/C3H6O3.C2H7NO/c1-2(4)3(5)6;3-1-2-4/h2,4H,1H3,(H,5,6);4H,1-3H2|CC(O)C(=O)O.NCCO
5.39009952545166|3.7280046939849854|261.52557373046875|0.0|0.0|0.0|0.0|0.0|InChI=1S/C10H21Br/c1-2-3-4-5-6-7-8-9-10-11/h2-10H2,1H3|CCCCCCCCCCBr
2.659224510192871|3.9337801933288574|288.5298767089844|0.0211931716329304|938.557717613818|0.0|1.0|0.0|InChI=1S/C6H13N/c1-7-5-3-2-4-6-7/h2-6H2,1H3|CN1CCCCC1
2.5349814891815186|4.4815850257873535|331.3309326171875|0.0005954817943010991|2160.6787295375434|0.0|2.0|1.0|InChI=1S/C7H18N2/c1-3-9(4-2)7-5-6-8/h3-8H2,1-2H3|CCN(CC)CCCN
3.863558053970337|3.495973825454712|309.8416748046875|7.932755632003487e-05|2302.8762118131526|0.0|1.0|1.0|InChI=1S/C6H4Cl2O/c7-4-2-1-3-5(9)6(4)8/h1-3,9H|Oc1cccc(Cl)c1Cl
3.690321922302246|3.868708848953247|316.9013366699219|0.004745783440776841|1695.7684110004616|0.0|3.0|1.0|InChI=1S/C9H10O3/c1-2-12-9(11)7-5-3-4-6-8(7)10/h3-6,10H,2H2,1H3|CCOC(=O)c1ccccc1O
15.1067533493042|3.9976184368133545|184.68804931640625|2.3793308201268197e-06|5000.0|0.0|8.0|0.0|InChI=1S/C20H60O8Si9/c1-29(2,3)21-31(7,8)23-33(11,12)25-35(15,16)27-37(19,20)28-36(17,18)26-34(13,14)24-32(9,10)22-30(4,5)6/h1-20H3|C[Si](C)(C)O[Si](C)(C)O[Si](C)(C)O[Si](C)(C)O[Si](C)(C)O[Si](C)(C)O[Si](C)(C)O[Si](C)(C)O[Si](C)(C)C
5.442436695098877|4.30437707901001|378.12994384765625|0.0032583044893463842|3709.6206479262155|0.0|5.0|0.0|InChI=1S/C9H22PS.F2NO4S2/c1-5-10(6-2,7-3)8-9-11-4;1-8(4,5)3-9(2,6)7/h5-9H2,1-4H3;/q+1;-1|CC[P+](CC)(CC)CCSC.O=S(=O)(F)[N-]S(=O)(=O)F
5.113419055938721|4.25665283203125|286.98297119140625|0.016471678857316|3868.0152213111164|0.0|4.0|0.0|InChI=1S/C14H30O4/c1-3-5-7-15-9-11-17-13-14-18-12-10-16-8-6-4-2/h3-14H2,1-2H3|CCCCOCCOCCOCCOCCCC
4.872498512268066|2.8720688819885254|216.45701599121094|0.00010183484890107296|2312.7685123241463|0.0|1.0|1.0|InChI=1S/C3H4F4O/c4-2(5)3(6,7)1-8/h2,8H,1H2|OCC(F)(F)C(F)F
3.4456517696380615|3.32903790473938|277.53948974609375|0.017789541185796936|1930.1068423188688|0.0|1.0|0.0|InChI=1S/C4H9NO/c1-4(6)5(2)3/h1-3H3|CC(=O)N(C)C
3.2487006187438965|3.38042950630188|242.75119018554688|0.046380083866961165|1728.6626058229508|0.0|2.0|0.0|InChI=1S/C4H8O2/c1-2-3-6-4-5/h4H,2-3H2,1H3|CCCOC=O
1.578985571861267|4.490436553955078|407.2298278808594|0.000650279197561555|2176.5590900083703|0.0|2.0|1.0|InChI=1S/C4H10O2/c1-4(3-5)6-2/h4-5H,3H2,1-2H3|COC(C)CO
4.233431816101074|3.6316893100738525|242.29205322265625|0.004188822991205984|2235.8736118568168|0.0|2.0|0.0|InChI=1S/C7H14O2/c1-5-7(3,4)9-6(2)8/h5H2,1-4H3|CCC(C)(C)OC(C)=O
3.98579740524292|3.374403953552246|191.73023986816406|0.0006963522593601577|3238.420944521087|0.0|1.0|0.0|InChI=1S/C4H4F6O/c1-11-4(9,10)3(7,8)2(5)6/h2H,1H3|COC(F)(F)C(F)(F)C(F)F
4.104567050933838|3.7885749340057373|369.35479736328125|0.03186692256750524|3997.847198453185|0.0|5.0|1.0|InChI=1S/C7H4N2O6/c10-7(11)5-2-1-4(8(12)13)3-6(5)9(14)15/h1-3H,(H,10,11)|O=C(O)c1ccc([N+](=O)[O-])cc1[N+](=O)[O-]
5.984637260437012|3.846559524536133|374.2845458984375|0.33210385053554053|2826.449659149781|0.0|4.0|0.0|InChI=1S/C7H11BrN5.C2N3/c1-12-2-3-13(6-12)5-7(8)4-10-11-9;3-1-5-2-4/h2-3,6-7H,4-5H2,1H3;/q+1;-1|C[n+]1ccn(CC(Br)CN=[N+]=[N-])c1.N#C[N-]C#N
7.2927751541137695|3.8065619468688965|270.8878173828125|1.894257944846245e-05|5000.0|0.0|4.0|0.0|InChI=1S/C17H24O4/c1-4-6-8-16(18)20-14-10-13(3)11-15(12-14)21-17(19)9-7-5-2/h10-12H,4-9H2,1-3H3|CCCCC(=O)Oc1cc(C)cc(OC(=O)CCCC)c1
3.5349936485290527|3.2504518032073975|300.8860778808594|0.0007565519892782827|2489.355554131575|0.0|1.0|1.0|InChI=1S/C6H6O/c7-6-4-2-1-3-5-6/h1-5,7H|Oc1ccccc1
13.972620010375977|4.5|550.0|5.275276360990934e-06|5000.0|0.0|10.0|0.0|InChI=1S/C20H36N4.2C4F10NO4S2/c1-21-15-17-23(19-21)13-11-9-7-5-3-4-6-8-10-12-14-24-18-16-22(2)20-24;2*5-1(6,7)3(11,12)20(16,17)15-21(18,19)4(13,14)2(8,9)10/h15-20H,3-14H2,1-2H3;;/q+2;2*-1|C[n+]1ccn(CCCCCCCCCCCCn2cc[n+](C)c2)c1.O=S(=O)([N-]S(=O)(=O)C(F)(F)C(F)(F)F)C(F)(F)C(F)(F)F.O=S(=O)([N-]S(=O)(=O)C(F)(F)C(F)(F)F)C(F)(F)C(F)(F)F
4.513598442077637|4.037094593048096|221.23574829101562|0.0004327227479099051|866.5188128771032|0.0|3.0|0.0|InChI=1S/C6H18O3Si3/c1-10(2)7-11(3,4)9-12(5,6)8-10/h1-6H3|C[Si]1(C)O[Si](C)(C)O[Si](C)(C)O1
4.645987033843994|3.9102249145507812|290.2083435058594|0.0018440535766315379|2702.1252444492116|0.0|4.0|0.0|InChI=1S/C9H16O4/c1-6(2)12-8(10)5-9(11)13-7(3)4/h6-7H,5H2,1-4H3|CC(C)OC(=O)CC(=O)OC(C)C
3.506300687789917|4.049376487731934|400.4293518066406|0.04699652372150154|2112.701601234787|0.0|1.0|0.0|InChI=1S/C7H13N2.HI/c1-3-4-9-6-5-8(2)7-9;/h5-7H,3-4H2,1-2H3;1H/q+1;/p-1|CCCn1cc[n+](C)c1.[I-]
5.197216510772705|3.393549680709839|248.5794219970703|0.015593597311048696|2421.3563769322973|0.0|3.0|0.0|InChI=1S/C7H12O3/c1-2-3-7(8)10-5-6-4-9-6/h6H,2-5H2,1H3|CCCC(=O)OCC1CO1
5.0376434326171875|3.398442268371582|180.49014282226562|0.0008306194998275697|2525.5676659803994|0.0|1.0|0.0|InChI=1S/C5H3F9O/c6-2(7)4(10,11)15-1-3(8,9)5(12,13)14/h2H,1H2|FC(F)C(F)(F)OCC(F)(F)C(F)(F)F
4.188098430633545|3.320084810256958|189.17649841308594|0.0|0.0|0.0|0.0|0.0|InChI=1S/C4H2F8/c5-1(6)3(9,10)4(11,12)2(7)8/h1-2H|FC(F)C(F)(F)C(F)(F)C(F)F
3.743472099304199|4.158801078796387|398.6834411621094|0.04189024208950476|2315.2774536763877|0.0|1.0|0.0|InChI=1S/C8H15N2.BrH/c1-8(2)6-10-5-4-9(3)7-10;/h4-5,7-8H,6H2,1-3H3;1H/q+1;/p-1|CC(C)Cn1cc[n+](C)c1.[Br-]
4.730888366699219|3.4695403575897217|184.72659301757812|0.12611895623418926|2407.1735165406944|0.0|3.0|1.0|InChI=1S/C5HF9O4/c6-2(7,1(15)16)17-3(8,9)4(10,11)18-5(12,13)14/h(H,15,16)|O=C(O)C(F)(F)OC(F)(F)C(F)(F)OC(F)(F)F
8.934680938720703|3.562246322631836|257.26513671875|0.04702806203070864|2007.6781026822057|0.0|7.0|5.0|InChI=1S/C7H6O5S.C6H15NO3/c8-7(9)5-3-1-2-4-6(5)13(10,11)12;8-4-1-7(2-5-9)3-6-10/h1-4H,(H,8,9)(H,10,11,12);8-10H,1-6H2|O=C(O)c1ccccc1S(=O)(=O)O.OCCN(CCO)CCO
5.2447357177734375|4.091157913208008|252.03062438964844|0.08653871470045166|1359.7575389648855|0.0|1.0|0.0|InChI=1S/C12H27N/c1-10(2)7-13(8-11(3)4)9-12(5)6/h10-12H,7-9H2,1-6H3|CC(C)CN(CC(C)C)CC(C)C
2.8863797187805176|3.4535775184631348|253.7208251953125|0.006170998544121305|1480.6514394575422|0.0|1.0|0.0|InChI=1S/C4H7N/c1-2-3-4-5/h2-3H2,1H3|CCCC#N
5.533283233642578|4.292521953582764|407.2308654785156|0.0005221575607485863|2604.8569730671493|0.0|5.0|0.0|InChI=1S/C8H15N2.C2F6NO4S2/c1-4-5-10-7-6-9(3)8(10)2;3-1(4,5)14(10,11)9-15(12,13)2(6,7)8/h6-7H,4-5H2,1-3H3;/q+1;-1|CCCn1cc[n+](C)c1C.O=S(=O)([N-]S(=O)(=O)C(F)(F)F)C(F)(F)F
9.276001930236816|3.8722877502441406|248.1397247314453|0.0|0.0|0.0|0.0|0.0|InChI=1S/C22H46/c1-3-5-7-9-11-13-15-17-19-21-22-20-18-16-14-12-10-8-6-4-2/h3-22H2,1-2H3|CCCCCCCCCCCCCCCCCCCCCC
4.732434272766113|3.5863828659057617|373.6611328125|0.0017684049437650185|633.6526749641632|0.0|4.0|1.0|InChI=1S/C6H7N3.C2H4O2/c7-2-1-4-9-5-3-8-6-9;1-2(3)4/h3,5-6H,1,4H2;1H3,(H,3,4)|CC(=O)O.N#CCCn1ccnc1
3.609043598175049|3.5606281757354736|253.59762573242188|0.0037564767274256483|3671.204754236525|0.0|1.0|0.0|InChI=1S/C6H12O/c1-3-4-5-6(2)7/h3-5H2,1-2H3|CCCCC(C)=O
4.650235176086426|3.470792770385742|219.60533142089844|0.13654662391028458|1766.9716277959174|0.0|3.0|0.0|InChI=1S/C5H12O3Si/c1-5-9(6-2,7-3)8-4/h5H,1H2,2-4H3|C=C[Si](OC)(OC)OC
2.896700382232666|4.457136154174805|339.4258117675781|0.0011682534421881593|3301.9896034582175|0.0|1.0|1.0|InChI=1S/C10H18O/c1-9(2)5-4-6-10(3)7-8-11/h5,7,11H,4,6,8H2,1-3H3/b10-7+|CC(C)=CCC/C(C)=C/CO
3.937167167663574|3.466365337371826|160.75328063964844|0.9|1758.25902473819|0.0|1.0|1.0|InChI=1S/C6H15N/c1-3-5-7-6-4-2/h7H,3-6H2,1-2H3|CCCNCCC
5.468876361846924|3.1988630294799805|253.5289306640625|0.0026495143438445778|2292.763144196454|0.0|1.0|0.0|InChI=1S/C9H10O/c1-8(10)7-9-5-3-2-4-6-9/h2-6H,7H2,1H3|CC(=O)Cc1ccccc1
1.3595167398452759|4.189598560333252|329.1278076171875|0.01877174365196692|2872.2462689734994|0.0|1.0|1.0|InChI=1S/C3H4O2/c1-2-3(4)5/h2H,1H2,(H,4,5)|C=CC(=O)O
4.22419548034668|3.71484637260437|221.37142944335938|0.0031750614727523523|2163.6936962676514|0.0|1.0|0.0|InChI=1S/C8H18O/c1-7(2)6-9-8(3,4)5/h7H,6H2,1-5H3|CC(C)COC(C)(C)C
4.943441390991211|4.167204856872559|226.61280822753906|0.0042223346792579775|3398.7363192575585|0.0|1.0|1.0|InChI=1S/C9HF17O2/c10-2(11,1(27)28)3(12,13)4(14,15)5(16,17)6(18,19)7(20,21)8(22,23)9(24,25)26/h(H,27,28)|O=C(O)C(F)(F)C(F)(F)C(F)(F)C(F)(F)C(F)(F)C(F)(F)C(F)(F)C(F)(F)F
2.5689597129821777|3.164393901824951|181.06846618652344|0.0|0.0|0.0|0.0|0.0|InChI=1S/C2H4F2/c1-2(3)4/h2H,1H3|CC(F)F
3.9099199771881104|3.68356990814209|315.5567321777344|0.00314190017767187|3319.067776267107|0.0|1.0|0.0|InChI=1S/C6H14OS/c1-3-5-8(7)6-4-2/h3-6H2,1-2H3|CCCS(=O)CCC
3.515056610107422|3.1635844707489014|275.62176513671875|0.00020670535348998455|3925.8790916572957|0.0|2.0|0.0|InChI=1S/C5H4O2/c6-4-5-2-1-3-7-5/h1-4H|O=Cc1ccco1
3.1832242012023926|3.752253293991089|304.3315734863281|0.0032815782432152386|2713.2424763126223|0.0|1.0|0.0|InChI=1S/C7H12O/c1-6-4-2-3-5-7(6)8/h6H,2-5H2,1H3|CC1CCCCC1=O
3.4542884826660156|3.9597296714782715|244.58251953125|0.0|0.0|0.0|0.0|0.0|InChI=1S/C8H18/c1-5-8(4)6-7(2)3/h7-8H,5-6H2,1-4H3|CCC(C)CC(C)C
1.6975897550582886|4.454319000244141|426.3695068359375|0.027937090720623885|2681.2619365030287|0.0|3.0|3.0|InChI=1S/C2H7NO.CH2O2/c3-1-2-4;2-1-3/h4H,1-3H2;1H,(H,2,3)|NCCO.O=CO
3.085826873779297|3.365377187728882|251.30628967285156|0.023993261258180694|2343.155141799241|0.0|2.0|0.0|InChI=1S/C4H6O2/c1-3-4(5)6-2/h3H,1H2,2H3|C=CC(=O)OC
5.478292465209961|4.197617053985596|456.49169921875|0.00012947465514622137|4145.039533286184|0.0|4.0|0.0|InChI=1S/C7H8O3S.C6H11N2/c1-6-2-4-7(5-3-6)11(8,9)10;1-3-8-5-4-7(2)6-8/h2-5H,1H3,(H,8,9,10);4-6H,3H2,1-2H3/q;+1/p-1|CCn1cc[n+](C)c1.Cc1ccc(S(=O)(=O)[O-])cc1
6.42179012298584|3.851012945175171|372.4897155761719|0.03838971833954348|2453.499676307949|0.0|3.0|0.0|InChI=1S/C10H19N2.C2H2N3/c1-3-4-5-6-7-12-9-8-11(2)10-12;1-3-2-5-4-1/h8-10H,3-7H2,1-2H3;1-2H/q+1;-1|CCCCCCn1cc[n+](C)c1.c1nc[n-]n1
5.655190467834473|3.94600510597229|293.83819580078125|0.00011969713446847511|2803.875169456043|0.0|2.0|0.0|InChI=1S/C15H24O2/c1-4-6-8-16-14-10-13(3)11-15(12-14)17-9-7-5-2/h10-12H,4-9H2,1-3H3|CCCCOc1cc(C)cc(OCCCC)c1
5.109679222106934|3.720348358154297|268.3019714355469|0.00010525223831735627|1802.095639635227|0.0|2.0|0.0|InChI=1S/C10H16O2Si/c1-4-13(11-2,12-3)10-8-6-5-7-9-10/h5-9H,4H2,1-3H3|CC[Si](OC)(OC)c1ccccc1
6.050084114074707|3.3084797859191895|248.0194091796875|0.0024249400904000793|2944.611447104391|0.0|4.0|0.0|InChI=1S/C8H14O4/c1-11-7(9)5-3-4-6-8(10)12-2/h3-6H2,1-2H3|COC(=O)CCCCC(=O)OC
2.8903486728668213|3.7808573246002197|324.87713623046875|0.0|0.0|0.0|0.0|0.0|InChI=1S/C6H4Cl2/c7-5-2-1-3-6(8)4-5/h1-4H|Clc1cccc(Cl)c1
5.828691005706787|3.2247707843780518|236.9310760498047|0.01719663497772662|380.72652620458206|0.0|2.0|2.0|InChI=1S/C4H11N.C3H6O2/c1-2-3-4-5;1-2-3(4)5/h2-5H2,1H3;2H2,1H3,(H,4,5)|CCC(=O)O.CCCCN
6.593801021575928|4.019763469696045|335.3921203613281|0.0023054668126026197|1843.6810706342098|0.0|5.0|0.0|InChI=1S/C9H17N2.C4H11O4P/c1-3-5-6-11-8-7-10(4-2)9-11;1-3-7-9(5,6)8-4-2/h7-9H,3-6H2,1-2H3;3-4H2,1-2H3,(H,5,6)/q+1;/p-1|CCCCn1cc[n+](CC)c1.CCOP(=O)([O-])OCC
1.8569767475128174|4.491479396820068|400.38946533203125|0.003230428830961372|2310.8242086383307|0.0|2.0|2.0|InChI=1S/C5H12O2/c1-2-3-5(7)4-6/h5-7H,2-4H2,1H3|CCCC(O)CO
5.60788631439209|4.192600727081299|410.7796325683594|0.0002023498986031418|3187.5942141642336|0.0|5.0|0.0|InChI=1S/C6H11N2.C6H14O4S/c1-3-8-5-4-7(2)6-8;1-2-3-4-5-6-10-11(7,8)9/h4-6H,3H2,1-2H3;2-6H2,1H3,(H,7,8,9)/q+1;/p-1|CCCCCCOS(=O)(=O)[O-].CCn1cc[n+](C)c1
4.243219375610352|3.815609931945801|254.98129272460938|0.0003316989412614163|237.744671583998|0.0|2.0|0.0|InChI=1S/C8H16O2/c1-5-7(9)10-8(3,4)6-2/h5-6H2,1-4H3|CCC(=O)OC(C)(C)CC
2.305413007736206|3.3408710956573486|222.23422241210938|0.0018320489316935717|1765.636400630332|0.0|1.0|1.0|InChI=1S/C3H7N/c1-3-2-4-3/h3-4H,2H2,1H3|CC1CN1
4.475008010864258|4.215355396270752|290.7658386230469|0.014324977715686037|1822.0419289921647|0.0|3.0|2.0|InChI=1S/C4H11NO.C4H8O2/c1-5(2)3-4-6;1-2-3-4(5)6/h6H,3-4H2,1-2H3;2-3H2,1H3,(H,5,6)|CCCC(=O)O.CN(C)CCO
8.335789680480957|4.157519340515137|367.6781921386719|0.0005995670440516678|3294.4825996634318|0.0|4.0|0.0|InChI=1S/C15H26N.C2F6NO4S2/c1-4-5-6-7-8-9-12-16-13-10-11-14(2)15(16)3;3-1(4,5)14(10,11)9-15(12,13)2(6,7)8/h10-11,13H,4-9,12H2,1-3H3;/q+1;-1|CCCCCCCC[n+]1cccc(C)c1C.O=S(=O)([N-]S(=O)(=O)C(F)(F)F)C(F)(F)F
8.466666221618652|4.0483622550964355|302.1923828125|0.00016829634940280523|881.990476576354|0.0|2.0|0.0|InChI=1S/C22H28N2O/c1-2-22(25)24(20-11-7-4-8-12-20)21-14-17-23(18-15-21)16-13-19-9-5-3-6-10-19/h3-12,21H,2,13-18H2,1H3|CCC(=O)N(c1ccccc1)C1CCN(CCc2ccccc2)CC1
6.260337829589844|4.211536884307861|413.22705078125|7.317941657151923e-05|4611.036612709954|0.0|4.0|0.0|InChI=1S/C8H15N2.C4HF8NO3S/c1-3-4-5-10-7-6-9(2)8-10;5-2(6,3(7,8)9)1(14)13-17(15,16)4(10,11)12/h6-8H,3-5H2,1-2H3;(H,13,14)/q+1;/p-1|CCCCn1cc[n+](C)c1.O=S(=O)(N=C([O-])C(F)(F)C(F)(F)F)C(F)(F)F
2.8601748943328857|3.4350719451904297|204.3890838623047|0.028695512009173568|2660.829938859134|0.0|1.0|0.0|InChI=1S/C3H3F3O/c1-2-7-3(4,5)6/h2H,1H2|C=COC(F)(F)F
3.6416382789611816|3.8356313705444336|351.25225830078125|0.013572270951153344|3314.6648644703796|0.0|4.0|0.0|InChI=1S/C7H10N2O4/c10-8(11)7(9(12)13,5-1-2-5)6-3-4-6/h5-6H,1-4H2|O=[N+]([O-])C(C1CC1)(C1CC1)[N+](=O)[O-]
5.095850944519043|3.0465054512023926|270.4399719238281|0.0007850127644705501|304.5805613594009|0.0|3.0|3.0|InChI=1S/C3H9NO.C2H4O2/c1-4-2-3-5;1-2(3)4/h4-5H,2-3H2,1H3;1H3,(H,3,4)|CC(=O)O.CNCCO
4.428977012634277|3.791429281234741|258.182373046875|0.0029975559742736703|2649.133284937096|0.0|1.0|1.0|InChI=1S/C9H20O/c1-3-4-5-6-7-8-9(2)10/h9-10H,3-8H2,1-2H3|CCCCCCCC(C)O
6.305741310119629|4.175492763519287|373.7203369140625|0.00011807004805249886|3619.476199965513|0.0|4.0|0.0|InChI=1S/C9H14N.C2F6NO4S2/c1-2-3-7-10-8-5-4-6-9-10;3-1(4,5)14(10,11)9-15(12,13)2(6,7)8/h4-6,8-9H,2-3,7H2,1H3;/q+1;-1|CCCC[n+]1ccccc1.O=S(=O)([N-]S(=O)(=O)C(F)(F)F)C(F)(F)F
10.914200782775879|4.010244369506836|249.02639770507812|8.548492480201337e-06|5000.0|0.0|8.0|0.0|InChI=1S/C25H44O8/c1-5-9-13-21(26)30-17-25(18-31-22(27)14-10-6-2,19-32-23(28)15-11-7-3)20-33-24(29)16-12-8-4/h5-20H2,1-4H3|CCCCC(=O)OCC(COC(=O)CCCC)(COC(=O)CCCC)COC(=O)CCCC
4.194181442260742|3.1840462684631348|192.61041259765625|0.19929369132517097|1594.8292960408244|0.0|1.0|0.0|InChI=1S/C4H4F4O/c1-2(9)4(7,8)3(5)6/h3H,1H3|CC(=O)C(F)(F)C(F)F
7.879454612731934|3.982419490814209|272.4157409667969|0.005177369755307156|1666.2201339359685|0.0|2.0|0.0|InChI=1S/C21H34O2/c1-3-4-5-6-7-8-9-10-11-12-13-14-15-16-17-18-19-20-21(22)23-2/h7-8,10-11,13-14,16-17H,3-6,9,12,15,18-20H2,1-2H3/b8-7-,11-10-,14-13-,17-16-|CCCCC/C=C\C/C=C\C/C=C\C/C=C\CCCC(=O)OC
2.7787506580352783|3.702406167984009|276.5263671875|0.011053557947976914|649.8306163439138|0.0|1.0|1.0|InChI=1S/C4H10S/c1-2-3-4-5/h5H,2-4H2,1H3|CCCCS
4.2216691970825195|3.437000036239624|238.53262329101562|0.010264228532519805|2856.421079582145|0.0|2.0|0.0|InChI=1S/C6H12O2/c1-2-3-4-5-8-6-7/h6H,2-5H2,1H3|CCCCCOC=O
6.880072593688965|3.9730045795440674|374.9897155761719|0.002827567076393087|3003.53873956672|0.0|4.0|0.0|InChI=1S/C12H23N2.C2H2F4O3S/c1-3-4-5-6-7-8-9-14-11-10-13(2)12-14;3-1(4)2(5,6)10(7,8)9/h10-12H,3-9H2,1-2H3;1H,(H,7,8,9)/q+1;/p-1|CCCCCCCCn1cc[n+](C)c1.O=S(=O)([O-])C(F)(F)C(F)F
3.698120355606079|3.9769370555877686|385.4903869628906|0.0010350566112761837|2375.965811034949|0.0|1.0|0.0|InChI=1S/C6H11N2.BF4/c1-3-8-5-4-7(2)6-8;2-1(3,4)5/h4-6H,3H2,1-2H3;/q+1;-1|CCn1cc[n+](C)c1.F[B-](F)(F)F
13.256182670593262|4.405378818511963|286.1640319824219|0.0006632754107722543|5000.0|0.0|2.0|1.0|InChI=1S/C32H68N.C3H6O3/c1-5-9-13-17-18-19-20-21-22-23-24-28-32-33(29-25-14-10-6-2,30-26-15-11-7-3)31-27-16-12-8-4;1-2(4)3(5)6/h5-32H2,1-4H3;2,4H,1H3,(H,5,6)/q+1;/p-1/t;2-/m.0/s1|CCCCCCCCCCCCCC[N+](CCCCCC)(CCCCCC)CCCCCC.C[C@H](O)C(=O)[O-]
2.4729292392730713|3.30877423286438|162.78219604492188|0.0|0.0|0.0|0.0|0.0|InChI=1S/C2H3F3/c1-2(3,4)5/h1H3|CC(F)(F)F
5.796832084655762|3.934277296066284|275.9734802246094|0.004283182285634704|2662.8085159956436|0.0|4.0|0.0|InChI=1S/C16H28O4/c1-11(2)9-19-15(17)13-7-5-6-8-14(13)16(18)20-10-12(3)4/h11-14H,5-10H2,1-4H3|CC(C)COC(=O)C1CCCCC1C(=O)OCC(C)C
7.606293678283691|3.8624372482299805|215.8281707763672|0.0004772966910396054|3778.499626472943|0.0|4.0|0.0|InChI=1S/C8H20N.C4BF8O4/c1-5-9(6-2,7-3)8-4;6-3(7,8)1(14)16-5(12,13)17-2(15)4(9,10)11/h5-8H2,1-4H3;/q+1;-1|CC[N+](CC)(CC)CC.O=C(O[B-](F)(F)OC(=O)C(F)(F)F)C(F)(F)F
4.328241348266602|4.370579719543457|483.78900146484375|0.0023384107726352257|2609.5659636483165|0.0|3.0|1.0|InChI=1S/C8H15N2.C3H6O3/c1-3-4-5-10-7-6-9(2)8-10;1-2(4)3(5)6/h6-8H,3-5H2,1-2H3;2,4H,1H3,(H,5,6)/q+1;/p-1|CC(O)C(=O)[O-].CCCCn1cc[n+](C)c1
4.676386833190918|4.28864049911499|276.9501953125|0.0049776280148751805|2716.6928917291975|0.0|3.0|0.0|InChI=1S/C14H30O3/c1-3-5-7-9-15-11-13-17-14-12-16-10-8-6-4-2/h3-14H2,1-2H3|CCCCCOCCOCCOCCCCC
3.487595319747925|3.273568868637085|233.4182891845703|0.00015211141558942024|193.99074019124842|0.0|2.0|0.0|InChI=1S/C4H8O2/c1-3-4(5)6-2/h3H2,1-2H3|CCC(=O)OC
4.572160720825195|3.5085041522979736|300.8514404296875|0.011249504512288138|2676.6983430470627|0.0|3.0|0.0|InChI=1S/C10H10O3/c1-7(11)9-3-5-10(6-4-9)13-8(2)12/h3-6H,1-2H3|CC(=O)Oc1ccc(C(C)=O)cc1
6.593077659606934|3.7201285362243652|249.86172485351562|0.003229794002612841|3028.7265265860196|0.0|2.0|0.0|InChI=1S/C13H26O2/c1-3-4-5-6-7-8-9-10-11-12-13(14)15-2/h3-12H2,1-2H3|CCCCCCCCCCCC(=O)OC
8.013964653015137|3.0484676361083984|197.03099060058594|9.474395996259697e-05|3119.396136584098|0.0|2.0|0.0|InChI=1S/C9H18O2/c1-3-5-6-7-8-9(10)11-4-2/h3-8H2,1-2H3|CCCCCCC(=O)OCC
4.0911335945129395|4.0329365730285645|323.3252868652344|0.0|0.0|0.0|0.0|0.0|InChI=1S/C14H10/c1-3-7-13-11(5-1)9-10-12-6-2-4-8-14(12)13/h1-10H/i1D,2D,3D,4D,5D,6D,7D,8D,9D,10D|[2H]c1c([2H])c([2H])c2c(c1[2H])c([2H])c([2H])c1c([2H])c([2H])c([2H])c([2H])c12
3.255125045776367|3.7284059524536133|324.0777893066406|0.0|0.0|0.0|0.0|0.0|InChI=1S/C7H6Cl2/c1-5-6(8)3-2-4-7(5)9/h2-4H,1H3|Cc1c(Cl)cccc1Cl
3.2755465507507324|4.483068466186523|259.3218688964844|0.0026852480112611824|3101.4259246564675|0.0|1.0|1.0|InChI=1S/C8H5F13O/c9-3(10,1-2-22)4(11,12)5(13,14)6(15,16)7(17,18)8(19,20)21/h22H,1-2H2|OCCC(F)(F)C(F)(F)C(F)(F)C(F)(F)C(F)(F)C(F)(F)F
3.2639119625091553|3.798814535140991|241.6062774658203|0.018682742376536835|1317.6254800246445|0.0|1.0|0.0|InChI=1S/C6H15N/c1-4-7(5-2)6-3/h4-6H2,1-3H3|CCN(CC)CC
3.3443031311035156|3.5332164764404297|368.35101318359375|0.0029111197329623638|2996.970199525753|0.0|3.0|0.0|InChI=1S/C5H8O3/c1-2-4-3-7-5(6)8-4/h4H,2-3H2,1H3|CCC1COC(=O)O1
9.044881820678711|3.996161699295044|384.4214172363281|0.00013827243987539432|2865.7902198070065|0.0|2.0|0.0|InChI=1S/C17H30N4.2BF4/c1-18-12-14-20(16-18)10-8-6-4-3-5-7-9-11-21-15-13-19(2)17-21;2*2-1(3,4)5/h12-17H,3-11H2,1-2H3;;/q+2;2*-1|C[n+]1ccn(CCCCCCCCCn2cc[n+](C)c2)c1.F[B-](F)(F)F.F[B-](F)(F)F
6.72990608215332|3.7392046451568604|364.72393798828125|0.34981561089506186|2449.5644416352707|0.0|4.0|0.0|InChI=1S/C7H11BrN5.C2N3/c1-12-2-3-13(6-12)5-7(4-8)10-11-9;3-1-5-2-4/h2-3,6-7H,4-5H2,1H3;/q+1;-1|C[n+]1ccn(CC(CBr)N=[N+]=[N-])c1.N#C[N-]C#N
2.2514193058013916|4.285858154296875|355.2840881347656|0.0114345059884376|1979.1664692805014|0.0|3.0|2.0|InChI=1S/C5H13NO2/c1-6(2-4-7)3-5-8/h7-8H,2-5H2,1H3|CN(CCO)CCO
7.59863805770874|3.9445652961730957|288.0361633300781|0.00375416774300943|3770.8469331456636|0.0|5.0|0.0|InChI=1S/C10H24O2P.C3H2N3O2/c1-5-13(6-2,7-3)10-12-9-8-11-4;7-6(8)3-1-4-5-2-3/h5-10H2,1-4H3;1-2H/q+1;-1|CC[P+](CC)(CC)COCCOC.O=[N+]([O-])c1cn[n-]c1
2.757619619369507|3.1971232891082764|233.9208221435547|0.04140622789540019|2114.3410753379553|0.0|1.0|1.0|InChI=1S/C3H6O/c1-2-3-4/h2,4H,1,3H2|C=CCO
3.652254343032837|3.1423685550689697|229.9675750732422|0.0024628691864870683|1700.79268234089|0.0|2.0|0.0|InChI=1S/C4H8O2/c1-4-5-2-3-6-4/h4H,2-3H2,1H3|CC1OCCO1
2.9440042972564697|3.696268320083618|315.7029724121094|0.0|0.0|0.0|0.0|0.0|InChI=1S/C6H4BrF/c7-5-2-1-3-6(8)4-5/h1-4H|Fc1cccc(Br)c1
6.469578266143799|4.192225456237793|340.7996826171875|0.17024753405164783|2314.3383464716967|0.0|1.0|0.0|InChI=1S/C11H18N.4O.Re/c1-2-3-4-6-9-12-10-7-5-8-11-12;;;;;/h5,7-8,10-11H,2-4,6,9H2,1H3;;;;;/q+1;;;;-1;|CCCCCC[n+]1ccccc1.[O-].[O].[O].[O].[Re]
15.218222618103027|4.5|276.92132568359375|0.0009080357378294971|4778.519846460912|0.0|1.0|0.0|InChI=1S/C32H68P.C8H16O2/c1-5-9-13-17-18-19-20-21-22-23-24-28-32-33(29-25-14-10-6-2,30-26-15-11-7-3)31-27-16-12-8-4;1-2-3-4-5-6-7-8(9)10/h5-32H2,1-4H3;2-7H2,1H3,(H,9,10)/q+1;/p-1|CCCCCCCC(=O)[O-].CCCCCCCCCCCCCC[P+](CCCCCC)(CCCCCC)CCCCCC
3.860201358795166|3.5497543811798096|289.866943359375|0.5159613717252854|686.3143128222538|0.0|1.0|0.0|InChI=1S/C8H10O/c1-7-5-3-4-6-8(7)9-2/h3-6H,1-2H3|COc1ccccc1C
4.769077777862549|3.926558494567871|404.29278564453125|0.044500207957251646|2467.6913037096433|0.0|3.0|0.0|InChI=1S/C6H11N2.C4N3/c1-3-8-5-4-7(2)6-8;5-1-4(2-6)3-7/h4-6H,3H2,1-2H3;/q+1;-1|CCn1cc[n+](C)c1.N#CC(=C=[N-])C#N
5.926095962524414|3.8551602363586426|332.06463623046875|0.013505044671996603|2536.593412225295|0.0|1.0|0.0|InChI=1S/C12H23N2.HI/c1-3-4-5-6-7-8-9-14-11-10-13(2)12-14;/h10-12H,3-9H2,1-2H3;1H/q+1;/p-1|CCCCCCCCn1cc[n+](C)c1.[I-]
10.360422134399414|4.040642738342285|219.51222229003906|0.023714433548314092|2651.842610887077|0.0|6.0|0.0|InChI=1S/3C8H10F3O2.Sc/c3*1-7(2,3)5(12)4-6(13)8(9,10)11;/h3*4H,1-3H3;/q3*-1;+3|CC(C)(C)C(=O)[CH-]C(=O)C(F)(F)F.CC(C)(C)C(=O)[CH-]C(=O)C(F)(F)F.CC(C)(C)C(=O)[CH-]C(=O)C(F)(F)F.[Sc+3]
5.488632678985596|4.355269908905029|366.0506591796875|0.0020596612814163776|3851.5087931242288|0.0|5.0|0.0|InChI=1S/C10H24PS.F2NO4S2/c1-5-11(6-2,7-3)9-10-12-8-4;1-8(4,5)3-9(2,6)7/h5-10H2,1-4H3;/q+1;-1|CCSCC[P+](CC)(CC)CC.O=S(=O)(F)[N-]S(=O)(=O)F
2.3296830654144287|4.4921674728393555|287.1532897949219|0.021204320518448627|2378.1385557768504|0.0|1.0|1.0|InChI=1S/C7H17N/c1-2-3-4-5-6-7-8/h2-8H2,1H3|CCCCCCCN
6.229189872741699|3.9504292011260986|276.61517333984375|0.0006897057020126418|2513.823808034752|0.0|4.0|0.0|InChI=1S/C10H22N.C2H6O4S/c1-3-5-8-11(4-2)9-6-7-10-11;1-2-6-7(3,4)5/h3-10H2,1-2H3;2H2,1H3,(H,3,4,5)/q+1;/p-1|CCCC[N+]1(CC)CCCC1.CCOS(=O)(=O)[O-]
5.9624714851379395|4.25127649307251|336.825439453125|0.004076130584997286|3681.5947833237274|0.0|4.0|0.0|InChI=1S/C11H26P.F2NO4S2/c1-5-9-10-11-12(6-2,7-3)8-4;1-8(4,5)3-9(2,6)7/h5-11H2,1-4H3;/q+1;-1|CCCCC[P+](CC)(CC)CC.O=S(=O)(F)[N-]S(=O)(=O)F
4.346502304077148|3.052766799926758|233.04371643066406|0.00010480958490467349|197.99250062322145|0.0|2.0|1.0|InChI=1S/C4H10O2/c1-4(5)3-6-2/h4-5H,3H2,1-2H3|COCC(C)O
5.426982879638672|4.5|385.8901062011719|0.0011062657881427923|2034.9285535462845|0.0|4.0|0.0|InChI=1S/C10H22N.C2F6NO4S2/c1-10(2)9-11(3)7-5-4-6-8-11;3-1(4,5)14(10,11)9-15(12,13)2(6,7)8/h10H,4-9H2,1-3H3;/q+1;-1|CC(C)C[N+]1(C)CCCCC1.O=S(=O)([N-]S(=O)(=O)C(F)(F)F)C(F)(F)F
9.763049125671387|4.009937286376953|239.65553283691406|0.00421629141566533|1329.6697005302003|0.0|4.0|0.0|InChI=1S/C24H51O4P/c1-7-13-16-22(10-4)19-26-29(25,27-20-23(11-5)17-14-8-2)28-21-24(12-6)18-15-9-3/h22-24H,7-21H2,1-6H3|CCCCC(CC)COP(=O)(OCC(CC)CCCC)OCC(CC)CCCC
3.925494909286499|4.12509822845459|279.4935607910156|0.004642800205210842|2052.9107168335195|0.0|1.0|1.0|InChI=1S/C10H20O/c1-5-9(2)7-6-8-10(3,4)11/h5,9,11H,1,6-8H2,2-4H3|C=CC(C)CCCC(C)(C)O
4.605074405670166|4.177836894989014|344.5984191894531|0.007717526211451016|1470.9794046997858|0.0|3.0|1.0|InChI=1S/C6H15N.CHF3O3S/c1-4-7(5-2)6-3;2-1(3,4)8(5,6)7/h4-6H2,1-3H3;(H,5,6,7)|CCN(CC)CC.O=S(=O)(O)C(F)(F)F
6.387346267700195|3.728461980819702|181.4653778076172|0.0|0.0|0.0|0.0|0.0|InChI=1S/C9F20/c10-1(11,2(12,13)4(16,17)6(20,21)8(24,25)26)3(14,15)5(18,19)7(22,23)9(27,28)29|FC(F)(F)C(F)(F)C(F)(F)C(F)(F)C(F)(F)C(F)(F)C(F)(F)C(F)(F)C(F)(F)F
1.9385859966278076|3.7620689868927|338.1173400878906|0.0|0.0|0.0|0.0|0.0|InChI=1S/2CH3.Cd/h2*1H3;|[CH3].[CH3].[Cd]
6.224828243255615|4.422093868255615|483.264404296875|0.0022728010552100775|2108.1078808338148|0.0|5.0|0.0|InChI=1S/C10H19N2.C2F6NO4S2/c1-3-4-5-6-7-12-9-8-11(2)10-12;3-1(4,5)14(10,11)9-15(12,13)2(6,7)8/h8-10H,3-7H2,1-2H3;/q+1;-1|CCCCCCn1cc[n+](C)c1.O=S(=O)([N-]S(=O)(=O)C(F)(F)F)C(F)(F)F
6.130367279052734|3.974315881729126|501.2825012207031|0.001064882741073109|3047.270711017317|0.0|6.0|2.0|InChI=1S/C8H14N2O3S.H2O4S/c1-9-5-6-10(8-9)4-2-3-7-14(11,12)13;1-5(2,3)4/h5-6,8H,2-4,7H2,1H3;(H2,1,2,3,4)|C[n+]1ccn(CCCCS(=O)(=O)[O-])c1.O=S(=O)(O)O
1.8953529596328735|4.109753608703613|209.8338165283203|0.010209542041135576|2809.209185162561|0.0|2.0|1.0|InChI=1S/C4H11NO/c1-6-4-2-3-5/h2-5H2,1H3|COCCCN
4.828735828399658|3.2094762325286865|240.6300506591797|0.003505201753861871|2769.545865258926|0.0|3.0|0.0|InChI=1S/C4H7N3O2/c1-2-9-4(8)3-6-7-5/h2-3H2,1H3|CCOC(=O)CN=[N+]=[N-]
4.383549690246582|3.3832643032073975|261.472412109375|0.0005901575402817653|3511.1740356554933|0.0|3.0|0.0|InChI=1S/C6H10O3/c1-3-9-6(8)4-5(2)7/h3-4H2,1-2H3|CCOC(=O)CC(C)=O
4.25917911529541|4.153367042541504|293.7862854003906|0.0|0.0|0.0|0.0|0.0|InChI=1S/C9H20N.BrH/c1-3-4-7-10(2)8-5-6-9-10;/h3-9H2,1-2H3;1H/q+1;/p-1|CCCC[N+]1(C)CCCC1.[Br-]
6.4048333168029785|3.826078414916992|302.5646667480469|0.0001588419339490317|2181.289995714466|0.0|3.0|0.0|InChI=1S/C10H16N.CHF3O3S/c1-3-4-7-11-8-5-6-10(2)9-11;2-1(3,4)8(5,6)7/h5-6,8-9H,3-4,7H2,1-2H3;(H,5,6,7)/q+1;/p-1|CCCC[n+]1cccc(C)c1.O=S(=O)([O-])C(F)(F)F
4.00157356262207|4.5|318.0733337402344|0.005876745800782724|1199.1128153871323|0.0|2.0|2.0|InChI=1S/C13H28N2/c1-6-7-8-14-11-9-12(2,3)15-13(4,5)10-11/h11,14-15H,6-10H2,1-5H3|CCCCNC1CC(C)(C)NC(C)(C)C1
6.542621612548828|4.214858531951904|358.1163635253906|0.00042949506074983166|2572.2073617807423|0.0|4.0|0.0|InChI=1S/C9H22N.C2F6NO4S2/c1-5-6-7-8-9-10(2,3)4;3-1(4,5)14(10,11)9-15(12,13)2(6,7)8/h5-9H2,1-4H3;/q+1;-1|CCCCCC[N+](C)(C)C.O=S(=O)([N-]S(=O)(=O)C(F)(F)F)C(F)(F)F
2.2707111835479736|3.9048094749450684|303.5372314453125|0.0|0.0|0.0|0.0|0.0|InChI=1S/C6H10/c1-2-4-6-5-3-1/h1-2H,3-6H2|C1=CCCCC1
2.838111400604248|2.9649713039398193|186.18629455566406|0.055330838024917145|2459.4238363704067|0.0|1.0|1.0|InChI=1S/C2H6O/c1-2-3/h3H,2H2,1H3|CCO
4.507500648498535|3.9523138999938965|310.5789794921875|0.005625704373534764|1780.9924909772287|0.0|5.0|3.0|InChI=1S/C6H15N.H3O4P/c1-4-7(5-2)6-3;1-5(2,3)4/h4-6H2,1-3H3;(H3,1,2,3,4)|CCN(CC)CC.O=P(O)(O)O
6.4689178466796875|4.182270050048828|355.3621520996094|3.64773000876795e-05|4510.704976474752|0.0|4.0|0.0|InChI=1S/C10H16N.C2F6NO4S2/c1-3-4-8-11-9-6-5-7-10(11)2;3-1(4,5)14(10,11)9-15(12,13)2(6,7)8/h5-7,9H,3-4,8H2,1-2H3;/q+1;-1|CCCC[n+]1ccccc1C.O=S(=O)([N-]S(=O)(=O)C(F)(F)F)C(F)(F)F
7.8560638427734375|3.531324863433838|264.1835632324219|0.12481373957330923|2197.537778389843|0.0|6.0|4.0|InChI=1S/C6H15NO3.CHF3O3S/c8-4-1-7(2-5-9)3-6-10;2-1(3,4)8(5,6)7/h8-10H,1-6H2;(H,5,6,7)|O=S(=O)(O)C(F)(F)F.OCCN(CCO)CCO
4.827374458312988|3.3288934230804443|212.6986541748047|0.0|0.0|0.0|0.0|0.0|InChI=1S/C8H18/c1-3-5-7-8-6-4-2/h3-8H2,1-2H3/i1D3,2D3,3D2,4D2,5D2,6D2,7D2,8D2|[2H]C([2H])([2H])C([2H])([2H])C([2H])([2H])C([2H])([2H])C([2H])([2H])C([2H])([2H])C([2H])([2H])C([2H])([2H])[2H]
5.665097236633301|3.530050277709961|240.4141387939453|0.0025942080503583357|1506.3042869395877|0.0|3.0|0.0|InChI=1S/C9H18O3/c1-3-5-7-11-9(10)12-8-6-4-2/h3-8H2,1-2H3|CCCCOC(=O)OCCCC
2.951022148132324|3.8065803050994873|340.9071960449219|0.0|0.0|0.0|0.0|0.0|InChI=1S/C6H4BrCl/c7-5-2-1-3-6(8)4-5/h1-4H|Clc1cccc(Br)c1
4.426702499389648|4.145709991455078|394.1685791015625|0.012449756059273074|1319.9748388947876|0.0|4.0|0.0|InChI=1S/C8H15N2O.CHNS/c1-3-9-4-5-10(8-9)6-7-11-2;2-1-3/h4-5,8H,3,6-7H2,1-2H3;3H/q+1;/p-1|CC[n+]1ccn(CCOC)c1.N#C[S-]
3.959831714630127|4.185936450958252|421.7366027832031|0.0013208860239106901|2701.604617633205|0.0|2.0|0.0|InChI=1S/C8H12N3.BF4/c1-10-6-7-11(8-10)5-3-2-4-9;2-1(3,4)5/h6-8H,2-3,5H2,1H3;/q+1;-1|C[n+]1ccn(CCCC#N)c1.F[B-](F)(F)F
7.829103946685791|2.6839866638183594|196.08094787597656|0.002310226778051555|815.4403768574156|0.0|4.0|4.0|InChI=1S/C4H11NO2.C2H4O2/c6-3-1-5-2-4-7;1-2(3)4/h5-7H,1-4H2;1H3,(H,3,4)|CC(=O)O.OCCNCCO
3.8920116424560547|3.5548813343048096|285.05023193359375|0.004141695838946889|1696.1622449210909|0.0|1.0|1.0|InChI=1S/C8H11N/c1-9-7-8-5-3-2-4-6-8/h2-6,9H,7H2,1H3|CNCc1ccccc1
2.0189523696899414|4.381490230560303|365.9855651855469|0.003174015819604979|2037.3675986791163|0.0|1.0|2.0|InChI=1S/C2H7NO.BF4/c3-1-2-4;2-1(3,4)5/h4H,1-3H2;/q;-1/p+1|F[B-](F)(F)F.[NH3+]CCO
3.6602184772491455|3.6259045600891113|221.6949005126953|0.021253717191381666|1891.012056548787|0.0|2.0|0.0|InChI=1S/C4H12O2Si/c1-5-7(3,4)6-2/h1-4H3|CO[Si](C)(C)OC
4.575904369354248|3.7045791149139404|325.8555603027344|0.10710849062546383|2201.7255665640373|0.0|2.0|0.0|InChI=1S/C10H12N2O/c1-12-9(4-5-10(12)13)8-3-2-6-11-7-8/h2-3,6-7,9H,4-5H2,1H3/t9-/m0/s1|CN1C(=O)CC[C@H]1c1cccnc1
4.328984260559082|3.7102293968200684|360.3974609375|0.009472882554836989|3137.4480799141106|0.0|1.0|1.0|InChI=1S/C8H8BrNO/c1-6(11)10-8-4-2-7(9)3-5-8/h2-5H,1H3,(H,10,11)|CC(O)=Nc1ccc(Br)cc1
3.071953773498535|3.595188856124878|376.4192199707031|0.0031148750355290797|2032.4411023704088|0.0|2.0|0.0|InChI=1S/C4H8O2S/c5-7(6)3-1-2-4-7/h1-4H2|O=S1(=O)CCCC1
7.290785789489746|4.191120147705078|399.6695556640625|0.00010277473325257818|2011.8188230255762|0.0|4.0|0.0|InChI=1S/C15H20N.C2F6NO4S2/c1-2-3-4-7-12-16-13-8-10-14-9-5-6-11-15(14)16;3-1(4,5)14(10,11)9-15(12,13)2(6,7)8/h5-6,8-11,13H,2-4,7,12H2,1H3;/q+1;-1|CCCCCC[n+]1cccc2ccccc21.O=S(=O)([N-]S(=O)(=O)C(F)(F)F)C(F)(F)F
3.697815418243408|3.5925464630126953|306.82452392578125|0.5739549606560091|1759.313390903019|0.0|2.0|1.0|InChI=1S/C5H9NO.CH2O2/c1-6-4-2-3-5(6)7;2-1-3/h2-4H2,1H3;1H,(H,2,3)|CN1CCCC1=O.O=CO
4.459391117095947|4.342042446136475|521.7677612304688|0.009501189014123546|2026.4827281422079|0.0|5.0|0.0|InChI=1S/C7H13N2.F2NO4S2/c1-7(2)9-5-4-8(3)6-9;1-8(4,5)3-9(2,6)7/h4-7H,1-3H3;/q+1;-1|CC(C)n1cc[n+](C)c1.O=S(=O)(F)[N-]S(=O)(=O)F
5.000385761260986|4.212708473205566|338.9951477050781|0.002115153741768171|2055.0170420149634|0.0|4.0|0.0|InChI=1S/C8H20N.F2NO4S2/c1-5-8-9(4,6-2)7-3;1-8(4,5)3-9(2,6)7/h5-8H2,1-4H3;/q+1;-1|CCC[N+](C)(CC)CC.O=S(=O)(F)[N-]S(=O)(=O)F
8.390713691711426|4.183125019073486|376.257080078125|0.0059138347186376864|2556.460145831109|0.0|4.0|0.0|InChI=1S/C15H26N.C2F6NO4S2/c1-4-5-6-7-8-9-10-16-12-14(2)11-15(3)13-16;3-1(4,5)14(10,11)9-15(12,13)2(6,7)8/h11-13H,4-10H2,1-3H3;/q+1;-1|CCCCCCCC[n+]1cc(C)cc(C)c1.O=S(=O)([N-]S(=O)(=O)C(F)(F)F)C(F)(F)F
9.361729621887207|3.816574811935425|257.6337585449219|0.0034578674841865904|3543.5064805094744|0.0|1.0|1.0|InChI=1S/C21H42O2/c1-2-3-4-5-6-7-8-9-10-11-12-13-14-15-16-17-18-19-20-21(22)23/h2-20H2,1H3,(H,22,23)|CCCCCCCCCCCCCCCCCCCCC(=O)O
6.411470890045166|3.9698963165283203|396.18707275390625|0.03772780917295088|1778.9033356588677|0.0|4.0|0.0|InChI=1S/C8H15N2.C6F3N4/c1-3-4-5-10-7-6-9(2)8-10;7-6(8,9)5-12-3(1-10)4(2-11)13-5/h6-8H,3-5H2,1-2H3;/q+1;-1|CCCCn1cc[n+](C)c1.N#Cc1nc(C(F)(F)F)[n-]c1C#N
6.1369757652282715|4.042998790740967|455.6561584472656|0.0002427488092813464|3107.3413455605555|0.0|6.0|2.0|InChI=1S/C10H18N2O3S.H2O4S/c1-2-3-5-11-7-8-12(10-11)6-4-9-16(13,14)15;1-5(2,3)4/h7-8,10H,2-6,9H2,1H3;(H2,1,2,3,4)|CCCC[n+]1ccn(CCCS(=O)(=O)[O-])c1.O=S(=O)(O)O
5.018895149230957|3.9397523403167725|282.27777099609375|0.0|0.0|0.0|0.0|0.0|InChI=1S/C14H22/c1-2-3-4-5-6-8-11-14-12-9-7-10-13-14/h7,9-10,12-13H,2-6,8,11H2,1H3|CCCCCCCCc1ccccc1
7.606537342071533|4.344635486602783|268.5511474609375|0.00970890961039199|1203.4931443627775|0.0|4.0|0.0|InChI=1S/C14H32P.C4H11O4P/c1-5-9-12-15(8-4,13-10-6-2)14-11-7-3;1-3-7-9(5,6)8-4-2/h5-14H2,1-4H3;3-4H2,1-2H3,(H,5,6)/q+1;/p-1|CCCC[P+](CC)(CCCC)CCCC.CCOP(=O)([O-])OCC
6.154592037200928|3.9886574745178223|384.50787353515625|0.001022409131380992|2344.743026999112|0.0|5.0|0.0|InChI=1S/C7H7N2.C2F6NO4S2/c8-4-7-9-5-2-1-3-6-9;3-1(4,5)14(10,11)9-15(12,13)2(6,7)8/h1-3,5-6H,7H2;/q+1;-1|N#CC[n+]1ccccc1.O=S(=O)([N-]S(=O)(=O)C(F)(F)F)C(F)(F)F
3.1153907775878906|4.487271308898926|321.31793212890625|0.002283497899512123|4172.193359992473|0.0|1.0|1.0|InChI=1S/C10H20O2/c1-2-3-4-5-6-7-8-9-10(11)12/h2-9H2,1H3,(H,11,12)|CCCCCCCCCC(=O)O
3.5524487495422363|3.4914586544036865|337.10400390625|0.010097936725305888|2000.6859956695762|0.0|2.0|2.0|InChI=1S/C6H6N2O/c7-6(9)5-3-1-2-4-8-5/h1-4H,(H2,7,9)|N=C(O)c1ccccn1
5.347121238708496|3.6501550674438477|255.54074096679688|0.002669607363253134|1870.099235304576|0.0|2.0|0.0|InChI=1S/C9H16N2/c1-3-4-5-7-11-8-6-10-9(11)2/h6,8H,3-5,7H2,1-2H3|CCCCCn1ccnc1C
6.271141529083252|3.7183444499969482|199.11203002929688|0.0024329954693488266|2775.398064861148|0.0|1.0|1.0|InChI=1S/C9H3F17O/c10-2(11,1-27)3(12,13)4(14,15)5(16,17)6(18,19)7(20,21)8(22,23)9(24,25)26/h27H,1H2|OCC(F)(F)C(F)(F)C(F)(F)C(F)(F)C(F)(F)C(F)(F)C(F)(F)C(F)(F)F
6.254628658294678|4.15278434753418|358.326171875|3.8281355609571014e-05|5000.0|0.0|5.0|0.0|InChI=1S/C8H15N2.C2F6NO4S2/c1-3-4-7-10-8-5-6-9(10)2;3-1(4,5)14(10,11)9-15(12,13)2(6,7)8/h5-6,8H,3-4,7H2,1-2H3;/q+1;-1|CCCC[n+]1cccn1C.O=S(=O)([N-]S(=O)(=O)C(F)(F)F)C(F)(F)F
13.760533332824707|4.318065166473389|276.2578125|0.004926199948739259|2243.212265107743|0.0|2.0|0.0|InChI=1S/C32H68P.C4N3/c1-5-9-13-17-18-19-20-21-22-23-24-28-32-33(29-25-14-10-6-2,30-26-15-11-7-3)31-27-16-12-8-4;5-1-4(2-6)3-7/h5-32H2,1-4H3;/q+1;-1|CCCCCCCCCCCCCC[P+](CCCCCC)(CCCCCC)CCCCCC.N#CC(=C=[N-])C#N
6.736851692199707|3.531146764755249|242.3015594482422|0.13597918774059584|830.5465441969336|0.0|4.0|0.0|InChI=1S/C9H21O4P/c1-4-7-11-14(10,12-8-5-2)13-9-6-3/h4-9H2,1-3H3|CCCOP(=O)(OCCC)OCCC
5.241476535797119|4.119068145751953|330.0697021484375|0.0002187056297557998|1012.0540890323251|0.0|3.0|1.0|InChI=1S/C7H17N.CHF3O3S/c1-4-6-8(3)7-5-2;2-1(3,4)8(5,6)7/h4-7H2,1-3H3;(H,5,6,7)|CCCN(C)CCC.O=S(=O)(O)C(F)(F)F
4.878344535827637|3.717008590698242|237.53778076171875|0.00040112971578801384|2597.4842748232127|0.0|2.0|0.0|InChI=1S/C9H18O2/c1-5-6-7-11-8(10)9(2,3)4/h5-7H2,1-4H3|CCCCOC(=O)C(C)(C)C
3.5280606746673584|3.749342679977417|278.9280090332031|0.0|0.0|0.0|0.0|0.0|InChI=1S/C9H12/c1-7-4-8(2)6-9(3)5-7/h4-6H,1-3H3|Cc1cc(C)cc(C)c1
3.3650128841400146|3.472562551498413|238.7115936279297|0.0|0.0|0.0|0.0|0.0|InChI=1S/C6H10/c1-3-5-6-4-2/h3,5H2,1-2H3|CC#CCCC
2.963148355484009|3.7374227046966553|289.42962646484375|0.0|0.0|0.0|0.0|0.0|InChI=1S/C4H9I/c1-2-3-4-5/h2-4H2,1H3|CCCCI
4.714277744293213|3.8095946311950684|235.11978149414062|0.29646865534910366|1373.2042168843757|0.0|2.0|1.0|InChI=1S/C6H15N.C2HF3O2/c1-4-7(5-2)6-3;3-2(4,5)1(6)7/h4-6H2,1-3H3;(H,6,7)|CCN(CC)CC.O=C(O)C(F)(F)F
4.312206268310547|4.146291732788086|453.3941650390625|0.011846366173120612|1658.533233607552|0.0|4.0|0.0|InChI=1S/C6H11N2.CH5O3P/c1-3-8-5-4-7(2)6-8;1-4-5(2)3/h4-6H,3H2,1-2H3;5H,1H3,(H,2,3)/q+1;/p-1|CCn1cc[n+](C)c1.CO[PH](=O)[O-]
12.833276748657227|4.155811786651611|195.40811157226562|8.088578412759639e-06|5000.0|0.0|7.0|0.0|InChI=1S/C18H54O7Si8/c1-26(2,3)19-28(7,8)21-30(11,12)23-32(15,16)25-33(17,18)24-31(13,14)22-29(9,10)20-27(4,5)6/h1-18H3|C[Si](C)(C)O[Si](C)(C)O[Si](C)(C)O[Si](C)(C)O[Si](C)(C)O[Si](C)(C)O[Si](C)(C)O[Si](C)(C)C
8.08454418182373|2.6097896099090576|134.86758422851562|0.6331550798434697|1368.5442382515523|0.0|4.0|4.0|InChI=1S/C4H11NO2.CH2O2/c6-3-1-5-2-4-7;2-1-3/h5-7H,1-4H2;1H,(H,2,3)|O=CO.OCCNCCO
5.378087997436523|3.980931282043457|289.0851135253906|0.0|0.0|0.0|0.0|0.0|InChI=1S/C11H18N.ClH/c1-2-3-4-6-9-12-10-7-5-8-11-12;/h5,7-8,10-11H,2-4,6,9H2,1H3;1H/q+1;/p-1|CCCCCC[n+]1ccccc1.[Cl-]
2.308232069015503|3.1231014728546143|261.1376647949219|0.111461158159819|1031.7825772627402|0.0|1.0|1.0|InChI=1S/C2H5N/c1-2-3-1/h3H,1-2H2|C1CN1
25.0|4.5|372.1954650878906|3.392173059191316e-05|5000.0|0.0|14.0|0.0|InChI=1S/C54H114P2.2C20H38O7S/c1-7-13-19-25-31-39-47-55(48-40-32-26-20-14-8-2,49-41-33-27-21-15-9-3)53-45-37-38-46-54-56(50-42-34-28-22-16-10-4,51-43-35-29-23-17-11-5)52-44-36-30-24-18-12-6;2*1-5-9-11-16(7-3)14-26-19(21)13-18(28(23,24)25)20(22)27-15-17(8-4)12-10-6-2/h7-54H2,1-6H3;2*16-18H,5-15H2,1-4H3,(H,23,24,25)/q+2;;/p-2|CCCCC(CC)COC(=O)CC(C(=O)OCC(CC)CCCC)S(=O)(=O)[O-].CCCCC(CC)COC(=O)CC(C(=O)OCC(CC)CCCC)S(=O)(=O)[O-].CCCCCCCC[P+](CCCCCCCC)(CCCCCCCC)CCCCCC[P+](CCCCCCCC)(CCCCCCCC)CCCCCCCC
5.469954967498779|3.5413095951080322|278.3585205078125|0.02142277049413673|1777.5425029475684|0.0|3.0|1.0|InChI=1S/C8H12NO.C2N3/c10-8-4-7-9-5-2-1-3-6-9;3-1-5-2-4/h1-3,5-6,10H,4,7-8H2;/q+1;-1|N#C[N-]C#N.OCCC[n+]1ccccc1
2.7186427116394043|3.8374226093292236|300.6191711425781|0.10046093883354441|1955.2049729523542|0.0|1.0|1.0|InChI=1S/C7H9N/c1-8-7-5-3-2-4-6-7/h2-6,8H,1H3|CNc1ccccc1
8.192744255065918|3.237701177597046|227.5572509765625|0.05540219041198466|1487.9492196438675|0.0|4.0|0.0|InChI=1S/C11H20N2.2C2N3/c1-13(2,3)11-7-10-12-8-5-4-6-9-12;2*3-1-5-2-4/h4-6,8-9H,7,10-11H2,1-3H3;;/q+2;2*-1|C[N+](C)(C)CCC[n+]1ccccc1.N#C[N-]C#N.N#C[N-]C#N
6.244142055511475|4.017700672149658|281.5135498046875|0.0|0.0|0.0|0.0|0.0|InChI=1S/C14H24N.ClH/c1-3-4-5-6-7-8-11-15-12-9-14(2)10-13-15;/h9-10,12-13H,3-8,11H2,1-2H3;1H/q+1;/p-1|CCCCCCCC[n+]1ccc(C)cc1.[Cl-]
1.959498643875122|3.960989236831665|362.3488464355469|0.0011065184607656417|2310.9878630740977|0.0|1.0|1.0|InChI=1S/C3H7ClO/c1-3(5)2-4/h3,5H,2H2,1H3|CC(O)CCl
6.346522331237793|3.8983871936798096|308.72479248046875|0.00036353055085511655|2041.7432800243175|0.0|3.0|0.0|InChI=1S/C11H18N.CHF3O3S/c1-4-5-8-12-9-6-7-10(2)11(12)3;2-1(3,4)8(5,6)7/h6-7,9H,4-5,8H2,1-3H3;(H,5,6,7)/q+1;/p-1|CCCC[n+]1cccc(C)c1C.O=S(=O)([O-])C(F)(F)F
5.854984283447266|3.354982376098633|231.67324829101562|0.0006077547490292602|2310.632658866256|0.0|4.0|0.0|InChI=1S/C8H14O4/c1-4-11-7(9)6(3)8(10)12-5-2/h6H,4-5H2,1-3H3|CCOC(=O)C(C)C(=O)OCC
8.578316688537598|4.223104476928711|368.4179382324219|0.0005301795005431835|4237.016692064286|0.0|4.0|0.0|InChI=1S/C17H30N.C2F6NO4S2/c1-2-3-4-5-6-7-8-9-10-12-15-18-16-13-11-14-17-18;3-1(4,5)14(10,11)9-15(12,13)2(6,7)8/h11,13-14,16-17H,2-10,12,15H2,1H3;/q+1;-1|CCCCCCCCCCCC[n+]1ccccc1.O=S(=O)([N-]S(=O)(=O)C(F)(F)F)C(F)(F)F
9.747570037841797|3.8690292835235596|246.4996337890625|0.0|0.0|0.0|0.0|0.0|InChI=1S/C23H48/c1-3-5-7-9-11-13-15-17-19-21-23-22-20-18-16-14-12-10-8-6-4-2/h3-23H2,1-2H3|CCCCCCCCCCCCCCCCCCCCCCC
6.421508312225342|4.474844932556152|467.029541015625|0.0010538724410683541|2028.9394961343392|0.0|5.0|0.0|InChI=1S/C11H21N2.C2F6NO4S2/c1-3-5-6-7-8-13-10-9-12(4-2)11-13;3-1(4,5)14(10,11)9-15(12,13)2(6,7)8/h9-11H,3-8H2,1-2H3;/q+1;-1|CCCCCCn1cc[n+](CC)c1.O=S(=O)([N-]S(=O)(=O)C(F)(F)F)C(F)(F)F
11.686173439025879|3.8175525665283203|244.84263610839844|0.0029321373169535663|3638.9594868154577|0.0|2.0|0.0|InChI=1S/C26H52O2/c1-4-7-9-10-11-12-13-14-15-16-17-18-19-20-21-23-26(27)28-24-25(6-3)22-8-5-2/h25H,4-24H2,1-3H3|CCCCCCCCCCCCCCCCCC(=O)OCC(CC)CCCC
4.46936559677124|3.392139196395874|320.10888671875|0.012802423083630046|1840.8057944137802|0.0|0.0|1.0|InChI=1S/C9H9N/c1-7-6-8-4-2-3-5-9(8)10-7/h2-6,10H,1H3|Cc1cc2ccccc2[nH]1
6.275630474090576|3.7255139350891113|354.5732727050781|0.0053708547973574695|1596.739966002062|0.0|4.0|0.0|InChI=1S/C10H19N2.NO3/c1-3-4-5-6-7-12-9-8-11(2)10-12;2-1(3)4/h8-10H,3-7H2,1-2H3;/q+1;-1|CCCCCCn1cc[n+](C)c1.O=[N+]([O-])[O-]
2.3035783767700195|4.5|363.8151550292969|0.002072917244793319|2459.8343229715115|0.0|3.0|2.0|InChI=1S/C5H14NO.C2H4O3/c1-6(2,3)4-5-7;3-1-2(4)5/h7H,4-5H2,1-3H3;3H,1H2,(H,4,5)/q+1;/p-1|C[N+](C)(C)CCO.O=C([O-])CO
7.363723278045654|3.685655355453491|270.2638244628906|0.012548062261299153|917.1386737636817|0.0|4.0|0.0|InChI=1S/C16H22O4/c1-3-5-11-19-15(17)13-9-7-8-10-14(13)16(18)20-12-6-4-2/h7-10H,3-6,11-12H2,1-2H3|CCCCOC(=O)c1ccccc1C(=O)OCCCC
13.410257339477539|4.416015148162842|312.0086364746094|0.0012270403458929068|4324.930924821049|0.0|3.0|0.0|InChI=1S/C32H68P.CH4O3S/c1-5-9-13-17-18-19-20-21-22-23-24-28-32-33(29-25-14-10-6-2,30-26-15-11-7-3)31-27-16-12-8-4;1-5(2,3)4/h5-32H2,1-4H3;1H3,(H,2,3,4)/q+1;/p-1|CCCCCCCCCCCCCC[P+](CCCCCC)(CCCCCC)CCCCCC.CS(=O)(=O)[O-]
3.4879395961761475|4.11836051940918|289.53765869140625|0.007333996691159428|2693.4419922192933|0.0|1.0|1.0|InChI=1S/C8H18O/c1-4-5-6-7-8(2,3)9/h9H,4-7H2,1-3H3|CCCCCC(C)(C)O
2.668879747390747|3.0946879386901855|149.43304443359375|0.0|0.0|0.0|0.0|0.0|InChI=1S/C2F4/c3-1(4)2(5)6|FC(F)=C(F)F
13.367467880249023|3.961146354675293|267.7471008300781|1.1737981739742767e-05|5000.0|0.0|10.0|0.0|InChI=1S/C28H40O10/c1-2-6-26-25(5-1)35-21-17-31-13-9-29-11-15-33-19-23-37-27-7-3-4-8-28(27)38-24-20-34-16-12-30-10-14-32-18-22-36-26/h1-8H,9-24H2|c1ccc2c(c1)OCCOCCOCCOCCOc1ccccc1OCCOCCOCCOCCO2
4.797773838043213|3.2098581790924072|259.8780212402344|0.0|0.0|0.0|0.0|0.0|InChI=1S/C6H4FI/c7-5-3-1-2-4-6(5)8/h1-4H|Fc1ccccc1I
4.935365676879883|3.830601692199707|251.20437622070312|0.02023527313123576|2011.0171546922036|0.0|1.0|0.0|InChI=1S/C10H23N/c1-4-5-6-7-8-9-10-11(2)3/h4-10H2,1-3H3|CCCCCCCCN(C)C
3.8244829177856445|3.326875686645508|208.19358825683594|0.027265023955312977|2301.235824711673|0.0|1.0|1.0|InChI=1S/C5H12O/c1-3-5(6)4-2/h5-6H,3-4H2,1-2H3|CCC(O)CC
3.4156084060668945|3.480642318725586|234.77044677734375|0.0|0.0|0.0|0.0|0.0|InChI=1S/C6H10/c1-3-5-6-4-2/h3-4H2,1-2H3|CCC#CCC
4.244044303894043|3.7345638275146484|243.74072265625|0.03649600848964704|2539.512454865312|0.0|1.0|0.0|InChI=1S/C8H18O/c1-3-4-5-6-7-8-9-2/h3-8H2,1-2H3|CCCCCCCOC
3.046649217605591|3.77396297454834|236.98666381835938|0.0|0.0|0.0|0.0|0.0|InChI=1S/C6H14/c1-3-5-6-4-2/h3-6H2,1-2H3|CCCCCC
1.0006924867630005|3.384173631668091|118.33216857910156|0.0|0.0|0.0|0.0|0.0|InChI=1S/Ar|[Ar]
1.5961945056915283|3.7687270641326904|332.5055236816406|0.040145576171326566|2002.0000353442867|0.0|2.0|1.0|InChI=1S/C2H4O2/c3-1-2-4/h1,4H,2H2|O=CCO
3.629122734069824|2.996103525161743|214.7853240966797|0.038455212489794804|1975.1070496790987|0.0|1.0|1.0|InChI=1S/C3H8O/c1-2-3-4/h4H,2-3H2,1H3|CCCO
3.019472599029541|4.472087860107422|301.4861145019531|0.003934639065662976|2183.2811199198663|0.0|2.0|1.0|InChI=1S/C7H16N.C2H4O3/c1-3-8(2)6-4-5-7-8;3-1-2(4)5/h3-7H2,1-2H3;3H,1H2,(H,4,5)/q+1;/p-1|CC[N+]1(C)CCCC1.O=C([O-])CO
2.904313802719116|3.332939863204956|286.1658935546875|0.15136890316989024|1110.9837395994527|0.0|1.0|0.0|InChI=1S/C3H7NO/c1-4(2)3-5/h3H,1-2H3|CN(C)C=O
10.349468231201172|3.6220548152923584|234.3592987060547|0.003482712001331991|4008.2615860997084|0.0|2.0|0.0|InChI=1S/C22H44O2/c1-3-5-6-7-8-9-10-11-12-13-14-15-16-17-18-19-20-21-22(23)24-4-2/h3-21H2,1-2H3|CCCCCCCCCCCCCCCCCCCC(=O)OCC
3.025851011276245|4.019433498382568|284.1741027832031|0.0|0.0|0.0|0.0|0.0|InChI=1S/C8H16/c1-2-8-6-4-3-5-7-8/h8H,2-7H2,1H3|CCC1CCCCC1
4.400196552276611|3.6070899963378906|293.720703125|0.0024142896545689655|3531.167508180558|0.0|2.0|0.0|InChI=1S/C9H10O2/c1-7-3-5-8(6-4-7)9(10)11-2/h3-6H,1-2H3|COC(=O)c1ccc(C)cc1
5.468032360076904|4.0957183837890625|376.5780334472656|0.0010763454167923834|3480.319079930119|0.0|5.0|0.0|InChI=1S/C6H11N2.C4H6BF2O4/c1-3-8-5-4-7(2)6-8;1-3(8)10-5(6,7)11-4(2)9/h4-6H,3H2,1-2H3;1-2H3/q+1;-1|CC(=O)O[B-](F)(F)OC(C)=O.CCn1cc[n+](C)c1
4.741687774658203|3.1892786026000977|248.5395965576172|0.0020939508433609985|3131.874205003004|0.0|1.0|0.0|InChI=1S/C4H6N2.BF4/c1-6-3-2-5-4-6;2-1(3,4)5/h2-4H,1H3;/q;-1/p+1|Cn1cc[nH+]c1.F[B-](F)(F)F
4.151404857635498|3.561419725418091|176.80860900878906|0.0|0.0|0.0|0.0|0.0|InChI=1S/C5H2F10/c6-1(2(7)4(10,11)12)3(8,9)5(13,14)15/h1-2H/t1-,2+/m1/s1|F[C@H]([C@H](F)C(F)(F)F)C(F)(F)C(F)(F)F
3.735142469406128|3.7892942428588867|243.06138610839844|0.0|0.0|0.0|0.0|0.0|InChI=1S/C8H16/c1-3-5-7-8-6-4-2/h3H,1,4-8H2,2H3|C=CCCCCCC
3.7167208194732666|3.907137632369995|274.7438659667969|0.0|0.0|0.0|0.0|0.0|InChI=1S/C10H16/c1-7-4-5-8-9(6-7)10(8,2)3/h4,8-9H,5-6H2,1-3H3|CC1=CCC2C(C1)C2(C)C
2.7031826972961426|3.7467379570007324|325.895263671875|0.0|0.0|0.0|0.0|0.0|InChI=1S/C6H5Br/c7-6-4-2-1-3-5-6/h1-5H|Brc1ccccc1
5.349085330963135|3.6060991287231445|271.3948974609375|0.00010373080886841029|4368.23022066855|0.0|1.0|1.0|InChI=1S/C9H18O2/c1-2-3-4-5-6-7-8-9(10)11/h2-8H2,1H3,(H,10,11)|CCCCCCCCC(=O)O
3.0951457023620605|3.6800849437713623|292.7469482421875|0.0|0.0|0.0|0.0|0.0|InChI=1S/C8H8/c1-2-8-6-4-3-5-7-8/h2-7H,1H2|C=Cc1ccccc1
4.918278217315674|4.276270866394043|499.1592712402344|0.0018363908908821328|2590.1551949684367|0.0|5.0|0.0|InChI=1S/C8H15N2.F2NO4S2/c1-3-4-5-10-7-6-9(2)8-10;1-8(4,5)3-9(2,6)7/h6-8H,3-5H2,1-2H3;/q+1;-1|CCCCn1cc[n+](C)c1.O=S(=O)(F)[N-]S(=O)(=O)F
2.994400978088379|3.4394681453704834|207.88206481933594|0.0|0.0|0.0|0.0|0.0|InChI=1S/C3H2ClF3/c4-2-1-3(5,6)7/h1-2H/b2-1+|FC(F)(F)/C=C/Cl
5.709208011627197|4.5|446.09710693359375|0.001126842435225743|2801.4872417419574|0.0|13.0|9.0|InChI=1S/3C5H13NO2.H3O4P/c3*1-6(2-4-7)3-5-8;1-5(2,3)4/h3*7-8H,2-5H2,1H3;(H3,1,2,3,4)|CN(CCO)CCO.CN(CCO)CCO.CN(CCO)CCO.O=P(O)(O)O
9.92126750946045|3.9517290592193604|274.7366943359375|0.7483594064503692|1877.4799420417257|0.0|8.0|0.0|InChI=1S/C21H36O8/c1-5-9-17(22)26-13-21(14-27-18(23)10-6-2,15-28-19(24)11-7-3)16-29-20(25)12-8-4/h5-16H2,1-4H3|CCCC(=O)OCC(COC(=O)CCC)(COC(=O)CCC)COC(=O)CCC
5.49678897857666|4.353183269500732|396.4202880859375|0.0013168459407004935|1778.8603666273843|0.0|4.0|0.0|InChI=1S/C9H20N.C2F6NO4S2/c1-3-7-10(2)8-5-4-6-9-10;3-1(4,5)14(10,11)9-15(12,13)2(6,7)8/h3-9H2,1-2H3;/q+1;-1|CCC[N+]1(C)CCCCC1.O=S(=O)([N-]S(=O)(=O)C(F)(F)F)C(F)(F)F
2.9513776302337646|3.796476364135742|361.58062744140625|0.0016069036515357416|1655.0969292634754|0.0|1.0|0.0|InChI=1S/C8H6S/c1-2-4-8-7(3-1)5-6-9-8/h1-6H|c1ccc2sccc2c1
5.173618316650391|3.970278739929199|385.2419128417969|0.0012236130501183595|2748.5422122538203|0.0|4.0|0.0|InChI=1S/C8H12N.F2NO4S2/c1-3-9-6-4-5-8(2)7-9;1-8(4,5)3-9(2,6)7/h4-7H,3H2,1-2H3;/q+1;-1|CC[n+]1cccc(C)c1.O=S(=O)(F)[N-]S(=O)(=O)F
3.5550734996795654|3.718079090118408|301.83416748046875|0.0116134037804474|2316.119034314069|0.0|1.0|1.0|InChI=1S/C8H11N/c1-7(9)8-5-3-2-4-6-8/h2-7H,9H2,1H3|CC(N)c1ccccc1
2.8854334354400635|4.13031005859375|285.6887512207031|0.0023379178689831755|2933.4527221205076|0.0|1.0|1.0|InChI=1S/C7H16O/c1-3-4-5-6-7(2)8/h7-8H,3-6H2,1-2H3|CCCCCC(C)O
4.098186016082764|3.6783287525177|337.5667724609375|0.56158247934403|1621.4069659984473|0.0|2.0|1.0|InChI=1S/C9H7N.CH2O2/c1-2-6-9-8(4-1)5-3-7-10-9;2-1-3/h1-7H;1H,(H,2,3)|O=CO.c1ccc2ncccc2c1
5.263064861297607|4.067763328552246|277.5080261230469|0.0011116493472438948|658.7430544416815|0.0|1.0|0.0|InChI=1S/C12H23NSi2/c1-14(2,3)13(15(4,5)6)12-10-8-7-9-11-12/h7-11H,1-6H3|C[Si](C)(C)N(c1ccccc1)[Si](C)(C)C
3.727200746536255|3.4035840034484863|238.11878967285156|0.09004370347380349|1841.2050104157079|0.0|2.0|0.0|InChI=1S/C5H10O2/c1-3-4-5(6)7-2/h3-4H2,1-2H3|CCCC(=O)OC
2.2014658451080322|3.127932071685791|122.45354461669922|0.0|0.0|0.0|0.0|0.0|InChI=1S/CF4/c2-1(3,4)5|FC(F)(F)F
13.334587097167969|3.868605613708496|242.6008758544922|0.0|0.0|0.0|0.0|0.0|InChI=1S/C30H62/c1-3-5-7-9-11-13-15-17-19-21-23-25-27-29-30-28-26-24-22-20-18-16-14-12-10-8-6-4-2/h3-30H2,1-2H3|CCCCCCCCCCCCCCCCCCCCCCCCCCCCCC
2.6048765182495117|3.9405174255371094|287.2401123046875|0.010138213158896282|1290.5667669893523|0.0|2.0|1.0|InChI=1S/C4H11NS/c1-5(2)3-4-6/h6H,3-4H2,1-2H3|CN(C)CCS
8.593697547912598|3.818528652191162|252.759033203125|0.0003940484136149566|3236.2225211626933|0.0|2.0|0.0|InChI=1S/C20H38O2/c1-3-4-5-6-7-8-9-10-11-12-13-14-15-16-17-18-19-22-20(2)21/h6-7H,3-5,8-19H2,1-2H3/b7-6-|CCCC/C=C\CCCCCCCCCCCCOC(C)=O
3.378100872039795|3.474719762802124|254.0624542236328|0.33814969587017846|1777.410770289983|0.0|3.0|0.0|InChI=1S/C4H10O3/c1-5-3-7-4-6-2/h3-4H2,1-2H3|COCOCOC
4.303046226501465|3.517686605453491|180.94859313964844|0.0|0.0|0.0|0.0|0.0|InChI=1S/C5H2F10/c6-1(2(7)4(10,11)12)3(8,9)5(13,14)15/h1-2H|FC(C(F)C(F)(F)C(F)(F)F)C(F)(F)F
3.2295079231262207|4.5|389.24078369140625|0.005954314527450791|2155.457608253279|0.0|3.0|2.0|InChI=1S/C7H7NO2.C5H14NO/c8-6-4-2-1-3-5(6)7(9)10;1-6(2,3)4-5-7/h1-4H,8H2,(H,9,10);7H,4-5H2,1-3H3/q;+1/p-1|C[N+](C)(C)CCO.Nc1ccccc1C(=O)[O-]
5.952633380889893|4.048418998718262|261.5628356933594|0.0|0.0|0.0|0.0|0.0|InChI=1S/C18H30/c1-16(2,3)13-10-14(17(4,5)6)12-15(11-13)18(7,8)9/h10-12H,1-9H3|CC(C)(C)c1cc(C(C)(C)C)cc(C(C)(C)C)c1
5.206208229064941|4.068455219268799|404.9028625488281|0.0014496231677054554|2876.3188823006653|0.0|5.0|0.0|InChI=1S/C8H15N2.CH4O4S/c1-3-4-5-10-7-6-9(2)8-10;1-5-6(2,3)4/h6-8H,3-5H2,1-2H3;1H3,(H,2,3,4)/q+1;/p-1|CCCCn1cc[n+](C)c1.COS(=O)(=O)[O-]
17.184185028076172|3.890352487564087|284.8724365234375|0.0010501952186658056|5000.0|0.0|6.0|0.0|InChI=1S/C39H74O6/c1-4-7-10-13-16-19-22-25-28-31-37(40)43-34-36(45-39(42)33-30-27-24-21-18-15-12-9-6-3)35-44-38(41)32-29-26-23-20-17-14-11-8-5-2/h36H,4-35H2,1-3H3|CCCCCCCCCCCC(=O)OCC(COC(=O)CCCCCCCCCCC)OC(=O)CCCCCCCCCCC
6.1693339347839355|3.85327410697937|270.5213317871094|0.0|0.0|0.0|0.0|0.0|InChI=1S/C11H18N.BF4/c1-2-3-4-6-9-12-10-7-5-8-11-12;2-1(3,4)5/h5,7-8,10-11H,2-4,6,9H2,1H3;/q+1;-1|CCCCCC[n+]1ccccc1.F[B-](F)(F)F
5.410542964935303|3.7697198390960693|294.53033447265625|0.007318174669874621|2688.7026790964956|0.0|1.0|0.0|InChI=1S/C12H23NO/c1-2-3-4-5-6-7-10-13-11-8-9-12(13)14/h2-11H2,1H3|CCCCCCCCN1CCCC1=O
3.278021812438965|3.678629159927368|321.6561584472656|0.004517549656946655|1538.0188238842222|0.0|1.0|0.0|InChI=1S/C7H8S/c1-8-7-5-3-2-4-6-7/h2-6H,1H3|CSc1ccccc1
5.954623699188232|4.137116432189941|375.3051452636719|0.00011125529171508653|3612.4152779315004|0.0|4.0|0.0|InChI=1S/C8H12N.C2F6NO4S2/c1-3-9-7-5-4-6-8(9)2;3-1(4,5)14(10,11)9-15(12,13)2(6,7)8/h4-7H,3H2,1-2H3;/q+1;-1|CC[n+]1ccccc1C.O=S(=O)([N-]S(=O)(=O)C(F)(F)F)C(F)(F)F
6.064520359039307|3.9232378005981445|278.6907043457031|0.0008768758096477267|2348.560148232693|0.0|4.0|0.0|InChI=1S/C11H26NO2PS/c1-6-12(7-2)8-9-16-15(5,13)14-10-11(3)4/h11H,6-10H2,1-5H3|CCN(CC)CCSP(C)(=O)OCC(C)C
3.693150520324707|4.205645561218262|468.9521179199219|0.005522209452056435|2344.2423538893986|0.0|3.0|1.0|InChI=1S/C6H15N.CH4O3S/c1-4-7(5-2)6-3;1-5(2,3)4/h4-6H2,1-3H3;1H3,(H,2,3,4)|CCN(CC)CC.CS(=O)(=O)O
8.220396041870117|3.9318673610687256|261.8651123046875|0.010762644677555762|2944.12814428862|0.0|3.0|0.0|InChI=1S/C13H30P.C3H2N3O2/c1-5-9-10-11-12-13-14(6-2,7-3)8-4;7-6(8)3-1-4-5-2-3/h5-13H2,1-4H3;1-2H/q+1;-1|CCCCCCC[P+](CC)(CC)CC.O=[N+]([O-])c1cn[n-]c1
3.955092430114746|2.8094687461853027|251.1313018798828|0.00021286406438819215|1027.904195367672|0.0|2.0|2.0|InChI=1S/C2H8N2/c3-1-2-4/h1-4H2|NCCN
3.4646828174591064|3.684638261795044|259.1160888671875|0.0017891654346898864|2655.9103380697316|0.0|2.0|0.0|InChI=1S/C7H10O2/c1-4-5-9-7(8)6(2)3/h4H,1-2,5H2,3H3|C=CCOC(=O)C(=C)C
4.2283830642700195|3.458871841430664|317.099365234375|0.06930126426510687|2782.04296280926|0.0|2.0|0.0|InChI=1S/C6H3Cl2NO2/c7-5-2-1-4(9(10)11)3-6(5)8/h1-3H|O=[N+]([O-])c1ccc(Cl)c(Cl)c1
3.0026333332061768|3.967601776123047|254.0736846923828|0.0|0.0|0.0|0.0|0.0|InChI=1S/C7H16/c1-5-7(4)6(2)3/h6-7H,5H2,1-4H3|CCC(C)C(C)C
3.2838516235351562|4.15504264831543|406.0652770996094|0.0|0.0|0.0|0.0|0.0|InChI=1S/C6H6Cl6/c7-1-2(8)4(10)6(12)5(11)3(1)9/h1-6H/t1-,2-,3-,4+,5+,6+|Cl[C@H]1[C@H](Cl)[C@@H](Cl)[C@@H](Cl)[C@H](Cl)[C@H]1Cl
4.06568717956543|3.015350818634033|346.2951354980469|0.13255962018883377|1381.363267503605|0.0|1.0|0.0|InChI=1S/C5H5NO/c7-6-4-2-1-3-5-6/h1-5H|[O-][n+]1ccccc1
4.7203240394592285|4.061925411224365|221.53636169433594|0.0045899203891864755|3370.2882446621006|0.0|1.0|1.0|InChI=1S/C8HF15O2/c9-2(10,1(24)25)3(11,12)4(13,14)5(15,16)6(17,18)7(19,20)8(21,22)23/h(H,24,25)|O=C(O)C(F)(F)C(F)(F)C(F)(F)C(F)(F)C(F)(F)C(F)(F)C(F)(F)F
2.291637897491455|4.169671058654785|299.1528625488281|0.011867869671239236|3098.3168012012793|0.0|1.0|1.0|InChI=1S/C5H11ClO/c1-5(2,3-6)4-7/h7H,3-4H2,1-2H3|CC(C)(CO)CCl
6.727285385131836|4.224087238311768|370.2501220703125|0.0006791331909559482|2266.722818218841|0.0|4.0|0.0|InChI=1S/C11H18N.C2F6NO4S2/c1-4-5-6-12-8-10(2)7-11(3)9-12;3-1(4,5)14(10,11)9-15(12,13)2(6,7)8/h7-9H,4-6H2,1-3H3;/q+1;-1|CCCC[n+]1cc(C)cc(C)c1.O=S(=O)([N-]S(=O)(=O)C(F)(F)F)C(F)(F)F
4.825199604034424|3.863259792327881|246.82080078125|0.0|0.0|0.0|0.0|0.0|InChI=1S/C11H24/c1-4-5-6-7-8-9-10-11(2)3/h11H,4-10H2,1-3H3|CCCCCCCCC(C)C
4.93375825881958|3.910284996032715|385.5511474609375|0.00021214229092410904|1650.4296143067645|0.0|2.0|0.0|InChI=1S/C8H15N2.C2H4O2/c1-3-4-5-10-7-6-9(2)8-10;1-2(3)4/h6-8H,3-5H2,1-2H3;1H3,(H,3,4)/q+1;/p-1|CC(=O)[O-].CCCCn1cc[n+](C)c1
3.024773359298706|4.207252502441406|301.1734924316406|0.0|0.0|0.0|0.0|0.0|InChI=1S/C10H18/c1-7-4-5-8-6-9(7)10(8,2)3/h7-9H,4-6H2,1-3H3/t7-,8-,9-/m0/s1|C[C@H]1CC[C@H]2C[C@@H]1C2(C)C
4.319632530212402|3.6183526515960693|271.8074035644531|0.49051091396859353|1411.4301659919838|0.0|2.0|0.0|InChI=1S/C7H12O2/c1-2-3-4-5-6-9-7-8/h3-4,7H,2,5-6H2,1H3/b4-3-|CC/C=C\CCOC=O
9.945552825927734|3.7020606994628906|254.21963500976562|0.0025435796239875637|3801.237983610288|0.0|1.0|1.0|InChI=1S/C22H44O2/c1-2-3-4-5-6-7-8-9-10-11-12-13-14-15-16-17-18-19-20-21-22(23)24/h2-21H2,1H3,(H,23,24)|CCCCCCCCCCCCCCCCCCCCCC(=O)O
5.586198329925537|4.026478290557861|341.38494873046875|0.009914686837064665|2620.702314101121|0.0|1.0|0.0|InChI=1S/C13H25N2.BrH/c1-3-4-5-6-7-8-9-10-15-12-11-14(2)13-15;/h11-13H,3-10H2,1-2H3;1H/q+1;/p-1|CCCCCCCCCn1cc[n+](C)c1.[Br-]
2.5453860759735107|3.921074390411377|325.6463317871094|0.0017318456303197641|2760.086781088946|0.0|1.0|1.0|InChI=1S/C6H12O/c7-6-4-2-1-3-5-6/h6-7H,1-5H2|OC1CCCCC1
2.2126858234405518|4.18892765045166|391.69384765625|0.005589409793434433|3126.842324158748|0.0|1.0|0.0|InChI=1S/C5H9ClO/c1-5(7)3-2-4-6/h2-4H2,1H3|CC(=O)CCCCl
2.9439890384674072|3.915687322616577|289.5340576171875|0.0|0.0|0.0|0.0|0.0|InChI=1S/C8H12/c1-2-8-6-4-3-5-7-8/h2-4,8H,1,5-7H2|C=CC1CC=CCC1
3.184978485107422|3.2204575538635254|279.812255859375|0.026299060443905405|1742.8042391673323|0.0|1.0|0.0|InChI=1S/C3H5ClO/c4-1-3-2-5-3/h3H,1-2H2/t3-/m0/s1|ClC[C@H]1CO1
2.949470281600952|3.4876322746276855|283.9219970703125|0.0|0.0|0.0|0.0|0.0|InChI=1S/C2H3Cl3/c3-1-2(4)5/h2H,1H2|ClCC(Cl)Cl
6.327002048492432|3.949979066848755|400.2129821777344|0.004536868198221257|1937.2797757360036|0.0|4.0|0.0|InChI=1S/C12H23N2.CHF3O3S/c1-3-4-5-6-7-8-9-14-11-10-13(2)12-14;2-1(3,4)8(5,6)7/h10-12H,3-9H2,1-2H3;(H,5,6,7)/q+1;/p-1|CCCCCCCCn1cc[n+](C)c1.O=S(=O)([O-])C(F)(F)F
4.447009563446045|3.878025531768799|426.2433776855469|0.7805301392032027|2625.50048524878|0.0|2.0|0.0|InChI=1S/C6H11N2.C3H3N2/c1-3-8-5-4-7(2)6-8;1-2-5-3-4-1/h4-6H,3H2,1-2H3;1-3H/q+1;-1|CCn1cc[n+](C)c1.c1c[n-]cn1
5.239806652069092|3.5520641803741455|240.04931640625|0.00010657371818471359|1057.710597323867|0.0|4.0|0.0|InChI=1S/C4H16O4Si4/c1-9-5-10(2)7-12(4)8-11(3)6-9/h9-12H,1-4H3|C[SiH]1O[SiH](C)O[SiH](C)O[SiH](C)O1
3.2338039875030518|3.2412431240081787|255.3166961669922|0.058146043426047435|1606.1478212579823|0.0|3.0|0.0|InChI=1S/C3H6O3/c1-5-3(4)6-2/h1-2H3|COC(=O)OC
3.666287422180176|3.9392435550689697|251.31497192382812|0.029580340903088295|1730.4286465469186|0.0|1.0|0.0|InChI=1S/C8H18O/c1-5-7-9-8(3,4)6-2/h5-7H2,1-4H3|CCCOC(C)(C)CC
2.622480630874634|3.4502859115600586|301.55224609375|0.15073014804089216|1295.2939744952982|0.0|1.0|0.0|InChI=1S/C5H5N/c1-2-4-6-5-3-1/h1-5H|c1ccncc1
6.563506603240967|3.9738876819610596|271.9394836425781|0.0011582358336667065|3289.6409161972283|0.0|1.0|1.0|InChI=1S/C16H34O/c1-2-3-4-5-6-7-8-9-10-11-12-13-14-15-16-17/h17H,2-16H2,1H3|CCCCCCCCCCCCCCCCO
4.084442615509033|4.2917938232421875|310.1424560546875|0.00017578681429974887|511.65331460716806|0.0|2.0|1.0|InChI=1S/C5H14NO.C3H6O2/c1-6(2,3)4-5-7;1-2-3(4)5/h7H,4-5H2,1-3H3;2H2,1H3,(H,4,5)/q+1;/p-1|CCC(=O)[O-].C[N+](C)(C)CCO
7.243669509887695|3.7843399047851562|318.30859375|0.10069347578158097|1521.7113408676473|0.0|5.0|0.0|InChI=1S/C10H21N3.2C2N3/c1-11-7-8-12(10-11)6-5-9-13(2,3)4;2*3-1-5-2-4/h7-8,10H,5-6,9H2,1-4H3;;/q+2;2*-1|C[n+]1ccn(CCC[N+](C)(C)C)c1.N#C[N-]C#N.N#C[N-]C#N
3.67325496673584|3.5988688468933105|251.77337646484375|0.014381750855103001|1515.461309935669|0.0|1.0|1.0|InChI=1S/C5H12O/c1-2-3-4-5-6/h6H,2-5H2,1H3/i6D|[2H]OCCCCC
6.457014560699463|3.6664655208587646|269.03948974609375|0.02209194685060136|1772.94350380911|0.0|2.0|2.0|InChI=1S/C6H12O2.C5H13N3/c1-2-3-4-5-6(7)8;1-7(2)5(6)8(3)4/h2-5H2,1H3,(H,7,8);6H,1-4H3|CCCCCC(=O)O.CN(C)C(=N)N(C)C
7.184515953063965|4.2919087409973145|363.5216369628906|0.0015805697899218124|3112.5861852886633|0.0|4.0|0.0|InChI=1S/C14H24N.C2F6NO4S2/c1-5-7-8-9-14-13(4)10-12(3)11-15(14)6-2;3-1(4,5)14(10,11)9-15(12,13)2(6,7)8/h10-11H,5-9H2,1-4H3;/q+1;-1|CCCCCc1c(C)cc(C)c[n+]1CC.O=S(=O)([N-]S(=O)(=O)C(F)(F)F)C(F)(F)F
5.1740593910217285|3.5910985469818115|271.3828430175781|0.00034074572069106183|2507.1505438122526|0.0|2.0|0.0|InChI=1S/C10H18O2/c1-9(11)12-8-7-10-5-3-2-4-6-10/h10H,2-8H2,1H3|CC(=O)OCCC1CCCCC1
7.383738040924072|3.9919049739837646|267.46771240234375|0.004807650918247409|2045.8441885593072|0.0|2.0|0.0|InChI=1S/C15H26N.CHNS/c1-4-5-6-7-8-9-12-16-13-10-11-14(2)15(16)3;2-1-3/h10-11,13H,4-9,12H2,1-3H3;3H/q+1;/p-1|CCCCCCCC[n+]1cccc(C)c1C.N#C[S-]
13.320940971374512|4.5|284.5571594238281|0.0006751226180177646|3950.809822146644|0.0|1.0|0.0|InChI=1S/C25H54N.C18H34O2/c1-5-8-11-14-17-20-23-26(4,24-21-18-15-12-9-6-2)25-22-19-16-13-10-7-3;1-2-3-4-5-6-7-8-9-10-11-12-13-14-15-16-17-18(19)20/h5-25H2,1-4H3;9-10H,2-8,11-17H2,1H3,(H,19,20)/q+1;/p-1/b;10-9-|CCCCCCCC/C=C\CCCCCCCC(=O)[O-].CCCCCCCC[N+](C)(CCCCCCCC)CCCCCCCC
3.42443585395813|3.3866496086120605|180.9188690185547|0.0024278266070113857|2266.090759602652|0.0|1.0|0.0|InChI=1S/C3H3F5O/c1-9-3(7,8)2(4,5)6/h1H3|COC(F)(F)C(F)(F)F
2.3864734172821045|4.2876877784729|346.0538330078125|0.01400864213440603|1766.4905581996616|0.0|3.0|2.0|InChI=1S/C5H13NO2.ClH/c1-6(2-4-7)3-5-8;/h7-8H,2-5H2,1H3;1H|CN(CCO)CCO.Cl
6.17017936706543|3.8176801204681396|316.220458984375|0.0014748995579233891|2579.67117023384|0.0|1.0|0.0|InChI=1S/C14H27N2.BF4/c1-3-4-5-6-7-8-9-10-11-16-13-12-15(2)14-16;2-1(3,4)5/h12-14H,3-11H2,1-2H3;/q+1;-1|CCCCCCCCCCn1cc[n+](C)c1.F[B-](F)(F)F
7.349761009216309|4.5|423.7641906738281|0.0004742915832819195|4579.739227123004|0.0|5.0|0.0|InChI=1S/C8F18NO4S2.C8H15N2/c9-1(10,5(17,18)19)3(13,14)7(23,24)32(28,29)27-33(30,31)8(25,26)4(15,16)2(11,12)6(20,21)22;1-3-4-5-10-7-6-9(2)8-10/h;6-8H,3-5H2,1-2H3/q-1;+1|CCCCn1cc[n+](C)c1.O=S(=O)([N-]S(=O)(=O)C(F)(F)C(F)(F)C(F)(F)C(F)(F)F)C(F)(F)C(F)(F)C(F)(F)C(F)(F)F
4.251255989074707|3.7319865226745605|251.09674072265625|0.0008540785450451908|249.14281882856403|0.0|2.0|0.0|InChI=1S/C8H16O2/c1-4-8(9)10-6-5-7(2)3/h7H,4-6H2,1-3H3|CCC(=O)OCCC(C)C
7.130923748016357|4.222038745880127|353.32489013671875|0.0003356287206632959|2885.187777409296|0.0|4.0|0.0|InChI=1S/C13H22N.C2F6NO4S2/c1-3-5-6-7-10-13-11-8-9-12-14(13)4-2;3-1(4,5)14(10,11)9-15(12,13)2(6,7)8/h8-9,11-12H,3-7,10H2,1-2H3;/q+1;-1|CCCCCCc1cccc[n+]1CC.O=S(=O)([N-]S(=O)(=O)C(F)(F)F)C(F)(F)F
2.767542600631714|3.5392518043518066|286.2900085449219|0.0|0.0|0.0|0.0|0.0|InChI=1S/C3H4Cl2/c4-2-1-3-5/h1-2H,3H2/b2-1-|Cl/C=C\CCl
6.148860454559326|3.7236411571502686|248.16871643066406|0.0006203034662318336|2956.34166016178|0.0|2.0|0.0|InChI=1S/C12H24O2/c1-3-5-6-7-8-9-10-11-12(13)14-4-2/h3-11H2,1-2H3|CCCCCCCCCC(=O)OCC
2.1456806659698486|4.5|283.7127990722656|0.005040032624818445|3195.864558693351|0.0|3.0|1.0|InChI=1S/C6H14O3/c1-2-8-5-6-9-4-3-7/h7H,2-6H2,1H3|CCOCCOCCO
24.0980281829834|3.7752556800842285|245.71432495117188|0.005768952383590674|3990.9200407762223|0.0|8.0|0.0|InChI=1S/C37H68O8/c1-9-17-21-29(13-5)33(38)42-25-37(26-43-34(39)30(14-6)22-18-10-2,27-44-35(40)31(15-7)23-19-11-3)28-45-36(41)32(16-8)24-20-12-4/h29-32H,9-28H2,1-8H3|CCCCC(CC)C(=O)OCC(COC(=O)C(CC)CCCC)(COC(=O)C(CC)CCCC)COC(=O)C(CC)CCCC
5.82040548324585|3.607351541519165|282.6255798339844|0.00022504514570472845|3123.9495244514796|0.0|2.0|1.0|InChI=1S/C5H9NO.C5H10O2/c1-6-4-2-3-5(6)7;1-2-3-4-5(6)7/h2-4H2,1H3;2-4H2,1H3,(H,6,7)|CCCCC(=O)O.CN1CCCC1=O
3.707982301712036|3.995988368988037|318.4814453125|0.0|0.0|0.0|0.0|0.0|InChI=1S/C12H16/c1-3-7-11(8-4-1)12-9-5-2-6-10-12/h1,3-4,7-8,12H,2,5-6,9-10H2|c1ccc(C2CCCCC2)cc1
2.172889232635498|3.849370241165161|282.1595764160156|0.0|0.0|0.0|0.0|0.0|InChI=1S/C3H7Br/c1-3(2)4/h3H,1-2H3|CC(C)Br
5.240084648132324|3.5780081748962402|244.13894653320312|0.008318986313181346|2461.8945415144617|0.0|1.0|0.0|InChI=1S/C8H17N3/c1-2-3-4-5-6-7-8-10-11-9/h2-8H2,1H3|CCCCCCCCN=[N+]=[N-]
5.640609264373779|4.5|506.17431640625|1.9855252042060317e-05|3678.0050070719144|0.0|6.0|1.0|InChI=1S/C11H19N3O.C2F6NO4S2/c1-3-5-6-12-11(15)9-14-8-7-13(4-2)10-14;3-1(4,5)14(10,11)9-15(12,13)2(6,7)8/h7-8,10H,3-6,9H2,1-2H3;/q;-1/p+1|CCCCN=C(O)Cn1cc[n+](CC)c1.O=S(=O)([N-]S(=O)(=O)C(F)(F)F)C(F)(F)F
3.2895476818084717|3.729745388031006|330.6873474121094|0.0|0.0|0.0|0.0|0.0|InChI=1S/C6H3Cl3/c7-4-1-2-5(8)6(9)3-4/h1-3H|Clc1ccc(Cl)c(Cl)c1
5.357105731964111|3.9078989028930664|376.4261169433594|0.01853932609997489|2693.9373832663878|0.0|1.0|0.0|InChI=1S/C12H23N2.ClH/c1-3-4-5-6-7-8-9-14-11-10-13(2)12-14;/h10-12H,3-9H2,1-2H3;1H/q+1;/p-1|CCCCCCCCn1cc[n+](C)c1.[Cl-]
4.6244707107543945|3.948110818862915|223.48159790039062|0.010698029450823791|1224.9249854099678|0.0|2.0|2.0|InChI=1S/C9H22N2/c10-8-6-4-2-1-3-5-7-9-11/h1-11H2|NCCCCCCCCCN
4.758325576782227|4.085977554321289|343.6651916503906|0.005149109755780465|2412.8944174962503|0.0|3.0|1.0|InChI=1S/C7H13N.CHF3O3S/c1-4-6-8(3)7-5-2;2-1(3,4)8(5,6)7/h4-5H,1-2,6-7H2,3H3;(H,5,6,7)|C=CCN(C)CC=C.O=S(=O)(O)C(F)(F)F
5.74840784072876|4.06308126449585|278.2052001953125|0.00021234538077654914|2362.956696665269|0.0|2.0|2.0|InChI=1S/C7H15N.C5H10O2/c1-8-7-5-3-2-4-6-7;1-2-3-4-5(6)7/h7-8H,2-6H2,1H3;2-4H2,1H3,(H,6,7)|CCCCC(=O)O.CNC1CCCCC1
6.094447135925293|3.785655975341797|263.53021240234375|0.13103084028146797|1228.1887305085709|0.0|2.0|0.0|InChI=1S/C9H20N.C2N3/c1-3-4-7-10(2)8-5-6-9-10;3-1-5-2-4/h3-9H2,1-2H3;/q+1;-1|CCCC[N+]1(C)CCCC1.N#C[N-]C#N
2.6814565658569336|3.417825937271118|230.10101318359375|0.02623263030690038|849.0898465739558|0.0|1.0|1.0|InChI=1S/C3H9N/c1-3(2)4/h3H,4H2,1-2H3|CC(C)N
4.990558624267578|4.06357479095459|289.31475830078125|0.0028425987637164664|1862.929576803291|0.0|2.0|0.0|InChI=1S/C9H20N.CHNS/c1-3-4-7-10(2)8-5-6-9-10;2-1-3/h3-9H2,1-2H3;3H/q+1;/p-1|CCCC[N+]1(C)CCCC1.N#C[S-]
6.407048225402832|3.9572129249572754|376.7128601074219|0.008571754141968075|1931.8548944532615|0.0|5.0|0.0|InChI=1S/C10H19N2.CH4O4S/c1-3-4-5-6-7-12-9-8-11(2)10-12;1-5-6(2,3)4/h8-10H,3-7H2,1-2H3;1H3,(H,2,3,4)/q+1;/p-1|CCCCCCn1cc[n+](C)c1.COS(=O)(=O)[O-]
3.9880452156066895|4.262823581695557|470.0072326660156|0.010477242177368267|2573.8317756887695|0.0|2.0|0.0|InChI=1S/C9H12N3.ClH/c1-2-5-11-7-8-12(9-11)6-3-4-10;/h2,7-9H,1,3,5-6H2;1H/q+1;/p-1|C=CC[n+]1ccn(CCC#N)c1.[Cl-]
5.090653419494629|4.089461326599121|268.45245361328125|0.0|0.0|0.0|0.0|0.0|InChI=1S/C13H30P.ClH/c1-5-8-11-14(4,12-9-6-2)13-10-7-3;/h5-13H2,1-4H3;1H/q+1;/p-1|CCCC[P+](C)(CCCC)CCCC.[Cl-]
2.8870794773101807|3.7009437084198|312.14288330078125|0.0|0.0|0.0|0.0|0.0|InChI=1S/C6H4BrF/c7-5-1-3-6(8)4-2-5/h1-4H|Fc1ccc(Br)cc1
4.317407131195068|4.0386247634887695|292.652587890625|0.00022640589155936477|1260.5572439552147|0.0|1.0|0.0|InChI=1S/C7H16N.C2H4O2/c1-3-8(2)6-4-5-7-8;1-2(3)4/h3-7H2,1-2H3;1H3,(H,3,4)/q+1;/p-1|CC(=O)[O-].CC[N+]1(C)CCCC1
4.320850849151611|4.387334823608398|484.789794921875|0.0019959972159142815|2843.880245327486|0.0|3.0|1.0|InChI=1S/C8H15N2.C3H6O3/c1-3-4-5-10-7-6-9(2)8-10;1-2(4)3(5)6/h6-8H,3-5H2,1-2H3;2,4H,1H3,(H,5,6)/q+1;/p-1/t;2-/m.0/s1|CCCCn1cc[n+](C)c1.C[C@H](O)C(=O)[O-]
5.914419174194336|4.3783278465271|371.5475769042969|9.696706283321934e-05|3837.4568295633235|0.0|4.0|0.0|InChI=1S/C9H22N.C2F6NO4S2/c1-5-8-9-10(4,6-2)7-3;3-1(4,5)14(10,11)9-15(12,13)2(6,7)8/h5-9H2,1-4H3;/q+1;-1|CCCC[N+](C)(CC)CC.O=S(=O)([N-]S(=O)(=O)C(F)(F)F)C(F)(F)F
6.207973957061768|3.8314342498779297|260.229736328125|0.012480529475296168|2497.040875064731|0.0|2.0|0.0|InChI=1S/C9H20N.C4N3/c1-3-4-7-10(2)8-5-6-9-10;5-1-4(2-6)3-7/h3-9H2,1-2H3;/q+1;-1|CCCC[N+]1(C)CCCC1.N#CC(=C=[N-])C#N
4.774072170257568|3.866060256958008|385.44866943359375|0.3659640167872275|2494.169282135833|0.0|2.0|0.0|InChI=1S/C8H15N2.C3H3N2/c1-3-4-5-10-7-6-9(2)8-10;1-2-5-3-4-1/h6-8H,3-5H2,1-2H3;1-3H/q+1;-1|CCCCn1cc[n+](C)c1.c1c[n-]cn1
3.0924134254455566|3.4973227977752686|296.7478942871094|0.0|0.0|0.0|0.0|0.0|InChI=1S/C3H6BrCl/c4-2-1-3-5/h1-3H2|ClCCCBr
3.2650928497314453|4.5|550.0|0.007278257334341929|3777.6077753482996|0.0|7.0|2.0|InChI=1S/C3H5N2O2.C2F6NO4S2/c6-4-1-2-5(7)3-4;3-1(4,5)14(10,11)9-15(12,13)2(6,7)8/h1-3,6-7H;/q+1;-1|O=S(=O)([N-]S(=O)(=O)C(F)(F)F)C(F)(F)F.On1cc[n+](O)c1
8.78763198852539|3.926954746246338|254.1883544921875|0.0009025901487608208|5000.0|0.0|6.0|2.0|InChI=1S/C12H26O4S.C6H13NO2/c1-2-3-4-5-6-7-8-9-10-11-12-16-17(13,14)15;1-4(2)9-6(8)5(3)7/h2-12H2,1H3,(H,13,14,15);4-5H,7H2,1-3H3/t;5-/m.0/s1|CC(C)OC(=O)[C@H](C)N.CCCCCCCCCCCCOS(=O)(=O)O
9.249326705932617|4.010289669036865|270.3626403808594|0.00041926190108139953|5000.0|0.0|6.0|2.0|InChI=1S/C12H26O4S.C8H15NO2/c1-2-3-4-5-6-7-8-9-10-11-12-16-17(13,14)15;1-6(2)11-8(10)7-4-3-5-9-7/h2-12H2,1H3,(H,13,14,15);6-7,9H,3-5H2,1-2H3/t;7-/m.0/s1|CC(C)OC(=O)[C@@H]1CCCN1.CCCCCCCCCCCCOS(=O)(=O)O
2.8314294815063477|3.686819553375244|329.71881103515625|0.0|0.0|0.0|0.0|0.0|InChI=1S/C3H6Br2/c4-2-1-3-5/h1-3H2|BrCCCBr
3.037245035171509|3.8290648460388184|331.4512634277344|0.0|0.0|0.0|0.0|0.0|InChI=1S/C7H7I/c1-6-2-4-7(8)5-3-6/h2-5H,1H3|Cc1ccc(I)cc1
5.199763774871826|4.247638702392578|230.9751739501953|0.003985649951214079|3304.7914488104825|0.0|1.0|1.0|InChI=1S/C10HF19O2/c11-2(12,1(30)31)3(13,14)4(15,16)5(17,18)6(19,20)7(21,22)8(23,24)9(25,26)10(27,28)29/h(H,30,31)|O=C(O)C(F)(F)C(F)(F)C(F)(F)C(F)(F)C(F)(F)C(F)(F)C(F)(F)C(F)(F)C(F)(F)F
5.4002580642700195|4.5|550.0|0.0008127003889572298|3943.635077523331|0.0|5.0|0.0|InChI=1S/C11H19N2.C2F6NO4S2/c1-12-7-8-13(10-12)9-11-5-3-2-4-6-11;3-1(4,5)14(10,11)9-15(12,13)2(6,7)8/h7-8,10-11H,2-6,9H2,1H3;/q+1;-1|C[n+]1ccn(CC2CCCCC2)c1.O=S(=O)([N-]S(=O)(=O)C(F)(F)F)C(F)(F)F
4.791903495788574|3.8399293422698975|383.5288391113281|0.08606344863854701|2321.5878483571364|0.0|3.0|0.0|InChI=1S/C7H11N2.C2N3/c1-3-4-9-6-5-8(2)7-9;3-1-5-2-4/h3,5-7H,1,4H2,2H3;/q+1;-1|C=CCn1cc[n+](C)c1.N#C[N-]C#N
1.7017451524734497|3.3993613719940186|230.90969848632812|0.06131044599050155|2479.00052622885|0.0|2.0|0.0|InChI=1S/COS/c2-1-3|O=C=S
4.668375492095947|3.280827283859253|268.7825012207031|0.00010093580430322348|3035.9862806323636|0.0|1.0|1.0|InChI=1S/C8H10O/c1-7(9)8-5-3-2-4-6-8/h2-7,9H,1H3|CC(O)c1ccccc1
7.146937847137451|3.8793258666992188|246.04306030273438|0.00011873317638545974|4637.4991807484|0.0|4.0|0.0|InChI=1S/C17H24O4/c1-11-8-12(20-14(18)16(2,3)4)10-13(9-11)21-15(19)17(5,6)7/h8-10H,1-7H3|Cc1cc(OC(=O)C(C)(C)C)cc(OC(=O)C(C)(C)C)c1
8.227495193481445|3.6935977935791016|234.63632202148438|0.019337016602160566|1451.769470462725|0.0|4.0|0.0|InChI=1S/C12H28N2.2C2N3/c1-13(2,3)9-8-12-14(4)10-6-5-7-11-14;2*3-1-5-2-4/h5-12H2,1-4H3;;/q+2;2*-1|C[N+](C)(C)CCC[N+]1(C)CCCCC1.N#C[N-]C#N.N#C[N-]C#N
6.072678565979004|3.8429741859436035|341.1966552734375|0.010406879207121933|2458.810934573113|0.0|4.0|0.0|InChI=1S/C9H15N2.C3H2N3O2/c1-4-5-6-11-8-7-10(3)9(11)2;7-6(8)3-1-4-5-2-3/h5-8H,4H2,1-3H3;1-2H/q+1;-1|CCC=Cn1cc[n+](C)c1C.O=[N+]([O-])c1cn[n-]c1
1.8712536096572876|3.2510640621185303|227.86627197265625|0.0|0.0|0.0|0.0|0.0|InChI=1S/CH3Cl/c1-2/h1H3|CCl
3.524463653564453|3.6026675701141357|297.772216796875|0.0|0.0|0.0|0.0|0.0|InChI=1S/C7H7Br/c1-6-2-4-7(8)5-3-6/h2-5H,1H3|Cc1ccc(Br)cc1
4.892340660095215|4.070866107940674|290.2538757324219|0.00027319839145747743|2140.63941676632|0.0|3.0|0.0|InChI=1S/C8H18N.C2H7O3P/c1-3-9(2)7-5-4-6-8-9;1-2-5-6(3)4/h3-8H2,1-2H3;6H,2H2,1H3,(H,3,4)/q+1;/p-1|CCO[PH](=O)[O-].CC[N+]1(C)CCCCC1
6.276151180267334|3.7970261573791504|261.5872802734375|0.0|0.0|0.0|0.0|0.0|InChI=1S/C10H16N.F6P/c1-3-4-7-11-8-5-6-10(2)9-11;1-7(2,3,4,5)6/h5-6,8-9H,3-4,7H2,1-2H3;/q+1;-1|CCCC[n+]1cccc(C)c1.F[P-](F)(F)(F)(F)F
6.040693759918213|4.074013710021973|426.6226806640625|0.0013703184603815152|1564.1511454149731|0.0|5.0|0.0|InChI=1S/C10H16N3.C6H6O3S/c1-2-3-6-12-8-9-13(10-12)7-4-5-11;7-10(8,9)6-4-2-1-3-5-6/h8-10H,2-4,6-7H2,1H3;1-5H,(H,7,8,9)/q+1;/p-1|CCCC[n+]1ccn(CCC#N)c1.O=S(=O)([O-])c1ccccc1
5.564731121063232|3.9967305660247803|410.3720397949219|0.007320971401329817|2032.7691645240811|0.0|3.0|1.0|InChI=1S/C8H15N2.C7H6O3/c1-3-4-5-10-7-6-9(2)8-10;8-6-4-2-1-3-5(6)7(9)10/h6-8H,3-5H2,1-2H3;1-4,8H,(H,9,10)/q+1;/p-1|CCCCn1cc[n+](C)c1.O=C(O)c1ccccc1[O-]
5.043178081512451|3.7464849948883057|181.45196533203125|0.0|0.0|0.0|0.0|0.0|InChI=1S/C7F16/c8-1(9,2(10,11)4(14,15)6(18,19)20)3(12,13)5(16,17)7(21,22)23|FC(F)(F)C(F)(F)C(F)(F)C(F)(F)C(F)(F)C(F)(F)C(F)(F)F
6.498997211456299|3.9909346103668213|346.6798095703125|0.002499987140015694|2525.057491485386|0.0|2.0|0.0|InChI=1S/C14H24N3.BrH/c1-2-3-4-5-6-7-10-16-12-13-17(14-16)11-8-9-15;/h12-14H,2-8,10-11H2,1H3;1H/q+1;/p-1|CCCCCCCC[n+]1ccn(CCC#N)c1.[Br-]
4.471096515655518|4.0024309158325195|277.3474426269531|0.0|0.0|0.0|0.0|0.0|InChI=1S/C12H24/c1-2-3-4-6-9-12-10-7-5-8-11-12/h12H,2-11H2,1H3|CCCCCCC1CCCCC1
2.2946391105651855|4.5|50.0|0.05968447560902572|2381.7733660447093|0.0|3.0|3.0|InChI=1S/C6H17N3/c7-3-1-5-9-6-2-4-8/h9H,1-8H2|NCCCNCCCN
5.834033012390137|4.360133171081543|238.62100219726562|0.0038945342906452664|3226.2214319147297|0.0|1.0|1.0|InChI=1S/C12HF23O2/c13-2(14,1(36)37)3(15,16)4(17,18)5(19,20)6(21,22)7(23,24)8(25,26)9(27,28)10(29,30)11(31,32)12(33,34)35/h(H,36,37)|O=C(O)C(F)(F)C(F)(F)C(F)(F)C(F)(F)C(F)(F)C(F)(F)C(F)(F)C(F)(F)C(F)(F)C(F)(F)C(F)(F)F
2.525580406188965|3.6593995094299316|309.5154113769531|0.10610290436134606|1934.9138126965108|0.0|2.0|0.0|InChI=1S/C2H6S2/c1-3-4-2/h1-2H3|CSSC
6.1905198097229|3.5224955081939697|271.5055847167969|0.09660209469674506|3462.827491242989|0.0|2.0|2.0|InChI=1S/C8H16O2.C3H4N2/c1-2-3-4-5-6-7-8(9)10;1-2-5-3-4-1/h2-7H2,1H3,(H,9,10);1-3H,(H,4,5)|CCCCCCCC(=O)O.c1c[nH]cn1
5.122152328491211|3.6520254611968994|288.81903076171875|0.0006354079785867106|2749.1896032117374|0.0|2.0|0.0|InChI=1S/C11H12O2/c1-9(2)11(12)13-8-10-6-4-3-5-7-10/h3-7H,1,8H2,2H3|C=C(C)C(=O)OCc1ccccc1
4.822281837463379|4.478828430175781|407.2247619628906|0.00022712793462076886|3517.0348520761154|0.0|5.0|1.0|InChI=1S/C7H18NO.C2F6NO4S2/c1-4-8(2,3)6-5-7-9;3-1(4,5)14(10,11)9-15(12,13)2(6,7)8/h9H,4-7H2,1-3H3;/q+1;-1|CC[N+](C)(C)CCCO.O=S(=O)([N-]S(=O)(=O)C(F)(F)F)C(F)(F)F
9.550662994384766|3.957068681716919|247.17269897460938|0.18786042538298642|1631.882641765376|0.0|1.0|0.0|InChI=1S/C24H51N/c1-4-7-10-13-16-19-22-25(23-20-17-14-11-8-5-2)24-21-18-15-12-9-6-3/h4-24H2,1-3H3|CCCCCCCCN(CCCCCCCC)CCCCCCCC
3.8211119174957275|3.8208656311035156|335.7184753417969|9.677518866165603e-05|234.6353885844266|0.0|3.0|2.0|InChI=1S/C3H9N.H2O4S/c1-4(2)3;1-5(2,3)4/h1-3H3;(H2,1,2,3,4)|CN(C)C.O=S(=O)(O)O
9.830730438232422|4.01212739944458|375.26654052734375|9.90586773078702e-05|3215.2749908210226|0.0|2.0|0.0|InChI=1S/C18H32N4.2BF4/c1-19-13-15-21(17-19)11-9-7-5-3-4-6-8-10-12-22-16-14-20(2)18-22;2*2-1(3,4)5/h13-18H,3-12H2,1-2H3;;/q+2;2*-1|C[n+]1ccn(CCCCCCCCCCn2cc[n+](C)c2)c1.F[B-](F)(F)F.F[B-](F)(F)F
5.444788932800293|3.3926050662994385|193.11094665527344|0.00015532624402876127|2923.279765097918|0.0|1.0|0.0|InChI=1S/C6H4F10O/c7-2(5(12,13)14)6(15,16)17-1-4(10,11)3(8)9/h2-3H,1H2|FC(F)C(F)(F)COC(F)(F)C(F)C(F)(F)F
2.6400673389434814|3.5805556774139404|274.68475341796875|0.0|0.0|0.0|0.0|0.0|InChI=1S/C6H5F/c7-6-4-2-1-3-5-6/h1-5H|Fc1ccccc1
3.234215021133423|3.137895107269287|230.76467895507812|0.019370458141354237|1933.7457155297643|0.0|2.0|0.0|InChI=1S/C3H6O2/c1-3(4)5-2/h1-2H3|COC(C)=O
7.309494972229004|3.8339905738830566|268.176025390625|0.015714014702624977|2437.862145663232|0.0|3.0|0.0|InChI=1S/C10H24P.C4H4N3O2/c1-5-9-10-11(6-2,7-3)8-4;1-3-5-2-4(6-3)7(8)9/h5-10H2,1-4H3;2H,1H3/q+1;-1|CCCC[P+](CC)(CC)CC.Cc1ncc([N+](=O)[O-])[n-]1
2.8873908519744873|3.5270836353302|262.5419006347656|0.0|0.0|0.0|0.0|0.0|InChI=1S/C6H4F2/c7-5-3-1-2-4-6(5)8/h1-4H|Fc1ccccc1F
4.575228214263916|4.285281181335449|376.0840148925781|0.16557092208825544|2293.1080481737927|0.0|1.0|0.0|InChI=1S/C9H14N.4O.Re/c1-2-3-7-10-8-5-4-6-9-10;;;;;/h4-6,8-9H,2-3,7H2,1H3;;;;;/q+1;;;;-1;|CCCC[n+]1ccccc1.[O-].[O].[O].[O].[Re]
8.443889617919922|3.8301312923431396|256.8980712890625|0.005148739464391676|2979.461535119349|0.0|3.0|0.0|InChI=1S/C14H32P.C4H4N3O2/c1-5-9-10-11-12-13-14-15(6-2,7-3)8-4;1-3-5-2-4(6-3)7(8)9/h5-14H2,1-4H3;2H,1H3/q+1;-1|CCCCCCCC[P+](CC)(CC)CC.Cc1ncc([N+](=O)[O-])[n-]1
8.146615028381348|3.7565741539001465|249.2560577392578|0.002858778929608972|3615.3396098486533|0.0|2.0|0.0|InChI=1S/C17H34O2/c1-3-4-5-6-7-8-9-10-11-12-13-14-15-16-17(18)19-2/h3-16H2,1-2H3|CCCCCCCCCCCCCCCC(=O)OC
4.769617080688477|4.5|545.17626953125|0.0006713712033520571|3311.0656700304194|0.0|5.0|0.0|InChI=1S/C7H11N2.C2F6NO4S2/c1-3-4-9-6-5-8(2)7-9;3-1(4,5)14(10,11)9-15(12,13)2(6,7)8/h3,5-7H,1,4H2,2H3;/q+1;-1|C=CCn1cc[n+](C)c1.O=S(=O)([N-]S(=O)(=O)C(F)(F)F)C(F)(F)F
4.762027263641357|4.295261383056641|303.55987548828125|0.0021889565479397918|3946.9510446608783|0.0|1.0|1.0|InChI=1S/C14H28O2/c1-2-3-4-5-6-7-8-9-10-11-12-13-14(15)16/h2-13H2,1H3,(H,15,16)|CCCCCCCCCCCCCC(=O)O
8.958385467529297|3.748929262161255|304.53839111328125|0.000972242519899171|2120.5263438387196|0.0|7.0|3.0|InChI=1S/C10H24NO3.C2F6NO4S2/c1-2-3-4-11(5-8-12,6-9-13)7-10-14;3-1(4,5)14(10,11)9-15(12,13)2(6,7)8/h12-14H,2-10H2,1H3;/q+1;-1|CCCC[N+](CCO)(CCO)CCO.O=S(=O)([N-]S(=O)(=O)C(F)(F)F)C(F)(F)F
7.433476448059082|3.8273143768310547|266.3719177246094|0.008394651037685281|2237.557076251318|0.0|2.0|0.0|InChI=1S/C13H25N2.C3H3N2/c1-2-3-9-14-11-7-12-15-10-6-4-5-8-13(14)15;1-2-5-3-4-1/h2-12H2,1H3;1-3H/q+1;-1|CCCC[N+]1=C2CCCCCN2CCC1.c1c[n-]cn1
4.167687892913818|3.46254563331604|245.90220642089844|0.016781710710170223|2180.594369299229|0.0|2.0|0.0|InChI=1S/C6H10O2/c1-3-5-6(7)8-4-2/h4H,2-3,5H2,1H3|C=COC(=O)CCC
3.3995864391326904|3.428206443786621|235.12567138671875|0.0002711370803931983|1537.1991880869778|0.0|1.0|0.0|InChI=1S/C5H10O/c1-4-6-5(2)3/h2,4H2,1,3H3|C=C(C)OCC
5.275743007659912|4.000230312347412|339.2121276855469|0.0010528991845208714|1595.9126918685647|0.0|1.0|0.0|InChI=1S/C9H17N2.F6P/c1-3-4-5-6-11-8-7-10(2)9-11;1-7(2,3,4,5)6/h7-9H,3-6H2,1-2H3;/q+1;-1|CCCCCn1cc[n+](C)c1.F[P-](F)(F)(F)(F)F
17.879018783569336|4.024348735809326|287.9617614746094|3.1781394333316156e-05|5000.0|0.0|1.0|0.0|InChI=1S/C36H75N/c1-4-7-10-13-16-19-22-25-28-31-34-37(35-32-29-26-23-20-17-14-11-8-5-2)36-33-30-27-24-21-18-15-12-9-6-3/h4-36H2,1-3H3|CCCCCCCCCCCCN(CCCCCCCCCCCC)CCCCCCCCCCCC
7.064970016479492|3.7890636920928955|355.6458435058594|0.0008176337202636323|2959.222210821206|0.0|4.0|2.0|InChI=1S/C12H23N2.C3H7NO3/c1-3-4-5-6-7-8-9-14-11-10-13(2)12-14;4-2(1-5)3(6)7/h10-12H,3-9H2,1-2H3;2,5H,1,4H2,(H,6,7)/q+1;/p-1/t;2-/m.0/s1|CCCCCCCCn1cc[n+](C)c1.N[C@@H](CO)C(=O)[O-]
5.742774486541748|3.9004383087158203|280.9302673339844|0.033050871866378284|1310.6499501327185|0.0|3.0|2.0|InChI=1S/C7H6O3.C6H15N/c8-6-4-2-1-3-5(6)7(9)10;1-4-7(5-2)6-3/h1-4,8H,(H,9,10);4-6H2,1-3H3|CCN(CC)CC.O=C(O)c1ccccc1O
5.464061260223389|3.8389105796813965|247.7063446044922|0.0|0.0|0.0|0.0|0.0|InChI=1S/C12H26/c1-3-5-7-9-11-12-10-8-6-4-2/h3-12H2,1-2H3|CCCCCCCCCCCC
6.666836261749268|4.462113380432129|381.2902526855469|0.00029652538092259095|3030.1318403182368|0.0|4.0|0.0|InChI=1S/C13H30N.C2F6NO4S2/c1-5-9-10-11-12-13-14(6-2,7-3)8-4;3-1(4,5)14(10,11)9-15(12,13)2(6,7)8/h5-13H2,1-4H3;/q+1;-1|CCCCCCC[N+](CC)(CC)CC.O=S(=O)([N-]S(=O)(=O)C(F)(F)F)C(F)(F)F
6.112813472747803|3.887576103210449|290.1211853027344|0.0425997263984957|2319.420930440767|0.0|2.0|2.0|InChI=1S/C8H16O2.C5H13N3/c1-2-3-4-5-6-7-8(9)10;1-7(2)5(6)8(3)4/h2-7H2,1H3,(H,9,10);6H,1-4H3|CCCCCCCC(=O)O.CN(C)C(=N)N(C)C
7.358959674835205|4.131836414337158|295.7748718261719|0.00021757025257839415|4619.420504130367|0.0|1.0|0.0|InChI=1S/C8H15N2.C6F18P/c1-3-4-5-10-7-6-9(2)8-10;7-1(8,9)4(16,17)25(22,23,24,5(18,19)2(10,11)12)6(20,21)3(13,14)15/h6-8H,3-5H2,1-2H3;/q+1;-1|CCCCn1cc[n+](C)c1.FC(F)(F)C(F)(F)[P-](F)(F)(F)(C(F)(F)C(F)(F)F)C(F)(F)C(F)(F)F
4.635279655456543|3.290177345275879|290.4737548828125|0.22976498161180034|1003.0333087066998|0.0|2.0|1.0|InChI=1S/C8H8O3/c1-11-7-5-3-2-4-6(7)8(9)10/h2-5H,1H3,(H,9,10)|COc1ccccc1C(=O)O
4.692717552185059|3.845633029937744|339.6199035644531|0.0|0.0|0.0|0.0|0.0|InChI=1S/C16H12/c1-2-7-13(8-3-1)16-12-6-10-14-9-4-5-11-15(14)16/h1-12H|c1ccc(-c2cccc3ccccc23)cc1
3.459202766418457|3.6101202964782715|309.3868103027344|0.03841365663470632|1636.5972327647867|0.0|1.0|0.0|InChI=1S/C8H7N/c1-7-4-2-3-5-8(7)6-9/h2-5H,1H3|Cc1ccccc1C#N
6.413290977478027|3.527115821838379|226.48501586914062|7.528831561703292e-05|1211.9278952236186|0.0|5.0|0.0|InChI=1S/C5H20O5Si5/c1-11-6-12(2)8-14(4)10-15(5)9-13(3)7-11/h11-15H,1-5H3|C[SiH]1O[SiH](C)O[SiH](C)O[SiH](C)O[SiH](C)O1
7.227095603942871|3.501293659210205|243.876953125|0.21768052503147864|4051.4943021262684|0.0|5.0|0.0|InChI=1S/C10H22O5/c1-11-3-5-13-7-9-15-10-8-14-6-4-12-2/h3-10H2,1-2H3|COCCOCCOCCOCCOC
7.825898170471191|3.8288662433624268|229.17489624023438|5.8237153311962665e-06|5000.0|0.0|1.0|1.0|InChI=1S/C16H36N.CH2O3/c1-5-9-13-17(14-10-6-2,15-11-7-3)16-12-8-4;2-1(3)4/h5-16H2,1-4H3;(H2,2,3,4)/q+1;/p-1|CCCC[N+](CCCC)(CCCC)CCCC.O=C([O-])O
4.691651821136475|4.1227216720581055|453.5050964355469|0.10552124999872352|1503.1322222370768|0.0|5.0|0.0|InChI=1S/C5H9N2.C2H7O4P/c1-6-3-4-7(2)5-6;1-5-7(3,4)6-2/h3-5H,1-2H3;1-2H3,(H,3,4)/q+1;/p-1|COP(=O)([O-])OC.Cn1cc[n+](C)c1
4.842594623565674|4.14177131652832|437.265625|0.013396563831531606|1976.4227344052251|0.0|5.0|0.0|InChI=1S/C6H11N2.C2H7O4P/c1-3-8-5-4-7(2)6-8;1-5-7(3,4)6-2/h4-6H,3H2,1-2H3;1-2H3,(H,3,4)/q+1;/p-1|CCn1cc[n+](C)c1.COP(=O)([O-])OC
5.044217109680176|4.176223278045654|361.6554870605469|0.008387556965832219|1542.9636125138381|0.0|4.0|0.0|InChI=1S/C8H18N.F2NO4S2/c1-3-6-9(2)7-4-5-8-9;1-8(4,5)3-9(2,6)7/h3-8H2,1-2H3;/q+1;-1|CCC[N+]1(C)CCCC1.O=S(=O)(F)[N-]S(=O)(=O)F
5.985538482666016|4.06119441986084|364.56268310546875|0.006350941130197995|1879.821083093779|0.0|2.0|0.0|InChI=1S/C12H20N3.BrH/c1-2-3-4-5-8-14-10-11-15(12-14)9-6-7-13;/h10-12H,2-6,8-9H2,1H3;1H/q+1;/p-1|CCCCCC[n+]1ccn(CCC#N)c1.[Br-]
4.7898993492126465|4.236092567443848|431.72857666015625|0.016531513690932816|1920.8703315605842|0.0|4.0|2.0|InChI=1S/C7H13N2.C4H9NO3/c1-3-4-9-6-5-8(2)7-9;1-2(6)3(5)4(7)8/h5-7H,3-4H2,1-2H3;2-3,6H,5H2,1H3,(H,7,8)/q+1;/p-1/t;2-,3+/m.1/s1|CCCn1cc[n+](C)c1.C[C@@H](O)[C@H](N)C(=O)[O-]
4.0007123947143555|3.259046792984009|189.4794464111328|0.0|0.0|0.0|0.0|0.0|InChI=1S/C4H5F5/c1-3(5,6)2-4(7,8)9/h2H2,1H3|CC(F)(F)CC(F)(F)F
4.920112609863281|3.272754669189453|243.8865966796875|0.00010404785545041632|2090.2491672443184|0.0|2.0|1.0|InChI=1S/C6H14O2/c1-2-3-5-8-6-4-7/h7H,2-6H2,1H3|CCCCOCCO
5.648277282714844|3.9567904472351074|326.4734802246094|0.024862245848909434|1447.9274873992415|0.0|1.0|0.0|InChI=1S/C11H21N2.F6P/c1-3-4-5-6-7-8-13-10-9-12(2)11-13;1-7(2,3,4,5)6/h9-11H,3-8H2,1-2H3;/q+1;-1|CCCCCCCn1cc[n+](C)c1.F[P-](F)(F)(F)(F)F
7.682204246520996|3.5120978355407715|249.03773498535156|0.013401676137751018|2605.0471715998115|0.0|4.0|0.0|InChI=1S/C12H20O4/c1-3-5-9-15-11(13)7-8-12(14)16-10-6-4-2/h7-8H,3-6,9-10H2,1-2H3/b8-7-|CCCCOC(=O)/C=C\C(=O)OCCCC
4.775615692138672|4.075981616973877|458.4485778808594|0.00018501122801192136|3691.4609322104784|0.0|5.0|2.0|InChI=1S/C8H15N2.H3O4P/c1-3-4-5-10-7-6-9(2)8-10;1-5(2,3)4/h6-8H,3-5H2,1-2H3;(H3,1,2,3,4)/q+1;/p-1|CCCCn1cc[n+](C)c1.O=P([O-])(O)O
3.4656107425689697|3.6099441051483154|239.19354248046875|0.0016400500487495054|2498.798888930452|0.0|1.0|0.0|InChI=1S/C6H12O/c1-3-5-6-7-4-2/h4H,2-3,5-6H2,1H3|C=COCCCC
2.474660634994507|3.7167654037475586|246.6212615966797|0.0|0.0|0.0|0.0|0.0|InChI=1S/C5H8/c1-4-5(2)3/h4H,1-2H2,3H3|C=CC(=C)C
15.715847969055176|4.5|291.017333984375|0.000750195616884159|5000.0|0.0|1.0|0.0|InChI=1S/C32H68P.C10H20O2/c1-5-9-13-17-18-19-20-21-22-23-24-28-32-33(29-25-14-10-6-2,30-26-15-11-7-3)31-27-16-12-8-4;1-2-3-4-5-6-7-8-9-10(11)12/h5-32H2,1-4H3;2-9H2,1H3,(H,11,12)/q+1;/p-1|CCCCCCCCCC(=O)[O-].CCCCCCCCCCCCCC[P+](CCCCCC)(CCCCCC)CCCCCC
7.00045919418335|4.143729209899902|323.60821533203125|0.00025748111569529487|4595.605989519581|0.0|5.0|0.0|InChI=1S/C8H15N2.C4BF8O4/c1-3-4-5-10-7-6-9(2)8-10;6-3(7,8)1(14)16-5(12,13)17-2(15)4(9,10)11/h6-8H,3-5H2,1-2H3;/q+1;-1|CCCCn1cc[n+](C)c1.O=C(O[B-](F)(F)OC(=O)C(F)(F)F)C(F)(F)F
5.20706844329834|3.2083795070648193|251.41285705566406|0.021535675222654153|1618.3860512151855|0.0|4.0|0.0|InChI=1S/C6H10O4/c1-9-5(7)3-4-6(8)10-2/h3-4H2,1-2H3|COC(=O)CCC(=O)OC
3.6491587162017822|3.702622652053833|246.80282592773438|0.0026914894125524684|1946.9585628705013|0.0|1.0|0.0|InChI=1S/C7H14O/c1-5(2)7(8)6(3)4/h5-6H,1-4H3|CC(C)C(=O)C(C)C
3.414217472076416|3.9772868156433105|306.0537109375|0.0019604145088204647|2896.0643305123463|0.0|1.0|0.0|InChI=1S/C10H16O/c1-9(2)7-4-5-10(3,6-7)8(9)11/h7H,4-6H2,1-3H3/t7-,10+/m0/s1|CC1(C)C(=O)[C@]2(C)CC[C@H]1C2
5.64413595199585|3.853527545928955|328.22332763671875|0.0008524638741014477|2384.167373395543|0.0|1.0|0.0|InChI=1S/C10H19N2.BF4/c1-3-4-5-6-7-12-9-8-11(2)10-12;2-1(3,4)5/h8-10H,3-7H2,1-2H3;/q+1;-1|CCCCCCn1cc[n+](C)c1.F[B-](F)(F)F
7.385588645935059|3.855299472808838|257.18408203125|0.00023713684983292833|2044.5866744863713|0.0|2.0|0.0|InChI=1S/C16H30O2/c1-3-4-5-6-7-8-9-10-11-12-13-14-15-16(17)18-2/h6-7H,3-5,8-15H2,1-2H3/b7-6-|CCCC/C=C\CCCCCCCCC(=O)OC
3.3480329513549805|4.079790115356445|461.3628234863281|0.03823160186443952|2445.806035279684|0.0|1.0|0.0|InChI=1S/C6H11N2.ClH/c1-3-8-5-4-7(2)6-8;/h4-6H,3H2,1-2H3;1H/q+1;/p-1|CCn1cc[n+](C)c1.[Cl-]
3.7736096382141113|3.617826461791992|318.96112060546875|0.08705248820020547|2137.4453499469214|0.0|1.0|0.0|InChI=1S/C7H7BrO/c1-9-7-4-2-3-6(8)5-7/h2-5H,1H3|COc1cccc(Br)c1
2.9797561168670654|3.0676488876342773|179.62277221679688|0.0|0.0|0.0|0.0|0.0|InChI=1S/C2H2F4/c3-1(4)2(5)6/h1-2H|FC(F)C(F)F
4.118797779083252|3.441554546356201|227.10818481445312|0.004374690589447898|2530.3000037960674|0.0|2.0|0.0|InChI=1S/C6H12O2/c1-4-5(2)8-6(3)7/h5H,4H2,1-3H3|CCC(C)OC(C)=O
4.58856201171875|3.5423941612243652|285.6708068847656|0.021328230020223354|2068.832483170279|0.0|1.0|0.0|InChI=1S/C7H10N.CH2O2/c1-7-5-3-4-6-8(7)2;2-1-3/h3-6H,1-2H3;1H,(H,2,3)/q+1;/p-1|Cc1cccc[n+]1C.O=C[O-]
4.742514610290527|3.7748801708221436|245.91322326660156|0.0008604847263265797|814.1516886404644|0.0|2.0|0.0|InChI=1S/C9H20O2/c1-3-5-7-10-9-11-8-6-4-2/h3-9H2,1-2H3|CCCCOCOCCCC
6.348384857177734|3.358705997467041|231.22018432617188|0.005529608421662252|2900.2216646317693|0.0|1.0|1.0|InChI=1S/C10H20O/c1-9(2)5-4-6-10(3)7-8-11/h5,10-11H,4,6-8H2,1-3H3/t10-/m0/s1|CC(C)=CCC[C@H](C)CCO
4.2167463302612305|3.5468554496765137|311.4812927246094|0.22735410737371248|1244.4245129725132|0.0|2.0|0.0|InChI=1S/C9H8N2/c1-2-5-9(6-3-1)11-8-4-7-10-11/h1-8H|c1ccc(-n2cccn2)cc1
3.0584442615509033|3.75563907623291|358.4514465332031|0.013213969829801034|3329.597954869685|0.0|2.0|0.0|InChI=1S/C6H10O2/c1-2-5-3-4-6(7)8-5/h5H,2-4H2,1H3|CCC1CCC(=O)O1
2.3954544067382812|3.404543876647949|315.0157775878906|0.0|0.0|0.0|0.0|0.0|InChI=1S/CH2Br2/c2-1-3/h1H2|BrCBr
4.2686052322387695|4.071989059448242|452.910400390625|0.08983329476337178|2830.149688660685|0.0|3.0|1.0|InChI=1S/C7H14N3.C3H3N2/c1-9-5-6-10(7-9)4-2-3-8;1-2-5-3-4-1/h5-7H,2-4,8H2,1H3;1-3H/q+1;-1|C[n+]1ccn(CCCN)c1.c1c[n-]cn1
3.076550006866455|3.054490566253662|165.65130615234375|0.0|0.0|0.0|0.0|0.0|InChI=1S/C2H2F4/c3-1-2(4,5)6/h1H2|FCC(F)(F)F
3.381190299987793|3.6582541465759277|253.53427124023438|0.011885930537350847|1428.0288968851864|0.0|2.0|1.0|InChI=1S/C4H12N2/c1-6(2)4-3-5/h3-5H2,1-2H3|CN(C)CCN
6.1512041091918945|3.8749587535858154|337.8612976074219|0.09503090419541928|1688.0517610737004|0.0|2.0|0.0|InChI=1S/C10H19N2.C2HF3O2/c1-3-4-5-6-7-12-9-8-11(2)10-12;3-2(4,5)1(6)7/h8-10H,3-7H2,1-2H3;(H,6,7)/q+1;/p-1|CCCCCCn1cc[n+](C)c1.O=C([O-])C(F)(F)F
2.880089521408081|3.7001395225524902|317.6746520996094|0.0|0.0|0.0|0.0|0.0|InChI=1S/C6H4FI/c7-5-2-1-3-6(8)4-5/h1-4H|Fc1cccc(I)c1
5.097589015960693|3.3088247776031494|254.31271362304688|0.009482076145143011|1087.9541755422526|0.0|2.0|2.0|InChI=1S/C6H16N2/c7-5-3-1-2-4-6-8/h1-8H2|NCCCCCCN
5.5096845626831055|4.021612644195557|402.1170349121094|0.1948380905897615|1644.488482285045|0.0|3.0|0.0|InChI=1S/C11H13N2.C2N3/c1-12-7-8-13(10-12)9-11-5-3-2-4-6-11;3-1-5-2-4/h2-8,10H,9H2,1H3;/q+1;-1|C[n+]1ccn(Cc2ccccc2)c1.N#C[N-]C#N
4.066412448883057|3.4893171787261963|331.936767578125|0.0009477574490040399|325.8433281240526|0.0|2.0|1.0|InChI=1S/C5H9NO.C2H4O2/c1-6-4-2-3-5(6)7;1-2(3)4/h2-4H2,1H3;1H3,(H,3,4)|CC(=O)O.CN1CCCC1=O
4.691901683807373|4.128344535827637|430.5517272949219|0.0053493680415342155|2207.112074108529|0.0|2.0|0.0|InChI=1S/C10H16N3.ClH/c1-2-3-6-12-8-9-13(10-12)7-4-5-11;/h8-10H,2-4,6-7H2,1H3;1H/q+1;/p-1|CCCC[n+]1ccn(CCC#N)c1.[Cl-]
2.082597255706787|4.413239002227783|378.5081787109375|0.07046707118079608|1956.2861519408902|0.0|1.0|1.0|InChI=1S/C6H12O/c1-2-3-4-5-6-7/h3-4,7H,2,5-6H2,1H3/b4-3-|CC/C=C\CCO
3.5279459953308105|3.2495386600494385|240.33680725097656|0.2285668272182952|1616.2533765760718|0.0|2.0|1.0|InChI=1S/C3H9NO/c1-5-3-2-4/h2-4H2,1H3|COCCN
2.4034500122070312|4.426337718963623|442.2405090332031|0.0005287639438842415|383.3376248098966|0.0|3.0|3.0|InChI=1S/C2H7NO.C2H4O2/c3-1-2-4;1-2(3)4/h4H,1-3H2;1H3,(H,3,4)|CC(=O)O.NCCO
1.7922099828720093|4.244711399078369|416.14111328125|0.0003016531905279863|2415.4523053872285|0.0|2.0|2.0|InChI=1S/C3H7NO2/c1-2-6-3(4)5/h2H2,1H3,(H2,4,5)|CCOC(=N)O
6.269579887390137|3.8295023441314697|378.74676513671875|0.05391988267741052|2257.7524338722374|0.0|4.0|0.0|InChI=1S/C10H19N2.CHN4/c1-3-4-5-6-7-12-9-8-11(2)10-12;1-2-4-5-3-1/h8-10H,3-7H2,1-2H3;1H/q+1;-1|CCCCCCn1cc[n+](C)c1.c1nn[n-]n1
3.5292019844055176|3.7159104347229004|263.3396301269531|0.0|0.0|0.0|0.0|0.0|InChI=1S/C6H13Cl/c1-2-3-4-5-6-7/h2-6H2,1H3|CCCCCCCl
4.696922302246094|3.5503416061401367|269.994384765625|0.0006433514952532297|2774.81609714827|0.0|1.0|0.0|InChI=1S/C10H15N/c1-3-11(4-2)10-8-6-5-7-9-10/h5-9H,3-4H2,1-2H3|CCN(CC)c1ccccc1
15.67480182647705|4.097391605377197|250.2489776611328|2.986837672184042e-06|5000.0|0.0|8.0|0.0|InChI=1S/C33H60O8/c1-5-9-13-17-21-29(34)38-25-33(26-39-30(35)22-18-14-10-6-2,27-40-31(36)23-19-15-11-7-3)28-41-32(37)24-20-16-12-8-4/h5-28H2,1-4H3|CCCCCCC(=O)OCC(COC(=O)CCCCCC)(COC(=O)CCCCCC)COC(=O)CCCCCC
7.727389335632324|3.5945167541503906|232.02828979492188|7.596863233500173e-05|3695.1936686971903|0.0|4.0|0.0|InChI=1S/C14H26O4/c1-3-17-13(15)11-9-7-5-6-8-10-12-14(16)18-4-2/h3-12H2,1-2H3|CCOC(=O)CCCCCCCCC(=O)OCC
4.288455009460449|3.4179129600524902|289.4932556152344|0.0002663257334438389|3558.43307614365|0.0|1.0|0.0|InChI=1S/C8H8O/c9-7-6-8-4-2-1-3-5-8/h1-5,7H,6H2|O=CCc1ccccc1
6.349430561065674|3.7246603965759277|271.6507873535156|0.004016695977279719|2171.2852910714723|0.0|2.0|0.0|InChI=1S/C15H22O2/c1-3-5-9-13(4-2)12-17-15(16)14-10-7-6-8-11-14/h6-8,10-11,13H,3-5,9,12H2,1-2H3|CCCCC(CC)COC(=O)c1ccccc1
4.382754802703857|3.5391199588775635|238.50929260253906|0.001070727166068114|1484.8639017420373|0.0|2.0|0.0|InChI=1S/C7H14O2/c1-6(2)4-5-9-7(3)8/h6H,4-5H2,1-3H3|CC(=O)OCCC(C)C
2.994004487991333|3.7324352264404297|237.41000366210938|0.0|0.0|0.0|0.0|0.0|InChI=1S/C6H12/c1-3-5-6-4-2/h3H,1,4-6H2,2H3|C=CCCCC
4.400856971740723|3.9899189472198486|363.866943359375|0.0022588657422936533|1117.0940603742827|0.0|1.0|0.0|InChI=1S/C7H13N2.F6P/c1-3-4-9-6-5-8(2)7-9;1-7(2,3,4,5)6/h5-7H,3-4H2,1-2H3;/q+1;-1|CCCn1cc[n+](C)c1.F[P-](F)(F)(F)(F)F
4.02024507522583|3.8015010356903076|248.6953125|0.0005262453929594384|2379.593381377829|0.0|2.0|0.0|InChI=1S/C7H16O2/c1-4-8-6-9-5-7(2)3/h7H,4-6H2,1-3H3|CCOCOCC(C)C
8.535959243774414|4.283026218414307|206.01385498046875|9.279794454227709e-05|2271.091074404296|0.0|5.0|0.0|InChI=1S/C14H42O5Si6/c1-20(2,3)15-22(7,8)17-24(11,12)19-25(13,14)18-23(9,10)16-21(4,5)6/h1-14H3|C[Si](C)(C)O[Si](C)(C)O[Si](C)(C)O[Si](C)(C)O[Si](C)(C)O[Si](C)(C)C
4.451766490936279|3.9105381965637207|368.4688415527344|0.0|0.0|0.0|0.0|0.0|InChI=1S/C16H12/c1-2-6-13(7-3-1)16-11-10-14-8-4-5-9-15(14)12-16/h1-12H|c1ccc(-c2ccc3ccccc3c2)cc1
5.030200958251953|4.419072151184082|402.7424011230469|0.0002802788656271523|2979.654549488284|0.0|5.0|0.0|InChI=1S/C7H13N2.C2F6NO4S2/c1-9(7-4-8)5-2-3-6-9;3-1(4,5)14(10,11)9-15(12,13)2(6,7)8/h2-3,5-7H2,1H3;/q+1;-1|C[N+]1(CC#N)CCCC1.O=S(=O)([N-]S(=O)(=O)C(F)(F)F)C(F)(F)F
5.0649943351745605|3.696232795715332|260.27728271484375|0.0|0.0|0.0|0.0|0.0|InChI=1S/C9H19Br/c1-2-3-4-5-6-7-8-9-10/h2-9H2,1H3|CCCCCCCCCBr
4.392203330993652|3.8107316493988037|247.57688903808594|0.008943260597782134|1312.8996572778776|0.0|2.0|0.0|InChI=1S/C9H18O2/c1-7(2)5-6-11-9(10)8(3)4/h7-8H,5-6H2,1-4H3|CC(C)CCOC(=O)C(C)C
7.383672714233398|4.212026596069336|355.6463623046875|0.0001465224072266884|2742.1594766241665|0.0|4.0|0.0|InChI=1S/C13H22N.C2F6NO4S2/c1-4-5-6-7-9-14-10-8-12(2)11-13(14)3;3-1(4,5)14(10,11)9-15(12,13)2(6,7)8/h8,10-11H,4-7,9H2,1-3H3;/q+1;-1|CCCCCC[n+]1ccc(C)cc1C.O=S(=O)([N-]S(=O)(=O)C(F)(F)F)C(F)(F)F
7.568202018737793|4.108150482177734|294.2967224121094|0.009592792222073706|2374.1912462351197|0.0|1.0|0.0|InChI=1S/C19H37N2.BrH/c1-3-5-7-8-9-10-11-12-13-14-16-21-18-17-20(19-21)15-6-4-2;/h17-19H,3-16H2,1-2H3;1H/q+1;/p-1|CCCCCCCCCCCCn1cc[n+](CCCC)c1.[Br-]
1.3799983263015747|4.4864583015441895|384.9277038574219|0.0055742537314793115|2036.776012810944|0.0|2.0|2.0|InChI=1S/C3H9NO/c1-3(5)2-4/h3,5H,2,4H2,1H3|CC(O)CN
2.727569818496704|3.593559980392456|295.54400634765625|0.10258923287266392|2291.2507111364266|0.0|1.0|0.0|InChI=1S/C5H6S/c1-5-2-3-6-4-5/h2-4H,1H3|Cc1ccsc1
6.483434677124023|3.639014959335327|250.3962860107422|0.0|0.0|0.0|0.0|0.0|InChI=1S/C11H23Br/c1-2-3-4-5-6-7-8-9-10-11-12/h2-11H2,1H3|CCCCCCCCCCCBr
6.9643754959106445|4.304876327514648|463.1880187988281|0.0023328344530363756|3128.933806775042|0.0|5.0|0.0|InChI=1S/C12H23N2.C2F6NO4S2/c1-3-4-5-6-7-8-9-14-11-10-13(2)12-14;3-1(4,5)14(10,11)9-15(12,13)2(6,7)8/h10-12H,3-9H2,1-2H3;/q+1;-1|CCCCCCCCn1cc[n+](C)c1.O=S(=O)([N-]S(=O)(=O)C(F)(F)F)C(F)(F)F
8.322551727294922|3.961043119430542|263.4213562011719|0.0010736460713803289|3540.859901236711|0.0|1.0|1.0|InChI=1S/C20H42O/c1-2-3-4-5-6-7-8-9-10-11-12-13-14-15-16-17-18-19-20-21/h21H,2-20H2,1H3|CCCCCCCCCCCCCCCCCCCCO
12.165265083312988|3.2902283668518066|228.3966827392578|0.0001066521460601818|3260.5161234218376|0.0|1.0|1.0|InChI=1S/C18H34O2/c1-2-3-4-5-6-7-8-9-10-11-12-13-14-15-16-17-18(19)20/h9-10H,2-8,11-17H2,1H3,(H,19,20)/b10-9-|CCCCCCCC/C=C\CCCCCCCC(=O)O
4.122689247131348|3.455784797668457|270.7391052246094|0.9|329.71441276888635|0.0|1.0|1.0|InChI=1S/C8H11N/c9-7-6-8-4-2-1-3-5-8/h1-5H,6-7,9H2|NCCc1ccccc1
5.038382053375244|4.016477584838867|421.41070556640625|0.0001501362411243649|3844.073299729634|0.0|5.0|0.0|InChI=1S/C6H11N2.C2BF2O4/c1-3-8-5-4-7(2)6-8;4-3(5)8-1(6)2(7)9-3/h4-6H,3H2,1-2H3;/q+1;-1|CCn1cc[n+](C)c1.O=C1O[B-](F)(F)OC1=O
1.8080713748931885|4.480186462402344|416.7430725097656|0.006350745887310249|2077.982919747369|0.0|1.0|1.0|InChI=1S/C7H9N/c8-6-7-4-2-1-3-5-7/h1-5H,6,8H2|NCc1ccccc1
7.17047119140625|4.400542736053467|385.2961730957031|2.7004376508562317e-06|5000.0|0.0|4.0|0.0|InChI=1S/C13H30N.C2F6NO4S2/c1-5-8-11-14(4,12-9-6-2)13-10-7-3;3-1(4,5)14(10,11)9-15(12,13)2(6,7)8/h5-13H2,1-4H3;/q+1;-1|CCCC[N+](C)(CCCC)CCCC.O=S(=O)([N-]S(=O)(=O)C(F)(F)F)C(F)(F)F
7.939335346221924|4.114236354827881|370.8288269042969|0.002586230769997272|2358.5360408079146|0.0|4.0|0.0|InChI=1S/C16H31N2.C2H2F4O3S/c1-3-4-5-6-7-8-9-10-11-12-13-18-15-14-17(2)16-18;3-1(4)2(5,6)10(7,8)9/h14-16H,3-13H2,1-2H3;1H,(H,7,8,9)/q+1;/p-1|CCCCCCCCCCCCn1cc[n+](C)c1.O=S(=O)([O-])C(F)(F)C(F)F
3.4639766216278076|3.521730661392212|317.7117614746094|0.00015644439848303286|2869.0565919576975|0.0|1.0|1.0|InChI=1S/C7H9N/c1-6-3-2-4-7(8)5-6/h2-5H,8H2,1H3|Cc1cccc(N)c1
5.268621444702148|4.306405067443848|282.5865478515625|0.001342684679072994|1864.4315192408155|0.0|1.0|1.0|InChI=1S/C10H24NO.BF4/c1-4-5-6-7-8-11(2,3)9-10-12;2-1(3,4)5/h12H,4-10H2,1-3H3;/q+1;-1|CCCCCC[N+](C)(C)CCO.F[B-](F)(F)F
5.1677775382995605|3.97884202003479|286.33367919921875|0.0027357284843985636|3623.7309143890134|0.0|1.0|1.0|InChI=1S/C12H24O2/c1-2-3-4-5-6-7-8-9-10-11-12(13)14/h2-11H2,1H3,(H,13,14)|CCCCCCCCCCCC(=O)O
10.954634666442871|4.5|289.1944274902344|0.002271704573729851|557.2479127825602|0.0|2.0|0.0|InChI=1S/C16H35O2P.C16H36P/c1-13(9-15(3,4)5)11-19(17,18)12-14(2)10-16(6,7)8;1-5-9-13-17(14-10-6-2,15-11-7-3)16-12-8-4/h13-14H,9-12H2,1-8H3,(H,17,18);5-16H2,1-4H3/q;+1/p-1|CC(CC(C)(C)C)CP(=O)([O-])CC(C)CC(C)(C)C.CCCC[P+](CCCC)(CCCC)CCCC
2.7735190391540527|3.772104263305664|279.9291076660156|0.0056805168907124205|3567.9025726711243|0.0|2.0|0.0|InChI=1S/C4H9NO2/c1-4(2,3)5(6)7/h1-3H3|CC(C)(C)[N+](=O)[O-]
2.30961275100708|3.172516345977783|208.22320556640625|0.06069451995092568|1217.2628529072326|0.0|1.0|0.0|InChI=1S/C2H3N/c1-2-3/h1H3|CC#N
1.8042563199996948|4.436670780181885|279.857666015625|0.0013942648652418704|2675.950496796845|0.0|3.0|1.0|InChI=1S/C5H10O3/c1-3-8-5(7)4(2)6/h4,6H,3H2,1-2H3/t4-/m1/s1|CCOC(=O)[C@@H](C)O
5.439450263977051|3.9364237785339355|276.1375427246094|0.00020151404235529028|2814.08212269202|0.0|2.0|0.0|InChI=1S/C10H16N.CHNS/c1-3-4-7-11-8-5-10(2)6-9-11;2-1-3/h5-6,8-9H,3-4,7H2,1-2H3;3H/q+1;/p-1|CCCC[n+]1ccc(C)cc1.N#C[S-]
3.7843379974365234|3.279808759689331|261.7576599121094|0.001380787807708731|3306.0907152519458|0.0|2.0|0.0|InChI=1S/C6H6O2/c1-5-2-3-6(4-7)8-5/h2-4H,1H3|Cc1ccc(C=O)o1
7.15484619140625|3.7510478496551514|344.8616638183594|0.0|0.0|0.0|0.0|0.0|InChI=1S/C24H18/c1-3-7-19(8-4-1)21-11-15-23(16-12-21)24-17-13-22(14-18-24)20-9-5-2-6-10-20/h1-18H|c1ccc(-c2ccc(-c3ccc(-c4ccccc4)cc3)cc2)cc1
8.714851379394531|3.9389235973358154|403.9034118652344|0.0022480720022865935|2172.85213121547|0.0|5.0|1.0|InChI=1S/C14H24N3.C7H6O5S/c1-2-3-4-5-6-7-10-16-12-13-17(14-16)11-8-9-15;8-7(9)5-2-1-3-6(4-5)13(10,11)12/h12-14H,2-8,10-11H2,1H3;1-4H,(H,8,9)(H,10,11,12)/q+1;/p-1|CCCCCCCC[n+]1ccn(CCC#N)c1.O=C([O-])c1cccc(S(=O)(=O)O)c1
5.921542644500732|3.6787853240966797|255.5458221435547|0.011019564846470854|379.74981919465563|0.0|2.0|0.0|InChI=1S/C12H20O2Si/c1-5-13-15(4,14-6-2)12-10-8-7-9-11(12)3/h7-10H,5-6H2,1-4H3|CCO[Si](C)(OCC)c1ccccc1C
7.102641582489014|3.748208522796631|271.2362976074219|0.002215937215253981|3026.318221471315|0.0|3.0|0.0|InChI=1S/C11H24NO.C4N3/c1-3-4-5-6-7-12(2)8-10-13-11-9-12;5-1-4(2-6)3-7/h3-11H2,1-2H3;/q+1;-1|CCCCCC[N+]1(C)CCOCC1.N#CC(=C=[N-])C#N
6.283242702484131|3.5539774894714355|240.44041442871094|0.05522577800993551|3026.3963075901993|0.0|1.0|0.0|InChI=1S/C10H21N3/c1-2-3-4-5-6-7-8-9-10-12-13-11/h2-10H2,1H3|CCCCCCCCCCN=[N+]=[N-]
5.831271171569824|3.714266777038574|330.60711669921875|0.0|0.0|0.0|0.0|0.0|InChI=1S/C18H14/c1-3-7-15(8-4-1)17-11-13-18(14-12-17)16-9-5-2-6-10-16/h1-14H|c1ccc(-c2ccc(-c3ccccc3)cc2)cc1
5.09290075302124|4.060793399810791|290.2414245605469|0.0004555333963129052|2003.8396008537622|0.0|4.0|0.0|InChI=1S/C8H18N.C2H6O4S/c1-3-9(2)7-5-4-6-8-9;1-2-6-7(3,4)5/h3-8H2,1-2H3;2H2,1H3,(H,3,4,5)/q+1;/p-1|CCOS(=O)(=O)[O-].CC[N+]1(C)CCCCC1
3.643901824951172|4.057868003845215|442.34686279296875|0.07030157818929983|2217.763938994554|0.0|1.0|0.0|InChI=1S/C7H13N2.ClH/c1-3-4-9-6-5-8(2)7-9;/h5-7H,3-4H2,1-2H3;1H/q+1;/p-1|CCCn1cc[n+](C)c1.[Cl-]
5.8571858406066895|3.406404495239258|244.51060485839844|0.13954659470354228|1749.8496934753778|0.0|3.0|1.0|InChI=1S/C7H10NO.C4N3/c9-7-6-8-4-2-1-3-5-8;5-1-4(2-6)3-7/h1-5,9H,6-7H2;/q+1;-1|N#CC(=C=[N-])C#N.OCC[n+]1ccccc1
4.149461269378662|3.175694227218628|295.615966796875|0.00010463590585710213|2830.104631924287|0.0|2.0|1.0|InChI=1S/C5H6OS/c6-4-5-2-1-3-7-5/h1-3,6H,4H2|OCc1cccs1
4.705384731292725|4.1842474937438965|289.6745300292969|0.0|0.0|0.0|0.0|0.0|InChI=1S/C15H24/c1-12(2)6-5-7-14(4)15-10-8-13(3)9-11-15/h6,8-10,14-15H,5,7,11H2,1-4H3/t14-,15+/m0/s1|CC(C)=CCC[C@H](C)[C@@H]1C=CC(C)=CC1
2.3271350860595703|4.5|389.34503173828125|0.00888054456625349|1984.6533862460594|0.0|4.0|2.0|InChI=1S/C6H14O4/c7-1-3-9-5-6-10-4-2-8/h7-8H,1-6H2|OCCOCCOCCO
4.625495910644531|2.9801433086395264|244.9813995361328|0.0030656389523706358|2032.606242686568|0.0|1.0|1.0|InChI=1S/C4H8O2/c1-3(2)4(5)6/h3H,1-2H3,(H,5,6)|CC(C)C(=O)O
3.2179059982299805|3.494140863418579|313.93817138671875|0.120974411254738|1623.9957147164746|0.0|1.0|0.0|InChI=1S/C5H9NO/c1-6-4-2-3-5(6)7/h2-4H2,1H3|CN1CCCC1=O
5.097620964050293|4.328328609466553|378.79473876953125|0.00048741926334160276|2830.71062739152|0.0|4.0|0.0|InChI=1S/C5H13S.C2F6NO4S2/c1-4-6(3)5-2;3-1(4,5)14(10,11)9-15(12,13)2(6,7)8/h4-5H2,1-3H3;/q+1;-1|CC[S+](C)CC.O=S(=O)([N-]S(=O)(=O)C(F)(F)F)C(F)(F)F
5.016165256500244|3.3339760303497314|224.1654510498047|0.0004073397019946822|2430.0948028802454|0.0|1.0|1.0|InChI=1S/C7H16O/c1-4-7(8,5-2)6-3/h8H,4-6H2,1-3H3|CCC(O)(CC)CC
5.951748371124268|3.482921838760376|283.73260498046875|0.0010541397668733558|3559.748028086393|0.0|3.0|0.0|InChI=1S/C13H10O3/c14-13(15-11-7-3-1-4-8-11)16-12-9-5-2-6-10-12/h1-10H|O=C(Oc1ccccc1)Oc1ccccc1
1.833609700202942|2.9883108139038086|192.63092041015625|0.6044347027064131|2267.8642050454023|0.0|1.0|1.0|InChI=1S/CH2O2/c2-1-3/h1H,(H,2,3)|O=CO
7.954617500305176|3.444122552871704|233.30517578125|0.0|0.0|0.0|0.0|0.0|InChI=1S/C12H25Br/c1-2-3-4-5-6-7-8-9-10-11-12-13/h2-12H2,1H3|CCCCCCCCCCCCBr
4.344043254852295|4.174564361572266|487.09881591796875|0.08625773478975583|2307.017758996175|0.0|1.0|0.0|InChI=1S/C11H13N2.ClH/c1-12-7-8-13(10-12)9-11-5-3-2-4-6-11;/h2-8,10H,9H2,1H3;1H/q+1;/p-1|C[n+]1ccn(Cc2ccccc2)c1.[Cl-]
2.508756160736084|2.590858221054077|154.26962280273438|0.001987367087878516|1277.074379560765|0.0|2.0|0.0|InChI=1S/CO2/c2-1-3|O=C=O
3.9923152923583984|3.571227788925171|275.5377197265625|0.02399148313132047|2098.416945410532|0.0|3.0|1.0|InChI=1S/C8H9NO2/c1-11-8(10)6-3-2-4-7(9)5-6/h2-5H,9H2,1H3|COC(=O)c1cccc(N)c1
6.704250335693359|3.639540433883667|254.3349151611328|0.014142227566336691|2370.782746435855|0.0|4.0|0.0|InChI=1S/C12H22O4/c1-3-5-9-15-11(13)7-8-12(14)16-10-6-4-2/h3-10H2,1-2H3|CCCCOC(=O)CCC(=O)OCCCC
5.624333381652832|3.3267171382904053|239.70262145996094|0.016735103465877556|2017.0872921704265|0.0|5.0|0.0|InChI=1S/C6H14O5/c1-7-3-9-5-11-6-10-4-8-2/h3-6H2,1-2H3|COCOCOCOCOC
5.779777526855469|4.414793968200684|326.5265808105469|0.001357295645058629|2938.216941345693|0.0|2.0|1.0|InChI=1S/C16H35O2P/c1-13(9-15(3,4)5)11-19(17,18)12-14(2)10-16(6,7)8/h13-14H,9-12H2,1-8H3,(H,17,18)|CC(CC(C)(C)C)CP(=O)(O)CC(C)CC(C)(C)C
3.583261489868164|3.379824638366699|230.17478942871094|0.0|0.0|0.0|0.0|0.0|InChI=1S/C6HF5/c7-2-1-3(8)5(10)6(11)4(2)9/h1H|Fc1cc(F)c(F)c(F)c1F
4.22955322265625|3.2942593097686768|227.82638549804688|0.01134592034564698|1799.2466945339058|0.0|2.0|1.0|InChI=1S/C5H12O2/c1-3-7-4-5(2)6/h5-6H,3-4H2,1-2H3|CCOCC(C)O
4.466657638549805|3.7582736015319824|214.74728393554688|0.0|0.0|0.0|0.0|0.0|InChI=1S/3C2H6N.Sb/c3*1-3-2;/h3*1-2H3;/q3*-1;+3|C[N-]C.C[N-]C.C[N-]C.[Sb+3]
3.4085824489593506|3.7020034790039062|236.58421325683594|0.04519088784016116|1300.2461987755878|0.0|1.0|0.0|InChI=1S/C6H14O/c1-3-5-7-6-4-2/h3-6H2,1-2H3|CCCOCCC
4.876533031463623|3.8256149291992188|251.50881958007812|0.0|0.0|0.0|0.0|0.0|InChI=1S/C11H24/c1-3-5-7-9-11-10-8-6-4-2/h3-11H2,1-2H3|CCCCCCCCCCC
2.5671534538269043|3.314873218536377|245.4561309814453|0.011930957421664843|2525.3250429738678|0.0|1.0|0.0|InChI=1S/C3H6O/c1-2-3-4/h3H,2H2,1H3|CCC=O
4.5371856689453125|3.300067186355591|303.7485046386719|0.009387798160085798|3452.5127425195087|0.0|1.0|0.0|InChI=1S/C9H8O/c10-8-4-7-9-5-2-1-3-6-9/h1-8H|O=CC=Cc1ccccc1
9.342378616333008|3.8448548316955566|261.1976623535156|0.0002528540649176388|3930.3882556209187|0.0|5.0|1.0|InChI=1S/C21H40O5/c1-3-5-7-9-11-13-15-20(23)25-18-19(17-22)26-21(24)16-14-12-10-8-6-4-2/h19,22H,3-18H2,1-2H3|CCCCCCCCC(=O)OCC(CO)OC(=O)CCCCCCCC
5.59591817855835|3.3825061321258545|264.0738525390625|0.11725118701095436|1378.1342460540186|0.0|2.0|0.0|InChI=1S/C7H10N.C2N3/c1-2-8-6-4-3-5-7-8;3-1-5-2-4/h3-7H,2H2,1H3;/q+1;-1|CC[n+]1ccccc1.N#C[N-]C#N
4.2634711265563965|3.601533889770508|217.34521484375|0.24141017872112397|1191.3034144884184|0.0|2.0|1.0|InChI=1S/C4H11N.C2HF3O2/c1-4-5(2)3;3-2(4,5)1(6)7/h4H2,1-3H3;(H,6,7)|CCN(C)C.O=C(O)C(F)(F)F
6.947182655334473|4.182208061218262|395.1246337890625|0.00676003062934321|3220.949553529573|0.0|5.0|3.0|InChI=1S/C12H23N2.C4H8N2O3/c1-3-4-5-6-7-8-9-14-11-10-13(2)12-14;5-2(4(8)9)1-3(6)7/h10-12H,3-9H2,1-2H3;2H,1,5H2,(H2,6,7)(H,8,9)/q+1;/p-1/t;2-/m.0/s1|CCCCCCCCn1cc[n+](C)c1.N=C([O-])C[C@H](N)C(=O)O
5.322601795196533|3.357628583908081|246.46987915039062|0.00018667635631259004|1789.856064651266|0.0|4.0|0.0|InChI=1S/C7H12O4/c1-3-10-6(8)5-7(9)11-4-2/h3-5H2,1-2H3|CCOC(=O)CC(=O)OCC
2.4146206378936768|4.5|368.7113037109375|0.008611316687125867|1526.824129559387|0.0|3.0|2.0|InChI=1S/C7H19N3/c1-10(6-2-4-8)7-3-5-9/h2-9H2,1H3|CN(CCCN)CCCN
3.7602412700653076|3.3696892261505127|221.5218505859375|0.0|0.0|0.0|0.0|0.0|InChI=1S/C6F6/c7-1-2(8)4(10)6(12)5(11)3(1)9|Fc1c(F)c(F)c(F)c(F)c1F
4.180495738983154|3.804758310317993|354.4840087890625|0.05981126523747939|1499.3238605475542|0.0|1.0|0.0|InChI=1S/C13H11N/c1-14-12-8-4-2-6-10(12)11-7-3-5-9-13(11)14/h2-9H,1H3|Cn1c2ccccc2c2ccccc21
3.305619478225708|3.5524497032165527|272.5295104980469|0.17759647926481625|2134.045160301698|0.0|1.0|0.0|InChI=1S/C6H8O/c1-2-6-4-3-5-7-6/h3-5H,2H2,1H3|CCc1ccco1
2.133129358291626|4.492433547973633|295.43353271484375|0.011107891963603192|2312.9716670859248|0.0|2.0|2.0|InChI=1S/C6H14O2/c1-5(7)4-6(2,3)8/h5,7-8H,4H2,1-3H3|CC(O)CC(C)(C)O
2.446727991104126|2.370192050933838|214.18798828125|0.00010284279972199521|198.19248934214443|0.0|1.0|1.0|InChI=1S/H3N/h1H3|N
3.6622698307037354|3.1774790287017822|271.0337829589844|0.03802082187971395|1614.9495874993388|0.0|1.0|1.0|InChI=1S/C4H6N2/c1-4-2-3-5-6-4/h2-3H,1H3,(H,5,6)|Cc1cc[nH]n1
5.723749160766602|3.7023603916168213|246.89491271972656|0.00021996355060671102|2906.7201746810383|0.0|2.0|0.0|InChI=1S/C11H22O2/c1-3-5-6-7-8-9-10-11(12)13-4-2/h3-10H2,1-2H3|CCCCCCCCC(=O)OCC
3.822070598602295|3.9678900241851807|372.46087646484375|0.012034901712500087|1370.469676230188|0.0|1.0|0.0|InChI=1S/C12H12S/c1-3-7-11-9(5-1)10-6-2-4-8-12(10)13-11/h1,3,5,7H,2,4,6,8H2|c1ccc2c3c(sc2c1)CCCC3
9.119720458984375|4.5|550.0|5.247760919545376e-06|3107.4266399986736|0.0|12.0|4.0|InChI=1S/C14H20N6O2.2C2F6NO4S2/c15-13(21)9-19-7-5-17(11-19)3-1-2-4-18-6-8-20(12-18)10-14(16)22;2*3-1(4,5)14(10,11)9-15(12,13)2(6,7)8/h5-8,11-12H,1-4,9-10H2,(H2-2,15,16,21,22);;/q;2*-1/p+2|N=C(O)Cn1cc[n+](CCCC[n+]2ccn(CC(=N)O)c2)c1.O=S(=O)([N-]S(=O)(=O)C(F)(F)F)C(F)(F)F.O=S(=O)([N-]S(=O)(=O)C(F)(F)F)C(F)(F)F
7.363795280456543|4.495002269744873|379.20782470703125|0.0010148542729494124|4060.235871561227|0.0|4.0|0.0|InChI=1S/C14H32P.C2F6NO4S2/c1-5-9-10-11-12-13-14-15(6-2,7-3)8-4;3-1(4,5)14(10,11)9-15(12,13)2(6,7)8/h5-14H2,1-4H3;/q+1;-1|CCCCCCCC[P+](CC)(CC)CC.O=S(=O)([N-]S(=O)(=O)C(F)(F)F)C(F)(F)F
2.602501392364502|3.5548508167266846|323.7196044921875|0.0|0.0|0.0|0.0|0.0|InChI=1S/C2H4Br2/c3-1-2-4/h1-2H2|BrCCBr
8.292288780212402|4.011921405792236|240.5462646484375|0.0002244255568307801|474.5283242672554|0.0|1.0|0.0|InChI=1S/C16H36PS.BF4/c1-5-9-12-17(13-10-6-2,14-11-7-3)15-16-18-8-4;2-1(3,4)5/h5-16H2,1-4H3;/q+1;-1|CCCC[P+](CCCC)(CCCC)CCSCC.F[B-](F)(F)F
3.8322911262512207|3.0746614933013916|312.6817626953125|0.9|1027.0411820927925|0.0|1.0|1.0|InChI=1S/C4H7NO/c6-4-2-1-3-5-4/h1-3H2,(H,5,6)|OC1=NCCC1
3.7801432609558105|3.6735856533050537|286.88421630859375|0.006297308896095682|2062.199028144544|0.0|1.0|0.0|InChI=1S/C7H13N/c1-2-3-4-5-6-7-8/h2-6H2,1H3|CCCCCCC#N
8.80075454711914|4.1361494064331055|248.1757049560547|0.08897082110300901|1266.9684451434186|0.0|2.0|1.0|InChI=1S/C18H39N.C4H8O2/c1-4-7-10-13-16-19(17-14-11-8-5-2)18-15-12-9-6-3;1-2-3-4(5)6/h4-18H2,1-3H3;2-3H2,1H3,(H,5,6)|CCCC(=O)O.CCCCCCN(CCCCCC)CCCCCC
6.348686695098877|3.6793439388275146|245.62890625|0.003944494665512751|2491.7181664467284|0.0|1.0|1.0|InChI=1S/C15H26O/c1-6-15(5,16)12-8-11-14(4)10-7-9-13(2)3/h6,9,11,16H,1,7-8,10,12H2,2-5H3/b14-11+|C=CC(C)(O)CC/C=C(\C)CCC=C(C)C
2.396970272064209|3.352565050125122|227.1425323486328|0.0027436878713768004|2230.768356586005|0.0|1.0|0.0|InChI=1S/C3H3N/c1-2-3-4/h2H,1H2|C=CC#N
6.368399620056152|4.2676682472229|361.20550537109375|0.0005365055308655975|3011.9498891439594|0.0|4.0|0.0|InChI=1S/C11H18N.C2F6NO4S2/c1-3-5-8-11-9-6-7-10-12(11)4-2;3-1(4,5)14(10,11)9-15(12,13)2(6,7)8/h6-7,9-10H,3-5,8H2,1-2H3;/q+1;-1|CCCCc1cccc[n+]1CC.O=S(=O)([N-]S(=O)(=O)C(F)(F)F)C(F)(F)F
16.376367568969727|3.9636991024017334|253.6713409423828|0.0|0.0|0.0|0.0|0.0|InChI=1S/C35H72/c1-3-5-7-9-11-13-15-17-19-21-23-25-27-29-31-33-35-34-32-30-28-26-24-22-20-18-16-14-12-10-8-6-4-2/h3-35H2,1-2H3|CCCCCCCCCCCCCCCCCCCCCCCCCCCCCCCCCCC
7.588118553161621|3.7988431453704834|217.77711486816406|9.207674367751826e-06|4474.206932231003|0.0|3.0|0.0|InChI=1S/C16H36N.HIO3/c1-5-9-13-17(14-10-6-2,15-11-7-3)16-12-8-4;2-1(3)4/h5-16H2,1-4H3;(H,2,3,4)/q+1;/p-1|CCCC[N+](CCCC)(CCCC)CCCC.[O-][I+2]([O-])[O-]
5.255670547485352|3.577190637588501|258.43157958984375|0.18855736231736864|2565.1636441243|0.0|4.0|0.0|InChI=1S/C8H18O4/c1-9-3-5-11-7-8-12-6-4-10-2/h3-8H2,1-2H3|COCCOCCOCCOC
6.520145893096924|4.054781436920166|299.9857482910156|0.000706473798998734|3555.105859650773|0.0|4.0|1.0|InChI=1S/C5H13N3.C4F10NO4S2/c1-7(2)5(6)8(3)4;5-1(6,7)3(11,12)20(16,17)15-21(18,19)4(13,14)2(8,9)10/h6H,1-4H3;/q;-1/p+1|CN(C)C(=[NH2+])N(C)C.O=S(=O)([N-]S(=O)(=O)C(F)(F)C(F)(F)F)C(F)(F)C(F)(F)F
3.5420079231262207|3.8990461826324463|281.8090515136719|0.0|0.0|0.0|0.0|0.0|InChI=1S/C10H14/c1-10(2,3)9-7-5-4-6-8-9/h4-8H,1-3H3|CC(C)(C)c1ccccc1
5.836266040802002|3.6248269081115723|251.34515380859375|0.0005989613854631828|2944.5144568992264|0.0|2.0|0.0|InChI=1S/C13H20O2/c1-9(2)14-12-6-11(5)7-13(8-12)15-10(3)4/h6-10H,1-5H3|Cc1cc(OC(C)C)cc(OC(C)C)c1
4.568256378173828|3.6681017875671387|221.0226287841797|0.004719760009243783|2294.7879935746787|0.0|1.0|0.0|InChI=1S/C8H18O/c1-3-5-6-7-8-9-4-2/h3-8H2,1-2H3|CCCCCCOCC
2.615793228149414|3.6974353790283203|240.26441955566406|0.0|0.0|0.0|0.0|0.0|InChI=1S/C5H10/c1-4-5(2)3/h4H,1-3H3|CC=C(C)C
3.9407622814178467|2.9219470024108887|197.75706481933594|0.03540208768695552|1894.117562474058|0.0|1.0|1.0|InChI=1S/C3H8O/c1-3(2)4/h3-4H,1-2H3|CC(C)O
4.271602630615234|3.983450174331665|374.110595703125|0.25846070441100566|1241.374518108494|0.0|2.0|0.0|InChI=1S/C8H15N2O.BrH/c1-3-11-7-6-10-5-4-9(2)8-10;/h4-5,8H,3,6-7H2,1-2H3;1H/q+1;/p-1|CCOCCn1cc[n+](C)c1.[Br-]
5.326462268829346|3.757274866104126|273.5671081542969|0.0|0.0|0.0|0.0|0.0|InChI=1S/C9H14N.F6P/c1-3-5-9-6-4-7-10(2)8-9;1-7(2,3,4,5)6/h4,6-8H,3,5H2,1-2H3;/q+1;-1|CCCc1ccc[n+](C)c1.F[P-](F)(F)(F)(F)F
3.081125497817993|3.640474319458008|275.0648498535156|8.598193888478656e-05|1940.9129927716576|0.0|2.0|0.0|InChI=1S/C5H11NO/c1-6-2-4-7-5-3-6/h2-5H2,1H3|CN1CCOCC1
7.525079727172852|3.6594958305358887|252.12680053710938|0.010768191202191362|4907.184382678718|0.0|4.0|0.0|InChI=1S/C14H26O4/c1-3-5-11-17-13(15)9-7-8-10-14(16)18-12-6-4-2/h3-12H2,1-2H3|CCCCOC(=O)CCCCC(=O)OCCCC
3.928373336791992|3.5029704570770264|301.8742370605469|0.03718888115832597|1572.8496916079034|0.0|3.0|0.0|InChI=1S/C7H7NO2/c1-10-7(9)6-4-2-3-5-8-6/h2-5H,1H3|COC(=O)c1ccccn1
3.7738540172576904|3.5658862590789795|275.77813720703125|0.0005526494732752783|2564.3216660953144|0.0|1.0|0.0|InChI=1S/C8H10O/c1-2-9-8-6-4-3-5-7-8/h3-7H,2H2,1H3|CCOc1ccccc1
4.144881248474121|3.9903037548065186|269.8150634765625|0.0|0.0|0.0|0.0|0.0|InChI=1S/C10H18/c1-5-10(4)8-6-7-9(2)3/h5,7,10H,1,6,8H2,2-4H3|C=CC(C)CCC=C(C)C
2.3163952827453613|3.8539459705352783|313.3399963378906|0.0|0.0|0.0|0.0|0.0|InChI=1S/C3H7I/c1-2-3-4/h2-3H2,1H3|CCCI
5.547863960266113|3.805006265640259|193.10211181640625|0.001412520019481419|2621.870807617747|0.0|1.0|0.0|InChI=1S/C9H5F15O/c1-2-25-6(15,3(10,7(16,17)18)8(19,20)21)4(11,12)5(13,14)9(22,23)24/h2H2,1H3|CCOC(F)(C(F)(F)C(F)(F)C(F)(F)F)C(F)(C(F)(F)F)C(F)(F)F
3.540924310684204|4.1588215827941895|446.5209045410156|0.017344131223881874|2018.3312169308183|0.0|3.0|0.0|InChI=1S/C6H11N2.CHNS/c1-3-8-5-4-7(2)6-8;2-1-3/h4-6H,3H2,1-2H3;3H/q+1;/p-1|CCn1cc[n+](C)c1.N#C[S-]
6.284389972686768|3.2485430240631104|239.40538024902344|0.012714706518424044|1670.7321426205765|0.0|3.0|3.0|InChI=1S/C4H8O2.C3H9NO/c1-3(2)4(5)6;1-4-2-3-5/h3H,1-2H3,(H,5,6);4-5H,2-3H2,1H3|CC(C)C(=O)O.CNCCO
4.0381622314453125|3.7031731605529785|375.4250793457031|0.13139168554318761|2062.876137532204|0.0|2.0|0.0|InChI=1S/C12H8N2/c1-3-9-5-6-10-4-2-8-14-12(10)11(9)13-7-1/h1-8H|c1cnc2c(c1)ccc1cccnc12
4.037322044372559|3.2377748489379883|204.647705078125|0.0|0.0|0.0|0.0|0.0|InChI=1S/C6H14/c1-3-5-6-4-2/h3-6H2,1-2H3/i1D3,2D3,3D2,4D2,5D2,6D2|[2H]C([2H])([2H])C([2H])([2H])C([2H])([2H])C([2H])([2H])C([2H])([2H])C([2H])([2H])[2H]
5.606751918792725|4.5|414.7400817871094|0.0|0.0|0.0|0.0|0.0|InChI=1S/C9H14N.2Al.6ClH.Cl/c1-2-3-7-10-8-5-4-6-9-10;;;;;;;;;/h4-6,8-9H,2-3,7H2,1H3;;;6*1H;/q+1;2*+2;;;;;;;+1/p-6|CCCC[n+]1ccccc1.[Al+2].[Al+2].[Cl+].[Cl-].[Cl-].[Cl-].[Cl-].[Cl-].[Cl-]
4.120828628540039|3.6304984092712402|285.8114929199219|0.0|0.0|0.0|0.0|0.0|InChI=1S/C6H12Cl2/c7-5-3-1-2-4-6-8/h1-6H2|ClCCCCCCCl
3.836615800857544|3.3548874855041504|289.3221435546875|0.006002141723021249|1886.9604447641905|0.0|3.0|0.0|InChI=1S/C3H9O3P/c1-5-7(3,4)6-2/h1-3H3|COP(C)(=O)OC
5.751661777496338|3.409085750579834|245.04598999023438|0.0791115205335124|1723.9903633652873|0.0|4.0|0.0|InChI=1S/C8H14O4/c1-3-5-11-7(9)8(10)12-6-4-2/h3-6H2,1-2H3|CCCOC(=O)C(=O)OCCC
3.8562939167022705|3.599148988723755|317.99072265625|0.04265275286102459|1863.508520229975|0.0|1.0|0.0|InChI=1S/C8H7ClO/c1-6(10)7-2-4-8(9)5-3-7/h2-5H,1H3|CC(=O)c1ccc(Cl)cc1
5.330631256103516|4.116021633148193|401.38153076171875|0.00027019249914938024|3086.685745734767|0.0|5.0|0.0|InChI=1S/C8H15N2.C2H6O4S/c1-3-4-5-10-7-6-9(2)8-10;1-2-6-7(3,4)5/h6-8H,3-5H2,1-2H3;2H2,1H3,(H,3,4,5)/q+1;/p-1|CCCCn1cc[n+](C)c1.CCOS(=O)(=O)[O-]
5.319155693054199|3.7193174362182617|271.8381652832031|7.197252962122663e-05|2497.230055827865|0.0|3.0|0.0|InChI=1S/C10H18O3/c1-3-5-7-9(11)13-10(12)8-6-4-2/h3-8H2,1-2H3|CCCCC(=O)OC(=O)CCCC
4.123936653137207|3.393144130706787|291.3250732421875|0.009608181980792762|3452.154538588114|0.0|3.0|0.0|InChI=1S/C7H7NO2/c1-10-7(9)6-2-4-8-5-3-6/h2-5H,1H3|COC(=O)c1ccncc1
5.492542266845703|3.7629847526550293|293.6585693359375|0.005712919577753825|2836.3432611358016|0.0|2.0|1.0|InChI=1S/C6H12O2.C5H9NO/c1-2-3-4-5-6(7)8;1-6-4-2-3-5(6)7/h2-5H2,1H3,(H,7,8);2-4H2,1H3|CCCCCC(=O)O.CN1CCCC1=O
6.43010950088501|2.898595094680786|225.07818603515625|0.00010282377495251873|2406.456055569062|0.0|1.0|1.0|InChI=1S/C7H14O/c8-7-5-3-1-2-4-6-7/h7-8H,1-6H2|OC1CCCCCC1
2.744497537612915|3.9297430515289307|311.0962829589844|0.0|0.0|0.0|0.0|0.0|InChI=1S/C6H11Cl/c7-6-4-2-1-3-5-6/h6H,1-5H2|ClC1CCCCC1
12.802464485168457|4.3171772956848145|275.3917541503906|0.0|0.0|0.0|0.0|0.0|InChI=1S/C32H68P.ClH/c1-5-9-13-17-18-19-20-21-22-23-24-28-32-33(29-25-14-10-6-2,30-26-15-11-7-3)31-27-16-12-8-4;/h5-32H2,1-4H3;1H/q+1;/p-1|CCCCCCCCCCCCCC[P+](CCCCCC)(CCCCCC)CCCCCC.[Cl-]
6.12396240234375|3.7040536403656006|279.83343505859375|0.0005793981754536999|2923.2765554608886|0.0|2.0|2.0|InChI=1S/C7H14O2.C4H9N/c1-2-3-4-5-6-7(8)9;1-2-4-5-3-1/h2-6H2,1H3,(H,8,9);5H,1-4H2|C1CCNC1.CCCCCCC(=O)O
7.91428804397583|3.6501471996307373|264.5899353027344|0.12644838104956438|1565.7989729949593|0.0|2.0|0.0|InChI=1S/C15H26N.C2N3/c1-4-5-6-7-8-9-10-16-12-14(2)11-15(3)13-16;3-1-5-2-4/h11-13H,4-10H2,1-3H3;/q+1;-1|CCCCCCCC[n+]1cc(C)cc(C)c1.N#C[N-]C#N
4.160454750061035|4.074808597564697|467.21197509765625|0.11019291109524418|1233.4537386365332|0.0|4.0|0.0|InChI=1S/C5H9N2.CH5O3P/c1-6-3-4-7(2)5-6;1-4-5(2)3/h3-5H,1-2H3;5H,1H3,(H,2,3)/q+1;/p-1|CO[PH](=O)[O-].Cn1cc[n+](C)c1
7.403563499450684|4.080442905426025|369.00335693359375|0.0005194397297092613|2708.5634855395624|0.0|5.0|0.0|InChI=1S/C12H17N2.C2F6NO4S2/c1-2-3-4-5-8-14-9-6-12(11-13)7-10-14;3-1(4,5)14(10,11)9-15(12,13)2(6,7)8/h6-7,9-10H,2-5,8H2,1H3;/q+1;-1|CCCCCC[n+]1ccc(C#N)cc1.O=S(=O)([N-]S(=O)(=O)C(F)(F)F)C(F)(F)F
6.23475980758667|4.199579238891602|307.1409606933594|0.0011067754442669413|4022.3427476029283|0.0|1.0|1.0|InChI=1S/C18H32O2/c1-2-3-4-5-6-7-8-9-10-11-12-13-14-15-16-17-18(19)20/h6-7,9-10H,2-5,8,11-17H2,1H3,(H,19,20)/b7-6-,10-9-|CCCCC/C=C\C/C=C\CCCCCCCC(=O)O
4.417447566986084|3.8373496532440186|257.69140625|0.028007560382250694|1755.2066692557057|0.0|2.0|0.0|InChI=1S/C9H18O2/c1-3-5-6-8-11-9(10)7-4-2/h3-8H2,1-2H3|CCCCCOC(=O)CCC
4.791303634643555|4.333517551422119|330.197509765625|0.0021390276957513324|3016.574961921722|0.0|4.0|1.0|InChI=1S/C6H16NO.C4H10O3S/c1-4-7(2,3)5-6-8;1-2-3-4-8(5,6)7/h8H,4-6H2,1-3H3;2-4H2,1H3,(H,5,6,7)/q+1;/p-1|CCCCS(=O)(=O)[O-].CC[N+](C)(C)CCO
7.126904010772705|3.815119504928589|339.54718017578125|0.06083878355870041|2525.16007264309|0.0|3.0|0.0|InChI=1S/C12H23N2.C4N3/c1-3-4-5-6-7-8-9-14-11-10-13(2)12-14;5-1-4(2-6)3-7/h10-12H,3-9H2,1-2H3;/q+1;-1|CCCCCCCCn1cc[n+](C)c1.N#CC(=C=[N-])C#N
4.275201320648193|3.6029152870178223|273.2475280761719|0.0|0.0|0.0|0.0|0.0|InChI=1S/C8H9Cl/c1-6-4-3-5-7(2)8(6)9/h3-5H,1-2H3|Cc1cccc(C)c1Cl
5.637237071990967|3.817758560180664|251.8476104736328|0.0|0.0|0.0|0.0|0.0|InChI=1S/C13H28/c1-3-5-7-9-11-13-12-10-8-6-4-2/h3-13H2,1-2H3|CCCCCCCCCCCCC
7.771429061889648|3.97939133644104|297.3279724121094|0.003327456369032531|2078.6321187677718|0.0|3.0|0.0|InChI=1S/C15H26N.CHF3O3S/c1-4-5-6-7-8-9-12-16-13-10-11-14(2)15(16)3;2-1(3,4)8(5,6)7/h10-11,13H,4-9,12H2,1-3H3;(H,5,6,7)/q+1;/p-1|CCCCCCCC[n+]1cccc(C)c1C.O=S(=O)([O-])C(F)(F)F
4.436922073364258|3.201159954071045|285.3887634277344|0.0003123774601093975|2665.7220664413176|0.0|3.0|0.0|InChI=1S/C5H7NO2/c1-2-8-5(7)3-4-6/h2-3H2,1H3|CCOC(=O)CC#N
4.860118865966797|4.269419193267822|311.97991943359375|0.01858045394568906|1517.4326640950687|0.0|2.0|1.0|InChI=1S/C5H14NO.C4H8O2/c1-6(2,3)4-5-7;1-2-3-4(5)6/h7H,4-5H2,1-3H3;2-3H2,1H3,(H,5,6)/q+1;/p-1|CCCC(=O)[O-].C[N+](C)(C)CCO
7.481274127960205|4.077119827270508|356.8851318359375|8.065582935697708e-05|4939.029982875685|0.0|5.0|0.0|InChI=1S/C13H16N2.C2F6NO4S2/c1-2-3-10-15-11-9-14-13(15)12-7-5-4-6-8-12;3-1(4,5)14(10,11)9-15(12,13)2(6,7)8/h4-9,11H,2-3,10H2,1H3;/q;-1/p+1|CCCCn1cc[nH+]c1-c1ccccc1.O=S(=O)([N-]S(=O)(=O)C(F)(F)F)C(F)(F)F
5.168838977813721|3.799561023712158|279.9275817871094|0.0|0.0|0.0|0.0|0.0|InChI=1S/C9H14N.BF4/c1-2-3-7-10-8-5-4-6-9-10;2-1(3,4)5/h4-6,8-9H,2-3,7H2,1H3;/q+1;-1|CCCC[n+]1ccccc1.F[B-](F)(F)F
10.289032936096191|4.5|362.3960876464844|0.0016703047834986412|3883.7543855305703|0.0|4.0|0.0|InChI=1S/C25H54N.C2F6NO4S2/c1-5-8-11-14-17-20-23-26(4,24-21-18-15-12-9-6-2)25-22-19-16-13-10-7-3;3-1(4,5)14(10,11)9-15(12,13)2(6,7)8/h5-25H2,1-4H3;/q+1;-1|CCCCCCCC[N+](C)(CCCCCCCC)CCCCCCCC.O=S(=O)([N-]S(=O)(=O)C(F)(F)F)C(F)(F)F
5.880344867706299|4.5|302.4365234375|0.0|0.0|0.0|0.0|0.0|InChI=1S/2C8H11F3NO.Ni/c2*1-7(2,3)5(12)4-6(13)8(9,10)11;/h2*4,12H,1-3H3;/q2*-1;+2|CC(C)(C)C([NH-])=CC(=[OH+])C(F)(F)F.CC(C)(C)C([NH-])=CC(=[OH+])C(F)(F)F.[Ni+2]
3.790565013885498|3.33332896232605|240.19998168945312|0.0052681454009083925|2176.451552981098|0.0|1.0|1.0|InChI=1S/C5H12O/c1-4(2)5(3)6/h4-6H,1-3H3|CC(C)C(C)O
8.094499588012695|3.8523311614990234|289.56158447265625|0.02223229350418071|1944.8487488429303|0.0|8.0|6.0|InChI=1S/C7H6O6S.C6H15NO3/c8-6-3-4(14(11,12)13)1-2-5(6)7(9)10;8-4-1-7(2-5-9)3-6-10/h1-3,8H,(H,9,10)(H,11,12,13);8-10H,1-6H2|O=C(O)c1ccc(S(=O)(=O)O)cc1O.OCCN(CCO)CCO
4.271487712860107|3.475346088409424|321.6793212890625|0.006388437488063868|3126.471566809812|0.0|2.0|0.0|InChI=1S/C6H3Cl2NO2/c7-4-2-1-3-5(6(4)8)9(10)11/h1-3H|O=[N+]([O-])c1cccc(Cl)c1Cl
6.88883113861084|4.460422992706299|467.6217346191406|0.0022439549684055067|3447.001656238199|0.0|5.0|0.0|InChI=1S/C14H27N2.C2F6NO4S2/c1-3-4-5-6-7-8-9-10-11-16-13-12-15(2)14-16;3-1(4,5)14(10,11)9-15(12,13)2(6,7)8/h12-14H,3-11H2,1-2H3;/q+1;-1|CCCCCCCCCCn1cc[n+](C)c1.O=S(=O)([N-]S(=O)(=O)C(F)(F)F)C(F)(F)F
8.102190971374512|4.15469217300415|272.2044372558594|0.0|0.0|0.0|0.0|0.0|InChI=1S/C23H46/c1-3-5-7-9-11-13-15-17-19-21-23-22-20-18-16-14-12-10-8-6-4-2/h17,19H,3-16,18,20-23H2,1-2H3/b19-17+|CCCCCCCC/C=C/CCCCCCCCCCCCC
8.874396324157715|4.197508811950684|274.8507995605469|0.0|0.0|0.0|0.0|0.0|InChI=1S/C25H54N.ClH/c1-5-8-11-14-17-20-23-26(4,24-21-18-15-12-9-6-2)25-22-19-16-13-10-7-3;/h5-25H2,1-4H3;1H/q+1;/p-1|CCCCCCCC[N+](C)(CCCCCCCC)CCCCCCCC.[Cl-]
6.067255020141602|3.514805316925049|275.8956604003906|0.27206976598589805|1725.8615328964313|0.0|1.0|0.0|InChI=1S/C14H14O/c1-3-7-13(8-4-1)11-15-12-14-9-5-2-6-10-14/h1-10H,11-12H2|c1ccc(COCc2ccccc2)cc1
5.650620460510254|4.150454998016357|273.6717529296875|0.14519065593951722|631.0830245207934|0.0|4.0|0.0|InChI=1S/C15H33O4P/c1-13(2)7-10-17-20(16,18-11-8-14(3)4)19-12-9-15(5)6/h13-15H,7-12H2,1-6H3|CC(C)CCOP(=O)(OCCC(C)C)OCCC(C)C
4.65676736831665|4.231005668640137|424.3990478515625|0.004668535135203327|2524.521087634921|0.0|2.0|1.0|InChI=1S/C11H21N2O.ClH/c1-2-12-8-9-13(11-12)7-5-3-4-6-10-14;/h8-9,11,14H,2-7,10H2,1H3;1H/q+1;/p-1|CC[n+]1ccn(CCCCCCO)c1.[Cl-]
6.075660228729248|4.286498069763184|404.56072998046875|0.00010087486989557378|3855.8859673756056|0.0|6.0|0.0|InChI=1S/C8H18NO2.C2F6NO4S2/c1-9(3-6-10-2)4-7-11-8-5-9;3-1(4,5)14(10,11)9-15(12,13)2(6,7)8/h3-8H2,1-2H3;/q+1;-1|COCC[N+]1(C)CCOCC1.O=S(=O)([N-]S(=O)(=O)C(F)(F)F)C(F)(F)F
5.4849748611450195|3.4504551887512207|239.3918914794922|0.0012753865770336666|1617.0441446975535|0.0|3.0|0.0|InChI=1S/C8H16O3/c1-3-4-5-10-6-7-11-8(2)9/h3-7H2,1-2H3|CCCCOCCOC(C)=O
3.1479785442352295|4.063380718231201|316.38616943359375|0.0|0.0|0.0|0.0|0.0|InChI=1S/C10H16/c1-2-9-7-4-5-8(6-7)10(9)3-1/h7-10H,1-6H2/t7-,8+,9-,10+|C1C[C@@H]2[C@@H]3CC[C@@H](C3)[C@@H]2C1
4.3782877922058105|3.8601741790771484|250.298095703125|0.0|0.0|0.0|0.0|0.0|InChI=1S/C10H20/c1-3-5-7-9-10-8-6-4-2/h3H,1,4-10H2,2H3|C=CCCCCCCCC
5.86293888092041|4.148559093475342|376.17388916015625|0.3355876116988577|2138.836296442433|0.0|1.0|0.0|InChI=1S/C9H17N2.4ClH.Ga/c1-3-4-5-6-11-8-7-10(2)9-11;;;;;/h7-9H,3-6H2,1-2H3;4*1H;/q+1;;;;;+3/p-4|CCCCCn1cc[n+](C)c1.[Cl-].[Cl-].[Cl-].[Cl-].[Ga+3]
5.771143436431885|4.2244954109191895|397.7622375488281|9.060703176176948e-05|2661.8175823059446|0.0|4.0|0.0|InChI=1S/C9H14N.C2F6NO4S2/c1-3-6-10-7-4-5-9(2)8-10;3-1(4,5)14(10,11)9-15(12,13)2(6,7)8/h4-5,7-8H,3,6H2,1-2H3;/q+1;-1|CCC[n+]1cccc(C)c1.O=S(=O)([N-]S(=O)(=O)C(F)(F)F)C(F)(F)F
2.3511221408843994|3.6521313190460205|281.452880859375|0.07362339472932442|1052.2699092855687|0.0|1.0|1.0|InChI=1S/C4H9N/c1-2-4-5-3-1/h5H,1-4H2|C1CCNC1
5.453965187072754|4.165008068084717|394.45880126953125|0.27891523715630573|2566.9541177765577|0.0|1.0|0.0|InChI=1S/C8H15N2.4ClH.Fe/c1-3-4-5-10-7-6-9(2)8-10;;;;;/h6-8H,3-5H2,1-2H3;4*1H;/q+1;;;;;+3/p-4|CCCCn1cc[n+](C)c1.[Cl-].[Cl-].[Cl-].[Cl-].[Fe+3]
12.126180648803711|3.8793745040893555|242.50755310058594|0.0|0.0|0.0|0.0|0.0|InChI=1S/C28H58/c1-3-5-7-9-11-13-15-17-19-21-23-25-27-28-26-24-22-20-18-16-14-12-10-8-6-4-2/h3-28H2,1-2H3|CCCCCCCCCCCCCCCCCCCCCCCCCCCC
3.941080093383789|3.5146853923797607|231.2653350830078|0.0008021839839784865|1935.0476579500073|0.0|2.0|0.0|InChI=1S/C6H12O2/c1-4-8-6(7)5(2)3/h5H,4H2,1-3H3|CCOC(=O)C(C)C
9.126504898071289|4.362793445587158|370.2725830078125|0.0001696273987509538|4794.032979920248|0.0|4.0|0.0|InChI=1S/C21H38N.C2F6NO4S2/c1-4-5-6-7-8-9-10-11-12-16-19-22(2,3)20-21-17-14-13-15-18-21;3-1(4,5)14(10,11)9-15(12,13)2(6,7)8/h13-15,17-18H,4-12,16,19-20H2,1-3H3;/q+1;-1|CCCCCCCCCCCC[N+](C)(C)Cc1ccccc1.O=S(=O)([N-]S(=O)(=O)C(F)(F)F)C(F)(F)F
3.535200595855713|4.242426872253418|421.5448913574219|0.011045857087512732|1647.8774310214928|0.0|2.0|1.0|InChI=1S/C6H11N2O.F6P/c1-7-2-3-8(6-7)4-5-9;1-7(2,3,4,5)6/h2-3,6,9H,4-5H2,1H3;/q+1;-1|C[n+]1ccn(CCO)c1.F[P-](F)(F)(F)(F)F
3.4002504348754883|4.162572860717773|345.362060546875|0.0012619455070226114|1989.9512177377837|0.0|3.0|1.0|InChI=1S/C7H17N3/c1-9-4-6-10(3-2-8)7-5-9/h2-8H2,1H3|CN1CCN(CCN)CC1
4.193578243255615|3.754854202270508|240.63140869140625|0.0009404681398891792|977.815205222134|0.0|1.0|0.0|InChI=1S/C8H18O/c1-3-5-7-9-8-6-4-2/h3-8H2,1-2H3|CCCCOCCCC
3.3821918964385986|3.6444783210754395|336.19866943359375|0.018847511247451508|3366.382849374824|0.0|1.0|0.0|InChI=1S/C8H7N/c9-7-6-8-4-2-1-3-5-8/h1-5H,6H2|N#CCc1ccccc1
4.115984916687012|2.765510320663452|164.44825744628906|0.09128707329818828|3077.8445343224444|0.0|2.0|1.0|InChI=1S/C3H4O3/c1-2(4)3(5)6/h1H3,(H,5,6)|CC(=O)C(=O)O
3.888176679611206|3.985058069229126|377.01458740234375|0.003876124707969286|2000.420216320205|0.0|1.0|0.0|InChI=1S/C6H11N2.F6P/c1-3-8-5-4-7(2)6-8;1-7(2,3,4,5)6/h4-6H,3H2,1-2H3;/q+1;-1|CCn1cc[n+](C)c1.F[P-](F)(F)(F)(F)F
5.893263816833496|3.780797243118286|354.952392578125|0.11765666749912616|1178.2108575156067|0.0|4.0|0.0|InChI=1S/C8H15N2O.C2N3/c1-3-9-4-5-10(8-9)6-7-11-2;3-1-5-2-4/h4-5,8H,3,6-7H2,1-2H3;/q+1;-1|CC[n+]1ccn(CCOC)c1.N#C[N-]C#N
6.591318130493164|3.9331226348876953|345.94012451171875|0.0|0.0|0.0|0.0|0.0|InChI=1S/C24H18/c1-4-10-19(11-5-1)22-16-23(20-12-6-2-7-13-20)18-24(17-22)21-14-8-3-9-15-21/h1-18H|c1ccc(-c2cc(-c3ccccc3)cc(-c3ccccc3)c2)cc1
3.3848447799682617|3.650702714920044|385.0600891113281|0.003988519502041519|2919.371435217054|0.0|2.0|0.0|InChI=1S/C6H8N2/c7-5-3-1-2-4-6-8/h1-4H2|N#CCCCCC#N
1.4016791582107544|4.48563289642334|462.2505187988281|0.0014267782479356341|1536.2905870006596|0.0|2.0|2.0|InChI=1S/C2H6S2/c3-1-2-4/h3-4H,1-2H2|SCCS
6.236957550048828|4.160037040710449|372.3338623046875|3.117632777502104e-05|4145.189721642543|0.0|6.0|0.0|InChI=1S/C7H16NO2.C2F6NO4S2/c1-7(9)10-6-5-8(2,3)4;3-1(4,5)14(10,11)9-15(12,13)2(6,7)8/h5-6H2,1-4H3;/q+1;-1|CC(=O)OCC[N+](C)(C)C.O=S(=O)([N-]S(=O)(=O)C(F)(F)F)C(F)(F)F
12.2888822555542|4.323869705200195|271.27789306640625|0.037387854269733435|2484.7952785953844|0.0|1.0|0.0|InChI=1S/C25H54N.C10H20O2/c1-5-8-11-14-17-20-23-26(4,24-21-18-15-12-9-6-2)25-22-19-16-13-10-7-3;1-3-5-6-9(4-2)7-8-10(11)12/h5-25H2,1-4H3;9H,3-8H2,1-2H3,(H,11,12)/q+1;/p-1|CCCCC(CC)CCC(=O)[O-].CCCCCCCC[N+](C)(CCCCCCCC)CCCCCCCC
2.1893410682678223|4.301072597503662|344.0506591796875|0.006804834300348219|2276.0836798983933|0.0|3.0|1.0|InChI=1S/C5H12O3/c1-7-4-5-8-3-2-6/h6H,2-5H2,1H3|COCCOCCO
5.548936367034912|3.7936506271362305|273.126220703125|0.0|0.0|0.0|0.0|0.0|InChI=1S/C10H16N.BF4/c1-3-4-8-11-9-6-5-7-10(11)2;2-1(3,4)5/h5-7,9H,3-4,8H2,1-2H3;/q+1;-1|CCCC[n+]1ccccc1C.F[B-](F)(F)F
6.09440279006958|3.9383599758148193|309.1011657714844|0.005801251200446408|2700.59331613535|0.0|4.0|1.0|InChI=1S/C8H14NO2.C7H6O3/c1-9(5-7-6-11-7)4-2-3-8(9)10;8-6-4-2-1-3-5(6)7(9)10/h7H,2-6H2,1H3;1-4,8H,(H,9,10)/q+1;/p-1|C[N+]1(CC2CO2)CCCC1=O.O=C(O)c1ccccc1[O-]
9.515531539916992|4.4459614753723145|268.4820556640625|9.010435237041676e-06|5000.0|0.0|5.0|2.0|InChI=1S/C16H36N.C9H19NO4S/c1-5-9-13-17(14-10-6-2,15-11-7-3)16-12-8-4;11-9(7-15(12,13)14)6-10-8-4-2-1-3-5-8/h5-16H2,1-4H3;8-11H,1-7H2,(H,12,13,14)/q+1;/p-1|CCCC[N+](CCCC)(CCCC)CCCC.O=S(=O)([O-])CC(O)CNC1CCCCC1
4.697329044342041|3.741854190826416|266.6304931640625|0.002549617709956038|2130.610610752891|0.0|1.0|0.0|InChI=1S/C10H18O/c1-9(2)5-4-6-10(3)7-8-11/h5,8,10H,4,6-7H2,1-3H3|CC(C)=CCCC(C)CC=O
6.495128631591797|3.579571485519409|257.7929382324219|0.002415766595594589|1556.3728203834194|0.0|2.0|2.0|InChI=1S/C5H13N3.C5H10O2/c1-7(2)5(6)8(3)4;1-2-3-4-5(6)7/h6H,1-4H3;2-4H2,1H3,(H,6,7)|CCCCC(=O)O.CN(C)C(=N)N(C)C
3.6361348628997803|3.3418662548065186|231.78175354003906|0.0|0.0|0.0|0.0|0.0|InChI=1S/C6H2F4/c7-3-1-4(8)6(10)2-5(3)9/h1-2H|Fc1cc(F)c(F)cc1F
4.04801607131958|3.8255574703216553|316.9082336425781|0.0|0.0|0.0|0.0|0.0|InChI=1S/C13H12/c1-11-6-5-9-13(10-11)12-7-3-2-4-8-12/h2-10H,1H3|Cc1cccc(-c2ccccc2)c1
3.6360061168670654|3.785158157348633|352.6808166503906|0.01743540145273849|3976.4249335984546|0.0|5.0|1.0|InChI=1S/C7H4N2O6/c10-7(11)4-1-2-5(8(12)13)6(3-4)9(14)15/h1-3H,(H,10,11)|O=C(O)c1ccc([N+](=O)[O-])c([N+](=O)[O-])c1
4.473891735076904|3.855656862258911|326.6750793457031|0.0|0.0|0.0|0.0|0.0|InChI=1S/C13H10/c1-3-7-12-10(5-1)9-11-6-2-4-8-13(11)12/h1-8H,9H2|c1ccc2c(c1)Cc1ccccc1-2
3.7531533241271973|3.333296298980713|232.9441680908203|0.0006470997917700443|669.6095486917206|0.0|2.0|0.0|InChI=1S/C5H8O2/c1-3-5(6)7-4-2/h4H,2-3H2,1H3|C=COC(=O)CC
4.719165325164795|3.6716392040252686|260.6104736328125|0.012556100414092051|3012.3269101545266|0.0|1.0|0.0|InChI=1S/C8H18OS/c1-3-5-7-10(9)8-6-4-2/h3-8H2,1-2H3|CCCCS(=O)CCCC
5.1279401779174805|3.880699634552002|404.1075439453125|0.0030665495752309397|1844.554756396057|0.0|4.0|0.0|InChI=1S/C7H13N2.NO3/c1-3-4-9-6-5-8(2)7-9;2-1(3)4/h5-7H,3-4H2,1-2H3;/q+1;-1|CCCn1cc[n+](C)c1.O=[N+]([O-])[O-]
7.22662878036499|4.062483787536621|275.0067138671875|0.0016471122746380903|3988.7209515901454|0.0|2.0|0.0|InChI=1S/C20H34O2/c1-3-5-6-7-8-9-10-11-12-13-14-15-16-17-18-19-20(21)22-4-2/h5-6,8-9,11-12H,3-4,7,10,13-19H2,1-2H3/b6-5-,9-8-,12-11-|CC/C=C\C/C=C\C/C=C\CCCCCCCC(=O)OCC
3.7589306831359863|3.574850559234619|293.9486083984375|0.11710962976281024|1733.2380834091525|0.0|1.0|0.0|InChI=1S/C8H11N/c1-9(2)8-6-4-3-5-7-8/h3-7H,1-2H3|CN(C)c1ccccc1
2.680711507797241|2.7323968410491943|203.1560821533203|0.0005757104024767217|426.5133624870962|0.0|2.0|0.0|InChI=1S/O2S/c1-3-2|O=S=O
1.2638866901397705|4.411288738250732|550.0|0.002762325683172719|2633.9415685079057|0.0|2.0|1.0|InChI=1S/C3H5NO/c4-2-1-3-5/h5H,1,3H2|N#CCCO
5.549707412719727|3.934955596923828|401.7546691894531|0.00034422513950237366|3406.0021732179284|0.0|4.0|2.0|InChI=1S/C8H15N2.C3H7NO3/c1-3-4-5-10-7-6-9(2)8-10;4-2(1-5)3(6)7/h6-8H,3-5H2,1-2H3;2,5H,1,4H2,(H,6,7)/q+1;/p-1/t;2-/m.0/s1|CCCCn1cc[n+](C)c1.N[C@@H](CO)C(=O)[O-]
8.075833320617676|3.9316341876983643|259.0999450683594|0.00042109363911994896|2913.252437616518|0.0|3.0|0.0|InChI=1S/C11H24N.C6H15O3P/c1-3-4-5-6-9-12(2)10-7-8-11-12;1-2-3-4-5-6-9-10(7)8/h3-11H2,1-2H3;10H,2-6H2,1H3,(H,7,8)/q+1;/p-1|CCCCCCO[PH](=O)[O-].CCCCCC[N+]1(C)CCCC1
5.254557132720947|3.9959278106689453|388.41558837890625|0.12950031716297758|3230.9821909446564|0.0|2.0|0.0|InChI=1S/C7H11BrN5.BrH/c1-12-2-3-13(6-12)5-7(4-8)10-11-9;/h2-3,6-7H,4-5H2,1H3;1H/q+1;/p-1|C[n+]1ccn(CC(CBr)N=[N+]=[N-])c1.[Br-]
8.496208190917969|4.256192684173584|363.60076904296875|0.0011881663870243937|2233.8982939640323|0.0|5.0|0.0|InChI=1S/C13H29N2S.C2F6NO4S2/c1-6-7-8-9-10-11-12-16-13(14(2)3)15(4)5;3-1(4,5)14(10,11)9-15(12,13)2(6,7)8/h6-12H2,1-5H3;/q+1;-1|CCCCCCCCSC(N(C)C)=[N+](C)C.O=S(=O)([N-]S(=O)(=O)C(F)(F)F)C(F)(F)F
6.013760566711426|4.139277935028076|310.966552734375|3.1632048330067465e-05|2970.2115339984725|0.0|6.0|0.0|InChI=1S/C12H24O6/c1-2-14-5-6-16-9-10-18-12-11-17-8-7-15-4-3-13-1/h1-12H2|C1COCCOCCOCCOCCOCCO1
6.061079025268555|4.033071041107178|208.56251525878906|0.00010991557991855977|944.9774143548966|0.0|4.0|0.0|InChI=1S/C8H24O4Si4/c1-13(2)9-14(3,4)11-16(7,8)12-15(5,6)10-13/h1-8H3|C[Si]1(C)O[Si](C)(C)O[Si](C)(C)O[Si](C)(C)O1
7.309695720672607|3.1915032863616943|227.5958251953125|0.002118334266947452|2586.1342263137003|0.0|4.0|0.0|InChI=1S/C9H16O4/c1-12-8(10)6-4-3-5-7-9(11)13-2/h3-7H2,1-2H3|COC(=O)CCCCCC(=O)OC
4.953919410705566|3.9252617359161377|335.4100036621094|0.00046596758207740295|2193.574705668076|0.0|1.0|0.0|InChI=1S/C9H17N2.BF4/c1-3-4-5-6-11-8-7-10(2)9-11;2-1(3,4)5/h7-9H,3-6H2,1-2H3;/q+1;-1|CCCCCn1cc[n+](C)c1.F[B-](F)(F)F
7.452944755554199|4.125403881072998|372.5847473144531|0.0006883443435870055|2202.511362565522|0.0|5.0|0.0|InChI=1S/C11H21N2.C2F6NO4S2/c1-4-5-6-7-8-13-10-9-12(3)11(13)2;3-1(4,5)14(10,11)9-15(12,13)2(6,7)8/h9-10H,4-8H2,1-3H3;/q+1;-1|CCCCCCn1cc[n+](C)c1C.O=S(=O)([N-]S(=O)(=O)C(F)(F)F)C(F)(F)F
5.532478332519531|4.47256326675415|500.7663879394531|0.0011045550862569975|2856.6202371775794|0.0|5.0|0.0|InChI=1S/C9H17N2.C2F6NO4S2/c1-3-4-5-6-11-8-7-10(2)9-11;3-1(4,5)14(10,11)9-15(12,13)2(6,7)8/h7-9H,3-6H2,1-2H3;/q+1;-1|CCCCCn1cc[n+](C)c1.O=S(=O)([N-]S(=O)(=O)C(F)(F)F)C(F)(F)F
3.577375888824463|3.8097007274627686|260.1693420410156|0.0015052685005345194|2875.6889147953516|0.0|2.0|0.0|InChI=1S/C7H12O2/c1-5-6(8)9-7(2,3)4/h5H,1H2,2-4H3|C=CC(=O)OC(C)(C)C
3.1528849601745605|3.512712001800537|312.817138671875|0.008276717340264257|2770.088709356852|0.0|2.0|0.0|InChI=1S/C5H8O2/c1-4-2-3-5(6)7-4/h4H,2-3H2,1H3|CC1CCC(=O)O1
4.697973728179932|4.195723056793213|500.1769104003906|0.011611590087909067|1968.7276391133742|0.0|2.0|0.0|InChI=1S/C13H14N3.ClH/c14-7-4-8-15-9-10-16(12-15)11-13-5-2-1-3-6-13;/h1-3,5-6,9-10,12H,4,8,11H2;1H/q+1;/p-1|N#CCC[n+]1ccn(Cc2ccccc2)c1.[Cl-]
5.836215019226074|3.525804281234741|257.4724426269531|0.020351564614760502|1845.301209767863|0.0|4.0|0.0|InChI=1S/C9H16O4/c1-3-5-12-8(10)7-9(11)13-6-4-2/h3-7H2,1-2H3|CCCOC(=O)CC(=O)OCCC
1.63832688331604|3.0625171661376953|228.08787536621094|0.0|0.0|0.0|0.0|0.0|InChI=1S/H2S/h1H2|S
3.6942265033721924|3.5717926025390625|163.9641876220703|0.0|0.0|0.0|0.0|0.0|InChI=1S/C4F10/c5-1(6,3(9,10)11)2(7,8)4(12,13)14|FC(F)(F)C(F)(F)C(F)(F)C(F)(F)F
4.308078289031982|3.3007876873016357|313.25714111328125|0.0028443595835507926|3058.655853667722|0.0|1.0|2.0|InChI=1S/C7H7NO/c8-7(9)6-4-2-1-3-5-6/h1-5H,(H2,8,9)|N=C(O)c1ccccc1
3.523696184158325|3.7656571865081787|252.8968505859375|0.023922744491068185|3052.1946480182482|0.0|2.0|0.0|InChI=1S/C6H14O2/c1-4-6(2)8-5-7-3/h6H,4-5H2,1-3H3|CCC(C)OCOC
5.523136138916016|3.970268487930298|332.9932556152344|0.09792051623962911|509.81540947923946|0.0|1.0|0.0|InChI=1S/C9H17N2.6FH.Sb/c1-3-4-5-6-11-8-7-10(2)9-11;;;;;;;/h7-9H,3-6H2,1-2H3;6*1H;/q+1;;;;;;;+5/p-6|CCCCCn1cc[n+](C)c1.[F-].[F-].[F-].[F-].[F-].[F-].[Sb+5]
4.749935150146484|3.5039658546447754|281.20819091796875|0.003229609606590111|3484.253362716993|0.0|1.0|0.0|InChI=1S/C10H12O/c1-9(11)7-8-10-5-3-2-4-6-10/h2-6H,7-8H2,1H3|CC(=O)CCc1ccccc1
7.728906631469727|4.225119590759277|371.66741943359375|0.0033441705338975846|2099.7225526506345|0.0|4.0|0.0|InChI=1S/C14H24N.C2F6NO4S2/c1-5-6-7-8-9-15-11-12(2)10-13(3)14(15)4;3-1(4,5)14(10,11)9-15(12,13)2(6,7)8/h10-11H,5-9H2,1-4H3;/q+1;-1|CCCCCC[n+]1cc(C)cc(C)c1C.O=S(=O)([N-]S(=O)(=O)C(F)(F)F)C(F)(F)F
6.821989059448242|3.903902292251587|270.8882751464844|0.0|0.0|0.0|0.0|0.0|InChI=1S/C18H30/c1-2-3-4-5-6-7-8-9-10-12-15-18-16-13-11-14-17-18/h11,13-14,16-17H,2-10,12,15H2,1H3|CCCCCCCCCCCCc1ccccc1
5.9982523918151855|3.136568307876587|257.68682861328125|0.0011960097188915206|3389.6953337379755|0.0|3.0|1.0|InChI=1S/C6H10O4/c1-2-10-6(9)4-3-5(7)8/h2-4H2,1H3,(H,7,8)|CCOC(=O)CCC(=O)O
3.5439229011535645|3.312548875808716|185.69345092773438|0.0|0.0|0.0|0.0|0.0|InChI=1S/C3HClF4/c4-1-2(5)3(6,7)8/h1H/b2-1-|F/C(=C\Cl)C(F)(F)F
2.27272367477417|3.7435739040374756|271.79290771484375|0.0|0.0|0.0|0.0|0.0|InChI=1S/C5H10/c1-2-4-5-3-1/h1-5H2|C1CCCC1
15.623282432556152|4.5|273.9928283691406|0.0|0.0|0.0|0.0|0.0|InChI=1S/C32H68P.C6F18P/c1-5-9-13-17-18-19-20-21-22-23-24-28-32-33(29-25-14-10-6-2,30-26-15-11-7-3)31-27-16-12-8-4;7-1(8,9)4(16,17)25(22,23,24,5(18,19)2(10,11)12)6(20,21)3(13,14)15/h5-32H2,1-4H3;/q+1;-1|CCCCCCCCCCCCCC[P+](CCCCCC)(CCCCCC)CCCCCC.FC(F)(F)C(F)(F)[P-](F)(F)(F)(C(F)(F)C(F)(F)F)C(F)(F)C(F)(F)F
3.6438260078430176|3.2235589027404785|232.42782592773438|0.014440750597250338|2157.935680862179|0.0|1.0|1.0|InChI=1S/C4H10O/c1-2-3-4-5/h5H,2-4H2,1H3|CCCCO
3.1210193634033203|3.9391956329345703|239.8612823486328|0.0|0.0|0.0|0.0|0.0|InChI=1S/C7H16/c1-6(2)5-7(3)4/h6-7H,5H2,1-4H3|CC(C)CC(C)C
6.283037185668945|4.107840061187744|382.15704345703125|0.006243032743339013|2143.1369256385487|0.0|4.0|2.0|InChI=1S/C10H19N2.C4H9NO3/c1-3-4-5-6-7-12-9-8-11(2)10-12;1-2(6)3(5)4(7)8/h8-10H,3-7H2,1-2H3;2-3,6H,5H2,1H3,(H,7,8)/q+1;/p-1/t;2-,3+/m.1/s1|CCCCCCn1cc[n+](C)c1.C[C@@H](O)[C@H](N)C(=O)[O-]
3.230574131011963|3.394361734390259|317.47381591796875|0.0049160230733774615|3106.4987623352563|0.0|3.0|0.0|InChI=1S/C4H6O3/c1-3-2-6-4(5)7-3/h3H,2H2,1H3/t3-/m1/s1|C[C@@H]1COC(=O)O1
2.787614107131958|4.041647911071777|350.2787170410156|0.0|0.0|0.0|0.0|0.0|InChI=1S/C6H11I/c7-6-4-2-1-3-5-6/h6H,1-5H2|IC1CCCCC1
9.343741416931152|3.8556740283966064|258.5045471191406|0.0005746396638386936|4602.895352174077|0.0|1.0|1.0|InChI=1S/C22H46O/c1-2-3-4-5-6-7-8-9-10-11-12-13-14-15-16-17-18-19-20-21-22-23/h23H,2-22H2,1H3|CCCCCCCCCCCCCCCCCCCCCCO
5.58377742767334|3.654481887817383|279.549560546875|0.006763167249236169|2888.8901592647967|0.0|3.0|1.0|InChI=1S/C8H12NO.C4N3/c10-8-4-7-9-5-2-1-3-6-9;5-1-4(2-6)3-7/h1-3,5-6,10H,4,7-8H2;/q+1;-1|N#CC(=C=[N-])C#N.OCCC[n+]1ccccc1
2.9686193466186523|3.8352742195129395|333.4220886230469|0.0|0.0|0.0|0.0|0.0|InChI=1S/C7H7I/c1-6-3-2-4-7(8)5-6/h2-5H,1H3|Cc1cccc(I)c1
3.1635563373565674|3.4472055435180664|311.1120910644531|0.5435142378878072|1278.930101915407|0.0|2.0|0.0|InChI=1S/C5H4OS/c6-4-5-2-1-3-7-5/h1-4H|O=Cc1cccs1
6.933182239532471|4.435771942138672|271.5895690917969|0.00015408186681214412|4428.325329942824|0.0|5.0|1.0|InChI=1S/C23H44O5/c1-3-5-7-9-11-13-15-17-22(25)27-19-21(24)20-28-23(26)18-16-14-12-10-8-6-4-2/h21,24H,3-20H2,1-2H3|CCCCCCCCCC(=O)OCC(O)COC(=O)CCCCCCCCC
9.611696243286133|4.438089370727539|300.57025146484375|0.001623691728149842|1588.2510506754588|0.0|5.0|2.0|InChI=1S/C16H36P.C9H19NO4S/c1-5-9-13-17(14-10-6-2,15-11-7-3)16-12-8-4;11-9(7-15(12,13)14)6-10-8-4-2-1-3-5-8/h5-16H2,1-4H3;8-11H,1-7H2,(H,12,13,14)/q+1;/p-1|CCCC[P+](CCCC)(CCCC)CCCC.O=S(=O)([O-])CC(O)CNC1CCCCC1
3.9231491088867188|3.939462661743164|251.4612579345703|0.0|0.0|0.0|0.0|0.0|InChI=1S/C10H22/c1-5-9(3)7-8-10(4)6-2/h9-10H,5-8H2,1-4H3|CCC(C)CCC(C)CC
14.126255989074707|4.329233646392822|272.7586975097656|0.0014273423148071088|3850.773053006341|0.0|4.0|0.0|InChI=1S/C32H68P.C4BN4/c1-5-9-13-17-18-19-20-21-22-23-24-28-32-33(29-25-14-10-6-2,30-26-15-11-7-3)31-27-16-12-8-4;6-1-5(2-7,3-8)4-9/h5-32H2,1-4H3;/q+1;-1|CCCCCCCCCCCCCC[P+](CCCCCC)(CCCCCC)CCCCCC.N#C[B-](C#N)(C#N)C#N
12.787010192871094|4.5|550.0|0.00015504723286721532|5000.0|0.0|10.0|0.0|InChI=1S/C17H30N4.2C4F10NO4S2/c1-18-12-14-20(16-18)10-8-6-4-3-5-7-9-11-21-15-13-19(2)17-21;2*5-1(6,7)3(11,12)20(16,17)15-21(18,19)4(13,14)2(8,9)10/h12-17H,3-11H2,1-2H3;;/q+2;2*-1|C[n+]1ccn(CCCCCCCCCn2cc[n+](C)c2)c1.O=S(=O)([N-]S(=O)(=O)C(F)(F)C(F)(F)F)C(F)(F)C(F)(F)F.O=S(=O)([N-]S(=O)(=O)C(F)(F)C(F)(F)F)C(F)(F)C(F)(F)F
6.210562229156494|4.474360466003418|481.43658447265625|0.0001820731056142654|2903.2451610848184|0.0|5.0|0.0|InChI=1S/C11H21N2.C2F6NO4S2/c1-11(2)6-4-5-7-13-9-8-12(3)10-13;3-1(4,5)14(10,11)9-15(12,13)2(6,7)8/h8-11H,4-7H2,1-3H3;/q+1;-1|CC(C)CCCCn1cc[n+](C)c1.O=S(=O)([N-]S(=O)(=O)C(F)(F)F)C(F)(F)F
4.91623592376709|3.1904025077819824|189.13095092773438|0.9|2847.7672413037194|0.0|1.0|1.0|InChI=1S/C6H3Cl3O/c7-3-1-4(8)6(10)5(9)2-3/h1-2,10H|Oc1c(Cl)cc(Cl)cc1Cl
6.007326602935791|3.9021010398864746|350.0295715332031|0.0034903394063453405|3505.2691043924046|0.0|5.0|0.0|InChI=1S/C4H6N2.C2F6NO4S2/c1-6-3-2-5-4-6;3-1(4,5)14(10,11)9-15(12,13)2(6,7)8/h2-4H,1H3;/q;-1/p+1|Cn1cc[nH+]c1.O=S(=O)([N-]S(=O)(=O)C(F)(F)F)C(F)(F)F
4.766606330871582|4.081937789916992|300.6890563964844|0.0003064276048412991|2076.9610419573173|0.0|3.0|0.0|InChI=1S/C7H16N.C2H7O3P/c1-3-8(2)6-4-5-7-8;1-2-5-6(3)4/h3-7H2,1-2H3;6H,2H2,1H3,(H,3,4)/q+1;/p-1|CCO[PH](=O)[O-].CC[N+]1(C)CCCC1
4.395426273345947|3.7831714153289795|318.4080505371094|0.011557003108840683|1864.822550180915|0.0|1.0|0.0|InChI=1S/C12H11N/c1-2-6-11(7-3-1)10-12-8-4-5-9-13-12/h1-9H,10H2|c1ccc(Cc2ccccn2)cc1
3.0938217639923096|3.7590620517730713|284.6150817871094|0.0|0.0|0.0|0.0|0.0|InChI=1S/C8H10/c1-2-8-6-4-3-5-7-8/h3-7H,2H2,1H3|CCc1ccccc1
5.009479999542236|3.512941360473633|235.0873260498047|0.0016118460199013652|440.16956875980486|0.0|2.0|0.0|InChI=1S/C8H16O2/c1-3-5-6-7-10-8(9)4-2/h3-7H2,1-2H3|CCCCCOC(=O)CC
4.708556652069092|3.1250722408294678|192.71820068359375|0.0007118087920996194|2338.440298808562|0.0|1.0|0.0|InChI=1S/C4H4F6O/c5-2(6)1-11-4(9,10)3(7)8/h2-3H,1H2|FC(F)COC(F)(F)C(F)F
4.136428356170654|4.198593616485596|330.2282409667969|0.00020159348819110727|310.4691561250646|0.0|3.0|3.0|InChI=1S/C4H11NO.C3H6O2/c1-2-5-3-4-6;1-2-3(4)5/h5-6H,2-4H2,1H3;2H2,1H3,(H,4,5)|CCC(=O)O.CCNCCO
13.7233247756958|4.5|335.9990539550781|0.004316467726147679|5000.0|0.0|11.0|5.0|InChI=1S/C14H23N3O10.3C5H14NO/c18-10(19)5-15(1-3-16(6-11(20)21)7-12(22)23)2-4-17(8-13(24)25)9-14(26)27;3*1-6(2,3)4-5-7/h1-9H2,(H,18,19)(H,20,21)(H,22,23)(H,24,25)(H,26,27);3*7H,4-5H2,1-3H3/q;3*+1/p-3|C[N+](C)(C)CCO.C[N+](C)(C)CCO.C[N+](C)(C)CCO.O=C([O-])CN(CCN(CC(=O)[O-])CC(=O)[O-])CCN(CC(=O)O)CC(=O)O
8.077068328857422|3.9035274982452393|233.38966369628906|0.02490127805200534|515.0551601881816|0.0|3.0|2.0|InChI=1S/C15H35NP.C3H7NO2/c1-4-7-12-17(13-8-5-2,14-9-6-3)15-10-11-16;1-2(4)3(5)6/h4-16H2,1-3H3;2H,4H2,1H3,(H,5,6)/q+1;/p-1/t;2-/m.0/s1|CCCC[P+](CCCC)(CCCC)CCCN.C[C@H](N)C(=O)[O-]
5.50974178314209|4.321625232696533|293.9807434082031|0.008687536775658892|2865.8987767229005|0.0|2.0|2.0|InChI=1S/C8H16O2.C7H15N/c1-2-3-4-5-6-7-8(9)10;1-8-7-5-3-2-4-6-7/h2-7H2,1H3,(H,9,10);7-8H,2-6H2,1H3|CCCCCCCC(=O)O.CNC1CCCCC1
6.292709827423096|4.257314682006836|416.8594665527344|0.00020482412186866513|3043.179902811718|0.0|4.0|0.0|InChI=1S/C13H16N.C2F6NO4S2/c1-2-3-9-14-10-8-12-6-4-5-7-13(12)11-14;3-1(4,5)14(10,11)9-15(12,13)2(6,7)8/h4-8,10-11H,2-3,9H2,1H3;/q+1;-1|CCCC[n+]1ccc2ccccc2c1.O=S(=O)([N-]S(=O)(=O)C(F)(F)F)C(F)(F)F
2.1807878017425537|3.081993818283081|241.941162109375|0.003857908042037889|1889.9586521384135|0.0|1.0|0.0|InChI=1S/C2H4O/c1-2-3-1/h1-2H2|C1CO1
4.662271022796631|3.4740777015686035|252.69256591796875|0.004323295343850807|2145.220408762758|0.0|2.0|0.0|InChI=1S/C7H12N2/c1-3-5-9-6-4-8-7(9)2/h4,6H,3,5H2,1-2H3|CCCn1ccnc1C
5.530148983001709|3.8260722160339355|365.2821350097656|0.10749684879447809|1595.208444682012|0.0|3.0|0.0|InChI=1S/C8H15N2.C2N3/c1-3-4-5-10-7-6-9(2)8-10;3-1-5-2-4/h6-8H,3-5H2,1-2H3;/q+1;-1|CCCCn1cc[n+](C)c1.N#C[N-]C#N
14.769695281982422|4.470026016235352|271.5954284667969|0.0017410790930338968|2559.8854362120164|0.0|1.0|0.0|InChI=1S/C32H68P.C6H12O2/c1-5-9-13-17-18-19-20-21-22-23-24-28-32-33(29-25-14-10-6-2,30-26-15-11-7-3)31-27-16-12-8-4;1-2-3-4-5-6(7)8/h5-32H2,1-4H3;2-5H2,1H3,(H,7,8)/q+1;/p-1|CCCCCC(=O)[O-].CCCCCCCCCCCCCC[P+](CCCCCC)(CCCCCC)CCCCCC
10.766546249389648|4.5|550.0|1.2224514951369329e-05|4349.842284935002|0.0|10.0|0.0|InChI=1S/C13H22N4.2C4F10NO4S2/c1-14-8-10-16(12-14)6-4-3-5-7-17-11-9-15(2)13-17;2*5-1(6,7)3(11,12)20(16,17)15-21(18,19)4(13,14)2(8,9)10/h8-13H,3-7H2,1-2H3;;/q+2;2*-1|C[n+]1ccn(CCCCCn2cc[n+](C)c2)c1.O=S(=O)([N-]S(=O)(=O)C(F)(F)C(F)(F)F)C(F)(F)C(F)(F)F.O=S(=O)([N-]S(=O)(=O)C(F)(F)C(F)(F)F)C(F)(F)C(F)(F)F
5.7353692054748535|3.8006174564361572|261.9195861816406|0.0016077154404685508|2940.2904027854865|0.0|1.0|1.0|InChI=1S/C12H26O/c1-2-3-4-5-6-7-8-9-10-11-12-13/h13H,2-12H2,1H3|CCCCCCCCCCCCO
6.4501519203186035|4.022388458251953|381.2594299316406|0.008387570779623165|1982.09136981024|0.0|5.0|0.0|InChI=1S/C10H19N2.C4BN4/c1-3-4-5-6-7-12-9-8-11(2)10-12;6-1-5(2-7,3-8)4-9/h8-10H,3-7H2,1-2H3;/q+1;-1|CCCCCCn1cc[n+](C)c1.N#C[B-](C#N)(C#N)C#N
2.6486117839813232|3.720914602279663|311.1306457519531|0.0|0.0|0.0|0.0|0.0|InChI=1S/C6H5Cl/c7-6-4-2-1-3-5-6/h1-5H|Clc1ccccc1
6.177595138549805|4.181115627288818|344.813720703125|0.0008972254868685097|3176.302761434666|0.0|4.0|1.0|InChI=1S/C7H17N3.C2F6NO4S2/c1-6-8-7(9(2)3)10(4)5;3-1(4,5)14(10,11)9-15(12,13)2(6,7)8/h6H2,1-5H3;/q;-1/p+1|CC[NH+]=C(N(C)C)N(C)C.O=S(=O)([N-]S(=O)(=O)C(F)(F)F)C(F)(F)F
4.224876403808594|3.558084726333618|242.76773071289062|0.5670273728333076|980.9002204835678|0.0|2.0|2.0|InChI=1S/C5H13N.CH2O2/c1-3-4-5(2)6;2-1-3/h5H,3-4,6H2,1-2H3;1H,(H,2,3)|CCCC(C)N.O=CO
7.758511543273926|3.828511953353882|238.4904022216797|1.023843086951371e-05|3229.3507607060146|0.0|3.0|0.0|InChI=1S/C16H36N.NO3/c1-5-9-13-17(14-10-6-2,15-11-7-3)16-12-8-4;2-1(3)4/h5-16H2,1-4H3;/q+1;-1|CCCC[N+](CCCC)(CCCC)CCCC.O=[N+]([O-])[O-]
3.398178815841675|4.260233402252197|303.65692138671875|0.009623517182400941|2367.3544469766207|0.0|1.0|1.0|InChI=1S/C9H20O/c1-8(5-6-10)7-9(2,3)4/h8,10H,5-7H2,1-4H3|CC(CCO)CC(C)(C)C
3.8630337715148926|3.7570881843566895|341.1246032714844|0.14477778586172074|1323.44533946909|0.0|1.0|0.0|InChI=1S/C11H9N/c1-2-6-10(7-3-1)11-8-4-5-9-12-11/h1-9H|c1ccc(-c2ccccn2)cc1
5.467299461364746|4.035355567932129|311.0362548828125|0.0011071789619170986|2039.2799645589982|0.0|1.0|0.0|InChI=1S/C11H21N2.BrH/c1-3-5-7-12-9-10-13(11-12)8-6-4-2;/h9-11H,3-8H2,1-2H3;1H/q+1;/p-1|CCCCn1cc[n+](CCCC)c1.[Br-]
13.662163734436035|4.5|427.486572265625|0.0005623277419553175|2469.819116617681|0.0|4.0|0.0|InChI=1S/C32H68P.C2F6NO4S2/c1-5-9-13-17-18-19-20-21-22-23-24-28-32-33(29-25-14-10-6-2,30-26-15-11-7-3)31-27-16-12-8-4;3-1(4,5)14(10,11)9-15(12,13)2(6,7)8/h5-32H2,1-4H3;/q+1;-1|CCCCCCCCCCCCCC[P+](CCCCCC)(CCCCCC)CCCCCC.O=S(=O)([N-]S(=O)(=O)C(F)(F)F)C(F)(F)F
3.262845277786255|3.525381565093994|296.22119140625|0.007526521473636349|2124.3504446848433|0.0|1.0|0.0|InChI=1S/C7H5N/c8-6-7-4-2-1-3-5-7/h1-5H|N#Cc1ccccc1
16.640380859375|4.5|291.5939025878906|2.961178816838802e-07|5000.0|0.0|13.0|0.0|InChI=1S/C40H70O13/c1-7-13-19-33(41)48-27-39(28-49-34(42)20-14-8-2,29-50-35(43)21-15-9-3)25-47-26-40(30-51-36(44)22-16-10-4,31-52-37(45)23-17-11-5)32-53-38(46)24-18-12-6/h7-32H2,1-6H3|CCCCC(=O)OCC(COCC(COC(=O)CCCC)(COC(=O)CCCC)COC(=O)CCCC)(COC(=O)CCCC)COC(=O)CCCC
4.539184093475342|3.5006229877471924|304.1351623535156|0.004082293418115775|4648.939222234439|0.0|3.0|1.0|InChI=1S/C7H6N2O3/c8-7(10)5-1-3-6(4-2-5)9(11)12/h1-4H,(H2,8,10)|NC(=O)c1ccc([N+](=O)[O-])cc1
5.693388938903809|3.5773138999938965|311.84735107421875|0.008250179071610804|2265.5844933531125|0.0|2.0|0.0|InChI=1S/C11H10BrNO2/c12-6-3-7-13-10(14)8-4-1-2-5-9(8)11(13)15/h1-2,4-5H,3,6-7H2|O=C1c2ccccc2C(=O)N1CCCBr
4.410961151123047|4.230645656585693|308.0364990234375|0.0|0.0|0.0|0.0|0.0|InChI=1S/C15H24/c1-11-6-5-7-12(2)13-10-15(3,4)14(13)9-8-11/h6,13-14H,2,5,7-10H2,1,3-4H3/b11-6+/t13-,14-/m1/s1|C=C1CC/C=C(\C)CC[C@@H]2[C@@H]1CC2(C)C
8.699989318847656|4.5|395.96142578125|0.00042476296963009943|3623.70903157854|0.0|4.0|0.0|InChI=1S/C18H40N.C2F6NO4S2/c1-5-9-10-11-12-13-14-15-16-17-18-19(6-2,7-3)8-4;3-1(4,5)14(10,11)9-15(12,13)2(6,7)8/h5-18H2,1-4H3;/q+1;-1|CCCCCCCCCCCC[N+](CC)(CC)CC.O=S(=O)([N-]S(=O)(=O)C(F)(F)F)C(F)(F)F
2.3005518913269043|3.7332799434661865|282.43994140625|0.03036413817465275|640.993011165622|0.0|1.0|1.0|InChI=1S/C3H8S/c1-2-3-4/h4H,2-3H2,1H3|CCCS
2.5189311504364014|3.5941858291625977|281.4655456542969|0.0|0.0|0.0|0.0|0.0|InChI=1S/C6H6/c1-2-4-6-5-3-1/h1-6H|c1ccccc1
3.8861303329467773|3.192789316177368|258.0071716308594|0.04946680762623018|1550.0467986510644|0.0|2.0|2.0|InChI=1S/C4H10O2/c1-2-4(6)3-5/h4-6H,2-3H2,1H3|CCC(O)CO
5.912168979644775|3.8105084896087646|290.5609436035156|0.0007155303937093746|2103.8613746378055|0.0|1.0|1.0|InChI=1S/C15H17N/c1-13(15-10-6-3-7-11-15)16-12-14-8-4-2-5-9-14/h2-11,13,16H,12H2,1H3/t13-/m0/s1|C[C@H](NCc1ccccc1)c1ccccc1
2.14365553855896|4.5|314.8891906738281|0.052738647419517566|1235.45020790804|0.0|1.0|1.0|InChI=1S/C7H15N/c1-6-4-3-5-7(2)8-6/h6-8H,3-5H2,1-2H3|CC1CCCC(C)N1
3.334097146987915|4.078431129455566|263.2147216796875|0.007179203113570701|880.8954252106641|0.0|1.0|0.0|InChI=1S/C8H19N/c1-6-9(7(2)3)8(4)5/h7-8H,6H2,1-5H3|CCN(C(C)C)C(C)C
5.733902931213379|3.55111026763916|284.107421875|0.0010266437630074934|1707.7517381141627|0.0|4.0|0.0|InChI=1S/C7H10N.C2H6O4S/c1-2-8-6-4-3-5-7-8;1-2-6-7(3,4)5/h3-7H,2H2,1H3;2H2,1H3,(H,3,4,5)/q+1;/p-1|CCOS(=O)(=O)[O-].CC[n+]1ccccc1
4.737460613250732|4.346965789794922|332.2617492675781|0.0002800143389002504|1471.973818594796|0.0|2.0|1.0|InChI=1S/C7H12O2.C5H14NO/c8-7(9)6-4-2-1-3-5-6;1-6(2,3)4-5-7/h6H,1-5H2,(H,8,9);7H,4-5H2,1-3H3/q;+1/p-1|C[N+](C)(C)CCO.O=C([O-])C1CCCCC1
3.1116886138916016|4.1299896240234375|295.7383728027344|0.0|0.0|0.0|0.0|0.0|InChI=1S/C10H16/c1-7-4-5-8-6-9(7)10(8,2)3/h4,8-9H,5-6H2,1-3H3/t8-,9-/m1/s1|CC1=CC[C@@H]2C[C@H]1C2(C)C
3.9096426963806152|3.617111921310425|252.6303253173828|0.1727149139904479|1191.890851845993|0.0|1.0|0.0|InChI=1S/C7H14O/c1-3-5-7(8)6-4-2/h3-6H2,1-2H3|CCCC(=O)CCC
7.021907806396484|4.5|407.01739501953125|0.0002670519096329322|3961.336537126034|0.0|4.0|0.0|InChI=1S/C13H30N.C2F6NO4S2/c1-5-6-7-8-9-10-11-12-13-14(2,3)4;3-1(4,5)14(10,11)9-15(12,13)2(6,7)8/h5-13H2,1-4H3;/q+1;-1|CCCCCCCCCC[N+](C)(C)C.O=S(=O)([N-]S(=O)(=O)C(F)(F)F)C(F)(F)F
18.534440994262695|4.200993061065674|264.9129638671875|0.0037534093865186167|4963.3732916303115|0.0|1.0|0.0|InChI=1S/C32H68N.C18H34O2/c1-5-9-13-17-21-25-29-33(30-26-22-18-14-10-6-2,31-27-23-19-15-11-7-3)32-28-24-20-16-12-8-4;1-2-3-4-5-6-7-8-9-10-11-12-13-14-15-16-17-18(19)20/h5-32H2,1-4H3;9-10H,2-8,11-17H2,1H3,(H,19,20)/q+1;/p-1/b;10-9-|CCCCCCCC/C=C\CCCCCCCC(=O)[O-].CCCCCCCC[N+](CCCCCCCC)(CCCCCCCC)CCCCCCCC
3.550701856613159|4.175417423248291|285.986328125|0.020273061428655034|997.7155665093773|0.0|2.0|1.0|InChI=1S/C8H19NS/c1-7(2)9(5-6-10)8(3)4/h7-8,10H,5-6H2,1-4H3|CC(C)N(CCS)C(C)C
18.34581756591797|4.5|309.5526123046875|0.00017591443794328127|5000.0|0.0|3.0|0.0|InChI=1S/C32H68P.C18H30O3S/c1-5-9-13-17-18-19-20-21-22-23-24-28-32-33(29-25-14-10-6-2,30-26-15-11-7-3)31-27-16-12-8-4;1-2-3-4-5-6-7-8-9-10-11-12-17-13-15-18(16-14-17)22(19,20)21/h5-32H2,1-4H3;13-16H,2-12H2,1H3,(H,19,20,21)/q+1;/p-1|CCCCCCCCCCCCCC[P+](CCCCCC)(CCCCCC)CCCCCC.CCCCCCCCCCCCc1ccc(S(=O)(=O)[O-])cc1
5.855356693267822|3.676915168762207|282.64178466796875|0.05904632984921464|2212.0526799859595|0.0|2.0|1.0|InChI=1S/C9H16N2.C3H3N2/c1-2-5-9-10-6-4-8-11(9)7-3-1;1-2-5-3-4-1/h1-8H2;1-3H/q;-1/p+1|C1CCC2=[NH+]CCCN2CC1.c1c[n-]cn1
10.392637252807617|3.4083802700042725|235.92156982421875|0.014344482185797707|1994.231631032031|0.0|7.0|4.0|InChI=1S/C6H15NO3.C2F6NO4S2/c8-4-1-7(2-5-9)3-6-10;3-1(4,5)14(10,11)9-15(12,13)2(6,7)8/h8-10H,1-6H2;/q;-1/p+1|O=S(=O)([N-]S(=O)(=O)C(F)(F)F)C(F)(F)F.OCC[NH+](CCO)CCO
4.711073398590088|4.5|536.0733032226562|0.0004210300717304215|3071.617640939637|0.0|5.0|0.0|InChI=1S/C7H13N2.C2F6NO4S2/c1-3-8-5-6-9(4-2)7-8;3-1(4,5)14(10,11)9-15(12,13)2(6,7)8/h5-7H,3-4H2,1-2H3;/q+1;-1|CCn1cc[n+](CC)c1.O=S(=O)([N-]S(=O)(=O)C(F)(F)F)C(F)(F)F
4.668399333953857|3.280409336090088|268.68719482421875|0.0012543506264157055|2991.642607752169|0.0|1.0|1.0|InChI=1S/C8H10O/c1-7(9)8-5-3-2-4-6-8/h2-7,9H,1H3/t7-/m0/s1|C[C@H](O)c1ccccc1
8.498994827270508|4.199280738830566|367.0611572265625|0.00066971763229149|2038.956448362358|0.0|4.0|0.0|InChI=1S/C15H26N.C2F6NO4S2/c1-5-7-8-9-10-16-12-13(3)11-14(4)15(16)6-2;3-1(4,5)14(10,11)9-15(12,13)2(6,7)8/h11-12H,5-10H2,1-4H3;/q+1;-1|CCCCCC[n+]1cc(C)cc(C)c1CC.O=S(=O)([N-]S(=O)(=O)C(F)(F)F)C(F)(F)F
2.7830893993377686|4.498529434204102|280.0616455078125|0.0018000528780886121|3488.9102710504308|0.0|1.0|1.0|InChI=1S/C9H20O/c1-7(2)5-9(10)6-8(3)4/h7-10H,5-6H2,1-4H3|CC(C)CC(O)CC(C)C
3.6659297943115234|3.6283867359161377|238.83303833007812|0.0009871162804112655|712.1734721472579|0.0|1.0|0.0|InChI=1S/C3H8Cl2OSi/c1-3-6-7(2,4)5/h3H2,1-2H3|CCO[Si](C)(Cl)Cl
6.65200662612915|3.4305055141448975|242.5240478515625|0.00030460447309232767|3207.0530078144975|0.0|4.0|0.0|InChI=1S/C10H18O4/c1-3-13-9(11)7-5-6-8-10(12)14-4-2/h3-8H2,1-2H3|CCOC(=O)CCCCC(=O)OCC
5.836493015289307|4.237887859344482|412.8897705078125|0.000333774745971766|4390.26388777867|0.0|4.0|0.0|InChI=1S/C8H15N2.C3H2F6O3S/c1-3-4-5-10-7-6-9(2)8-10;4-1(2(5,6)7)3(8,9)13(10,11)12/h6-8H,3-5H2,1-2H3;1H,(H,10,11,12)/q+1;/p-1|CCCCn1cc[n+](C)c1.O=S(=O)([O-])C(F)(F)C(F)C(F)(F)F
17.51620864868164|3.839033603668213|177.01368713378906|6.996764720848013e-07|5000.0|0.0|9.0|0.0|InChI=1S/C22H66O9Si10/c1-32(2,3)23-34(7,8)25-36(11,12)27-38(15,16)29-40(19,20)31-41(21,22)30-39(17,18)28-37(13,14)26-35(9,10)24-33(4,5)6/h1-22H3|C[Si](C)(C)O[Si](C)(C)O[Si](C)(C)O[Si](C)(C)O[Si](C)(C)O[Si](C)(C)O[Si](C)(C)O[Si](C)(C)O[Si](C)(C)O[Si](C)(C)C
6.373794078826904|3.977217435836792|254.95733642578125|0.0|0.0|0.0|0.0|0.0|InChI=1S/C16H34/c1-4-5-6-7-8-9-10-11-12-13-14-15-16(2)3/h16H,4-15H2,1-3H3|CCCCCCCCCCCCCC(C)C
6.1637749671936035|4.062756061553955|276.941650390625|0.004249033707880817|3042.409834269876|0.0|2.0|0.0|InChI=1S/C18H26O2/c1-8-10-13(5)15(9-2)20-17(19)16-14(11-12(3)4)18(16,6)7/h2,10-11,14-16H,8H2,1,3-7H3/b13-10+|C#CC(OC(=O)C1C(C=C(C)C)C1(C)C)/C(C)=C/CC
5.854185104370117|3.9428114891052246|323.4881591796875|0.002842010505833055|1628.038521580891|0.0|1.0|0.0|InChI=1S/C13H25N2.F6P/c1-3-4-5-6-7-8-9-10-15-12-11-14(2)13-15;1-7(2,3,4,5)6/h11-13H,3-10H2,1-2H3;/q+1;-1|CCCCCCCCCn1cc[n+](C)c1.F[P-](F)(F)(F)(F)F
7.891809463500977|4.002115726470947|344.40655517578125|0.0001492651906369221|3734.557585935784|0.0|5.0|0.0|InChI=1S/C8H15N2.C8H18O4S/c1-3-4-5-10-7-6-9(2)8-10;1-2-3-4-5-6-7-8-12-13(9,10)11/h6-8H,3-5H2,1-2H3;2-8H2,1H3,(H,9,10,11)/q+1;/p-1|CCCCCCCCOS(=O)(=O)[O-].CCCCn1cc[n+](C)c1
4.514070510864258|3.6748206615448|270.6053771972656|0.010126418029210256|2910.649916602562|0.0|1.0|1.0|InChI=1S/C8H16O2/c1-2-3-4-5-6-7-8(9)10/h2-7H2,1H3,(H,9,10)|CCCCCCCC(=O)O
5.79825496673584|2.900038957595825|237.85244750976562|0.00010495525786323039|3116.3151893524573|0.0|1.0|1.0|InChI=1S/C5H10O2/c1-2-3-4-5(6)7/h2-4H2,1H3,(H,6,7)|CCCCC(=O)O
3.209134578704834|3.730034589767456|353.2362976074219|0.2426042608793235|1171.2080081081554|0.0|1.0|0.0|InChI=1S/C9H7N/c1-2-6-9-8(4-1)5-3-7-10-9/h1-7H|c1ccc2ncccc2c1
4.952291965484619|4.02981424331665|345.7034606933594|0.09751260522305101|486.6604541339033|0.0|1.0|0.0|InChI=1S/C8H15N2.6FH.Sb/c1-3-4-5-10-7-6-9(2)8-10;;;;;;;/h6-8H,3-5H2,1-2H3;6*1H;/q+1;;;;;;;+5/p-6|CCCCn1cc[n+](C)c1.[F-].[F-].[F-].[F-].[F-].[F-].[Sb+5]
3.699110984802246|3.310338020324707|252.17047119140625|0.002025347187387427|2758.5977119546524|0.0|3.0|0.0|InChI=1S/C4H8O3/c1-3-7-4(5)6-2/h3H2,1-2H3|CCOC(=O)OC
7.826175689697266|3.8719699382781982|249.29151916503906|0.0|0.0|0.0|0.0|0.0|InChI=1S/C18H38/c1-3-5-7-9-11-13-15-17-18-16-14-12-10-8-6-4-2/h3-18H2,1-2H3|CCCCCCCCCCCCCCCCCC
16.84911346435547|4.5|338.3310241699219|0.001046621031083805|3515.6025061701625|0.0|2.0|0.0|InChI=1S/C32H68P.C16H35O2P/c1-5-9-13-17-18-19-20-21-22-23-24-28-32-33(29-25-14-10-6-2,30-26-15-11-7-3)31-27-16-12-8-4;1-13(9-15(3,4)5)11-19(17,18)12-14(2)10-16(6,7)8/h5-32H2,1-4H3;13-14H,9-12H2,1-8H3,(H,17,18)/q+1;/p-1|CC(CC(C)(C)C)CP(=O)([O-])CC(C)CC(C)(C)C.CCCCCCCCCCCCCC[P+](CCCCCC)(CCCCCC)CCCCCC
6.957196235656738|3.9793295860290527|284.10906982421875|0.012450709530218212|2815.0880142131746|0.0|3.0|0.0|InChI=1S/C10H24P.C3H2N3O2/c1-5-9-10-11(6-2,7-3)8-4;7-6(8)3-1-4-5-2-3/h5-10H2,1-4H3;1-2H/q+1;-1|CCCC[P+](CC)(CC)CC.O=[N+]([O-])c1cn[n-]c1
3.209810256958008|4.1948771476745605|260.666015625|0.0|0.0|0.0|0.0|0.0|InChI=1S/C8H20Si/c1-7(2,3)9-8(4,5)6/h9H2,1-6H3|CC(C)(C)[SiH2]C(C)(C)C
5.677154541015625|3.988886833190918|401.35711669921875|0.00329926077056963|3140.8430302178986|0.0|5.0|1.0|InChI=1S/C8H15N2.C2H7NO3S/c1-3-4-5-10-7-6-9(2)8-10;3-1-2-7(4,5)6/h6-8H,3-5H2,1-2H3;1-3H2,(H,4,5,6)/q+1;/p-1|CCCCn1cc[n+](C)c1.NCCS(=O)(=O)[O-]
4.733100414276123|3.8433454036712646|252.33596801757812|0.003256176582749563|1874.109499081405|0.0|3.0|0.0|InChI=1S/C9H23N3/c1-10(2)6-8-12(5)9-7-11(3)4/h6-9H2,1-5H3|CN(C)CCN(C)CCN(C)C
3.225923538208008|3.6397550106048584|238.9318084716797|0.15230592089240028|985.6363613214777|0.0|1.0|1.0|InChI=1S/C5H13N/c1-2-3-4-5-6/h2-6H2,1H3|CCCCCN
13.190201759338379|4.5|406.9358825683594|0.0027537724758136097|3139.067547451379|0.0|4.0|0.0|InChI=1S/C32H68P.C2F6NO4S2/c1-5-9-13-17-21-25-29-33(30-26-22-18-14-10-6-2,31-27-23-19-15-11-7-3)32-28-24-20-16-12-8-4;3-1(4,5)14(10,11)9-15(12,13)2(6,7)8/h5-32H2,1-4H3;/q+1;-1|CCCCCCCC[P+](CCCCCCCC)(CCCCCCCC)CCCCCCCC.O=S(=O)([N-]S(=O)(=O)C(F)(F)F)C(F)(F)F
4.370105266571045|3.9091241359710693|288.5036315917969|0.003525054782195359|1335.9937433649027|0.0|2.0|0.0|InChI=1S/C8H18S2/c1-3-5-7-9-10-8-6-4-2/h3-8H2,1-2H3|CCCCSSCCCC
6.313083648681641|3.8040854930877686|276.193603515625|0.0014164974326109593|3699.370853751502|0.0|3.0|0.0|InChI=1S/C9H20NO.C4N3/c1-3-4-5-10(2)6-8-11-9-7-10;5-1-4(2-6)3-7/h3-9H2,1-2H3;/q+1;-1|CCCC[N+]1(C)CCOCC1.N#CC(=C=[N-])C#N
2.317969799041748|3.6303582191467285|227.8686065673828|0.0|0.0|0.0|0.0|0.0|InChI=1S/C4H8/c1-3-4-2/h3-4H,1-2H3/b4-3+|C/C=C/C
4.9770941734313965|3.1342203617095947|248.91810607910156|0.0020657330855812267|2333.4864088555028|0.0|3.0|1.0|InChI=1S/C6H10O3/c1-5(2)6(8)9-4-3-7/h7H,1,3-4H2,2H3|C=C(C)C(=O)OCCO
7.3198747634887695|3.96844220161438|366.2532653808594|0.009527388294394772|2661.209758348265|0.0|5.0|0.0|InChI=1S/C12H23N2.C4BN4/c1-3-4-5-6-7-8-9-14-11-10-13(2)12-14;6-1-5(2-7,3-8)4-9/h10-12H,3-9H2,1-2H3;/q+1;-1|CCCCCCCCn1cc[n+](C)c1.N#C[B-](C#N)(C#N)C#N
4.547037124633789|4.135749340057373|469.57733154296875|0.01505374691655136|1702.6517598087175|0.0|3.0|1.0|InChI=1S/C7H13N2.C2H5NO2/c1-3-4-9-6-5-8(2)7-9;3-1-2(4)5/h5-7H,3-4H2,1-2H3;1,3H2,(H,4,5)/q+1;/p-1|CCCn1cc[n+](C)c1.NCC(=O)[O-]
4.6841607093811035|3.8873560428619385|424.9447937011719|0.015030121621601382|2425.248958061171|0.0|2.0|1.0|InChI=1S/C8H15N2.CH2O3/c1-3-4-5-10-7-6-9(2)8-10;2-1(3)4/h6-8H,3-5H2,1-2H3;(H2,2,3,4)/q+1;/p-1|CCCCn1cc[n+](C)c1.O=C([O-])O
4.673396110534668|2.8836050033569336|196.43972778320312|0.1926546998812822|2028.187789835278|0.0|2.0|1.0|InChI=1S/C5H6O2/c6-4-5-2-1-3-7-5/h1-3,6H,4H2|OCc1ccco1
4.196558952331543|3.3996903896331787|293.35601806640625|0.01882022041100882|1340.963167417206|0.0|1.0|2.0|InChI=1S/C7H6FNO/c8-6-4-2-1-3-5(6)7(9)10/h1-4H,(H2,9,10)|N=C(O)c1ccccc1F
4.91178560256958|3.6681814193725586|278.60150146484375|0.20695580679613476|2189.742595163779|0.0|2.0|0.0|InChI=1S/C9H16N2/c1-2-3-4-5-7-11-8-6-10-9-11/h6,8-9H,2-5,7H2,1H3|CCCCCCn1ccnc1
4.6946845054626465|3.8904881477355957|251.15296936035156|0.0077671790917409255|1281.2512613653803|0.0|1.0|0.0|InChI=1S/C10H22O/c1-3-5-7-9-11-10-8-6-4-2/h3-10H2,1-2H3|CCCCCOCCCCC
6.070504665374756|3.9605910778045654|312.4372253417969|0.0001589645857387937|2799.8820737790393|0.0|3.0|0.0|InChI=1S/C10H16N.CHF3O3S/c1-3-4-7-11-8-5-10(2)6-9-11;2-1(3,4)8(5,6)7/h5-6,8-9H,3-4,7H2,1-2H3;(H,5,6,7)/q+1;/p-1|CCCC[n+]1ccc(C)cc1.O=S(=O)([O-])C(F)(F)F
4.824254512786865|3.80484676361084|333.3189392089844|0.002183478893856068|2737.8754810466858|0.0|4.0|0.0|InChI=1S/C7H10N.CH4O4S/c1-7-4-3-5-8(2)6-7;1-5-6(2,3)4/h3-6H,1-2H3;1H3,(H,2,3,4)/q+1;/p-1|COS(=O)(=O)[O-].Cc1ccc[n+](C)c1
4.6136555671691895|4.335704326629639|467.7705993652344|0.004672152827662708|2182.1283945777145|0.0|3.0|1.0|InChI=1S/C9H17N2.C3H6O3/c1-3-4-5-6-11-8-7-10(2)9-11;1-2(4)3(5)6/h7-9H,3-6H2,1-2H3;2,4H,1H3,(H,5,6)/q+1;/p-1|CC(O)C(=O)[O-].CCCCCn1cc[n+](C)c1
6.29229736328125|3.4783570766448975|200.80587768554688|0.00339401530670748|895.449113255637|0.0|3.0|0.0|InChI=1S/C8H18O3Si/c1-5-9-12(8-4,10-6-2)11-7-3/h8H,4-7H2,1-3H3|C=C[Si](OCC)(OCC)OCC
6.324774265289307|3.5158262252807617|268.2962341308594|0.02590311613199065|1511.4715159091702|0.0|2.0|0.0|InChI=1S/C10H16N.C2N3/c1-3-4-7-11-8-5-6-10(2)9-11;3-1-5-2-4/h5-6,8-9H,3-4,7H2,1-2H3;/q+1;-1|CCCC[n+]1cccc(C)c1.N#C[N-]C#N
7.036500930786133|4.377891540527344|396.1572570800781|0.00010473463934962644|4356.289808031151|0.0|5.0|0.0|InChI=1S/C11H24NO.C2F6NO4S2/c1-3-4-5-6-7-12(2)8-10-13-11-9-12;3-1(4,5)14(10,11)9-15(12,13)2(6,7)8/h3-11H2,1-2H3;/q+1;-1|CCCCCC[N+]1(C)CCOCC1.O=S(=O)([N-]S(=O)(=O)C(F)(F)F)C(F)(F)F
6.549169063568115|4.209161281585693|364.3445129394531|0.00010324647808472298|3947.0073816939025|0.0|4.0|0.0|InChI=1S/C11H18N.C2F6NO4S2/c1-4-5-8-12-9-6-7-10(2)11(12)3;3-1(4,5)14(10,11)9-15(12,13)2(6,7)8/h6-7,9H,4-5,8H2,1-3H3;/q+1;-1|CCCC[n+]1cccc(C)c1C.O=S(=O)([N-]S(=O)(=O)C(F)(F)F)C(F)(F)F
6.40152645111084|3.960993766784668|249.67662048339844|0.0|0.0|0.0|0.0|0.0|InChI=1S/C17H36/c1-4-6-8-10-11-12-14-16-17(3)15-13-9-7-5-2/h17H,4-16H2,1-3H3|CCCCCCCCCC(C)CCCCCC
3.984971761703491|3.3124334812164307|269.41754150390625|0.008966739914600893|4266.285783246182|0.0|3.0|0.0|InChI=1S/C5H8O3/c1-4(6)3-5(7)8-2/h3H2,1-2H3|COC(=O)CC(C)=O
5.985487461090088|3.9471776485443115|276.6515808105469|0.0006576821459317277|2545.2572196981278|0.0|3.0|0.0|InChI=1S/C9H17N2.CHNS/c1-4-5-6-11-8-7-10(3)9(11)2;2-1-3/h7-8H,4-6H2,1-3H3;3H/q+1;/p-1|CCCCn1cc[n+](C)c1C.N#C[S-]
8.869990348815918|4.231273651123047|344.78472900390625|0.0018323617486719393|2602.6185366869336|0.0|2.0|0.0|InChI=1S/C23H24O2/c1-19-16-22(24-14-12-20-8-4-2-5-9-20)18-23(17-19)25-15-13-21-10-6-3-7-11-21/h2-11,16-18H,12-15H2,1H3|Cc1cc(OCCc2ccccc2)cc(OCCc2ccccc2)c1
15.170308113098145|3.891737461090088|248.25595092773438|0.0|0.0|0.0|0.0|0.0|InChI=1S/C33H68/c1-3-5-7-9-11-13-15-17-19-21-23-25-27-29-31-33-32-30-28-26-24-22-20-18-16-14-12-10-8-6-4-2/h3-33H2,1-2H3|CCCCCCCCCCCCCCCCCCCCCCCCCCCCCCCCC
5.152641296386719|4.1813130378723145|323.0740051269531|0.0|0.0|0.0|0.0|0.0|InChI=1S/C20H12/c1-5-13-6-2-11-17-18-12-4-8-14-7-3-10-16(20(14)18)15(9-1)19(13)17/h1-12H/i1D,2D,3D,4D,5D,6D,7D,8D,9D,10D,11D,12D|[2H]c1c([2H])c2c([2H])c([2H])c([2H])c3c4c([2H])c([2H])c([2H])c5c([2H])c([2H])c([2H])c(c(c1[2H])c23)c54
2.372093677520752|2.1540844440460205|231.1984100341797|0.3537758377108473|2162.624920030199|0.0|1.0|1.0|InChI=1S/H2O/h1H2|O
4.826941013336182|3.45170259475708|290.2522277832031|0.004392995451841943|3138.009630383488|0.0|3.0|0.0|InChI=1S/C9H10O3/c1-11-8-5-3-7(4-6-8)9(10)12-2/h3-6H,1-2H3|COC(=O)c1ccc(OC)cc1
4.2912468910217285|3.797105312347412|242.59461975097656|0.0|0.0|0.0|0.0|0.0|InChI=1S/C9H20/c1-3-5-7-9-8-6-4-2/h3-9H2,1-2H3|CCCCCCCCC
7.055645942687988|3.806619167327881|261.91253662109375|0.0002829453719814368|2467.807811594516|0.0|1.0|0.0|InChI=1S/C13H25N2.BF4/c1-4-5-6-7-8-9-10-15-12-11-14(3)13(15)2;2-1(3,4)5/h11-12H,4-10H2,1-3H3;/q+1;-1|CCCCCCCCn1cc[n+](C)c1C.F[B-](F)(F)F
9.364280700683594|3.7425668239593506|244.1654052734375|0.004396085878088233|3822.948209994931|0.0|2.0|0.0|InChI=1S/C20H40O2/c1-3-5-6-7-8-9-10-11-12-13-14-15-16-17-18-19-20(21)22-4-2/h3-19H2,1-2H3|CCCCCCCCCCCCCCCCCC(=O)OCC
3.080087423324585|3.4827969074249268|377.12457275390625|0.27505320292334257|790.3249467970638|0.0|2.0|0.0|InChI=1S/C4H6N2.BrH/c1-6-3-2-5-4-6;/h2-4H,1H3;1H|Br.Cn1ccnc1
3.9123876094818115|3.8142669200897217|268.2295227050781|0.002117956351282492|2740.66352899975|0.0|1.0|1.0|InChI=1S/C8H18O/c1-3-5-6-8(4-2)7-9/h8-9H,3-7H2,1-2H3|CCCCC(CC)CO
3.6901168823242188|3.72360897064209|253.7343292236328|0.0137059194004762|2484.698429340867|0.0|2.0|2.0|InChI=1S/C4H11N.CH2O2/c1-3-5-4-2;2-1-3/h5H,3-4H2,1-2H3;1H,(H,2,3)|CCNCC.O=CO
10.001049041748047|3.902392864227295|250.86575317382812|0.0005758153416220164|4527.003528271411|0.0|4.0|0.0|InChI=1S/C13H28NO.C8H19O3P/c1-3-4-5-6-7-8-9-14(2)10-12-15-13-11-14;1-2-3-4-5-6-7-8-11-12(9)10/h3-13H2,1-2H3;12H,2-8H2,1H3,(H,9,10)/q+1;/p-1|CCCCCCCCO[PH](=O)[O-].CCCCCCCC[N+]1(C)CCOCC1
3.9572646617889404|4.238839149475098|447.7005310058594|0.06810791630774017|2213.232148187581|0.0|1.0|0.0|InChI=1S/C8H17N2Si.ClH/c1-9-5-6-10(7-9)8-11(2,3)4;/h5-7H,8H2,1-4H3;1H/q+1;/p-1|C[n+]1ccn(C[Si](C)(C)C)c1.[Cl-]
7.599652290344238|4.032714366912842|310.8978576660156|0.00047557306014498423|2558.080232298401|0.0|4.0|0.0|InChI=1S/C9H22N3.C2F6NO4S2/c1-7-12(8-2)9(10(3)4)11(5)6;3-1(4,5)14(10,11)9-15(12,13)2(6,7)8/h7-8H2,1-6H3;/q+1;-1|CCN(CC)C(N(C)C)=[N+](C)C.O=S(=O)([N-]S(=O)(=O)C(F)(F)F)C(F)(F)F
2.1323001384735107|3.2494685649871826|229.084716796875|0.009434550062454403|2670.450192441515|0.0|1.0|0.0|InChI=1S/C2H4O/c1-2-3/h2H,1H3|CC=O
4.52249002456665|3.496171474456787|240.53929138183594|0.003158250913860363|2917.80924637963|0.0|2.0|0.0|InChI=1S/C7H14O2/c1-2-3-4-5-6-9-7-8/h7H,2-6H2,1H3|CCCCCCOC=O
4.6660075187683105|3.9762957096099854|226.93833923339844|0.003984260788983836|2121.320425441067|0.0|1.0|0.0|InChI=1S/C8H18OSi2/c1-7-10(3,4)9-11(5,6)8-2/h7-8H,1-2H2,3-6H3|C=C[Si](C)(C)O[Si](C)(C)C=C
2.9758400917053223|3.376370429992676|275.8885803222656|0.0006930613418895525|2210.137232941397|0.0|2.0|0.0|InChI=1S/C4H8O2/c1-2-6-4-3-5-1/h1-4H2|C1COCCO1
4.611069679260254|3.6838979721069336|265.0257568359375|0.0|0.0|0.0|0.0|0.0|InChI=1S/C8H12N.BF4/c1-2-6-9-7-4-3-5-8-9;2-1(3,4)5/h3-5,7-8H,2,6H2,1H3;/q+1;-1|CCC[n+]1ccccc1.F[B-](F)(F)F
6.457003593444824|3.7789294719696045|262.6070556640625|0.00015060330784751072|2773.4439288634603|0.0|4.0|0.0|InChI=1S/C14H26O4/c1-11(2)9-17-13(15)7-5-6-8-14(16)18-10-12(3)4/h11-12H,5-10H2,1-4H3|CC(C)COC(=O)CCCCC(=O)OCC(C)C
13.626113891601562|4.324398517608643|262.9411926269531|0.0008803080554483769|832.7297743202954|0.0|1.0|0.0|InChI=1S/C32H68P.C2H4O2/c1-5-9-13-17-18-19-20-21-22-23-24-28-32-33(29-25-14-10-6-2,30-26-15-11-7-3)31-27-16-12-8-4;1-2(3)4/h5-32H2,1-4H3;1H3,(H,3,4)/q+1;/p-1|CC(=O)[O-].CCCCCCCCCCCCCC[P+](CCCCCC)(CCCCCC)CCCCCC
6.696043014526367|3.252311944961548|217.976806640625|0.00010326388035876355|3007.719908778951|0.0|1.0|1.0|InChI=1S/C9H20O/c1-3-5-7-9(10)8-6-4-2/h9-10H,3-8H2,1-2H3|CCCCC(O)CCCC
5.952526092529297|3.652099847793579|250.33489990234375|0.0001627178059068213|1441.1724897283236|0.0|2.0|0.0|InChI=1S/C12H20O2Si/c1-4-13-15(6-3,14-5-2)12-10-8-7-9-11-12/h7-11H,4-6H2,1-3H3|CCO[Si](CC)(OCC)c1ccccc1
2.2957277297973633|3.780756711959839|254.1969757080078|0.0|0.0|0.0|0.0|0.0|InChI=1S/Cl3HSi/c1-4(2)3/h4H|Cl[SiH](Cl)Cl
5.075960159301758|3.699134588241577|273.1093444824219|0.005072796052117567|2817.100876049491|0.0|1.0|0.0|InChI=1S/C9H19NO/c1-3-5-7-10(9-11)8-6-4-2/h9H,3-8H2,1-2H3|CCCCN(C=O)CCCC
5.6779375076293945|3.2648770809173584|248.33880615234375|0.015378626288905649|1393.1646224247722|0.0|4.0|0.0|InChI=1S/C7H12O4/c1-10-6(8)4-3-5-7(9)11-2/h3-5H2,1-2H3|COC(=O)CCCC(=O)OC
5.505792140960693|4.340317249298096|394.16192626953125|0.0017427764932599293|1841.265658394967|0.0|4.0|0.0|InChI=1S/C8H18N.C2F6NO4S2/c1-3-6-9(2)7-4-5-8-9;3-1(4,5)14(10,11)9-15(12,13)2(6,7)8/h3-8H2,1-2H3;/q+1;-1|CCC[N+]1(C)CCCC1.O=S(=O)([N-]S(=O)(=O)C(F)(F)F)C(F)(F)F
10.060819625854492|4.053272724151611|264.1732482910156|0.012023625700995912|2421.8416105419305|0.0|2.0|0.0|InChI=1S/C25H54N.C2N3/c1-5-8-11-14-17-20-23-26(4,24-21-18-15-12-9-6-2)25-22-19-16-13-10-7-3;3-1-5-2-4/h5-25H2,1-4H3;/q+1;-1|CCCCCCCC[N+](C)(CCCCCCCC)CCCCCCCC.N#C[N-]C#N
3.4416768550872803|3.636925458908081|333.1043701171875|0.0|0.0|0.0|0.0|0.0|InChI=1S/C6H4Br2/c7-5-3-1-2-4-6(5)8/h1-4H|Brc1ccccc1Br
1.9002853631973267|4.466792106628418|447.85205078125|0.008280194034850521|1775.7644481294444|0.0|1.0|1.0|InChI=1S/C6H4Cl2O/c7-4-1-2-6(9)5(8)3-4/h1-3,9H|Oc1ccc(Cl)cc1Cl
3.073068857192993|3.5821940898895264|240.26930236816406|0.023165323089617964|1896.1817108657954|0.0|1.0|0.0|InChI=1S/C5H10O/c1-3-5-6-4-2/h4H,2-3,5H2,1H3|C=COCCC
4.3342742919921875|4.104121208190918|477.1004333496094|0.004208073149042878|2457.878374975105|0.0|5.0|2.0|InChI=1S/C7H13N2.H3O4P/c1-3-4-9-6-5-8(2)7-9;1-5(2,3)4/h5-7H,3-4H2,1-2H3;(H3,1,2,3,4)/q+1;/p-1|CCCn1cc[n+](C)c1.O=P([O-])(O)O
7.125881195068359|4.049226760864258|255.46702575683594|6.87584455420476e-05|5000.0|0.0|3.0|2.0|InChI=1S/C13H30N.C4H9NO3/c1-5-8-11-14(4,12-9-6-2)13-10-7-3;1-2(6)3(5)4(7)8/h5-13H2,1-4H3;2-3,6H,5H2,1H3,(H,7,8)/q+1;/p-1/t;2-,3+/m.1/s1|CCCC[N+](C)(CCCC)CCCC.C[C@@H](O)[C@H](N)C(=O)[O-]
3.945990562438965|3.3630423545837402|292.1470947265625|0.0007528889426318534|3001.2163661055024|0.0|2.0|0.0|InChI=1S/C6H11NO2/c1-6(8)7-2-4-9-5-3-7/h2-5H2,1H3|CC(=O)N1CCOCC1
9.063332557678223|4.166937828063965|340.4270935058594|0.0008361590500546618|4701.773619585332|0.0|6.0|0.0|InChI=1S/C12H26O4S.C10H16N3/c1-2-3-4-5-6-7-8-9-10-11-12-16-17(13,14)15;1-2-3-6-12-8-9-13(10-12)7-4-5-11/h2-12H2,1H3,(H,13,14,15);8-10H,2-4,6-7H2,1H3/q;+1/p-1|CCCCCCCCCCCCOS(=O)(=O)[O-].CCCC[n+]1ccn(CCC#N)c1
4.1416916847229|4.007146835327148|428.92840576171875|0.1596566632345592|1638.584029096437|0.0|2.0|0.0|InChI=1S/C7H13N2O.ClH/c1-8-3-4-9(7-8)5-6-10-2;/h3-4,7H,5-6H2,1-2H3;1H/q+1;/p-1|COCCn1cc[n+](C)c1.[Cl-]
6.214731216430664|4.243889331817627|371.6162109375|0.00016647553967256366|3654.4326108285422|0.0|5.0|0.0|InChI=1S/C9H17N2.C2F6NO4S2/c1-4-5-6-11-8-7-10(3)9(11)2;3-1(4,5)14(10,11)9-15(12,13)2(6,7)8/h7-8H,4-6H2,1-3H3;/q+1;-1|CCCCn1cc[n+](C)c1C.O=S(=O)([N-]S(=O)(=O)C(F)(F)F)C(F)(F)F
3.760535717010498|3.9113597869873047|279.30084228515625|0.0|0.0|0.0|0.0|0.0|InChI=1S/C10H16/c1-8(2)10-6-4-9(3)5-7-10/h4,10H,1,5-7H2,2-3H3|C=C(C)C1CC=C(C)CC1
6.898242473602295|3.682058811187744|331.7483825683594|0.0472644186901917|1923.9308682037104|0.0|3.0|0.0|InChI=1S/C12H23N2.C2N3/c1-3-4-5-6-7-8-9-14-11-10-13(2)12-14;3-1-5-2-4/h10-12H,3-9H2,1-2H3;/q+1;-1|CCCCCCCCn1cc[n+](C)c1.N#C[N-]C#N
6.247534275054932|4.166707515716553|360.56610107421875|0.0049033900867605385|2617.3278344645905|0.0|2.0|0.0|InChI=1S/C16H28N3.BrH/c1-2-3-4-5-6-7-8-9-12-18-14-15-19(16-18)13-10-11-17;/h14-16H,2-10,12-13H2,1H3;1H/q+1;/p-1|CCCCCCCCCC[n+]1ccn(CCC#N)c1.[Br-]
2.904026746749878|3.6331381797790527|294.9932556152344|0.0|0.0|0.0|0.0|0.0|InChI=1S/C6H4ClF/c7-5-3-1-2-4-6(5)8/h1-4H|Fc1ccccc1Cl
5.016753196716309|4.197832107543945|365.6754150390625|0.003136142777383945|1379.943627577834|0.0|4.0|0.0|InChI=1S/C9H20N.F2NO4S2/c1-3-7-10(2)8-5-4-6-9-10;1-8(4,5)3-9(2,6)7/h3-9H2,1-2H3;/q+1;-1|CCC[N+]1(C)CCCCC1.O=S(=O)(F)[N-]S(=O)(=O)F
5.127624988555908|3.286990165710449|193.61114501953125|0.0003529144255362778|2422.259122194648|0.0|1.0|0.0|InChI=1S/C5H4F8O/c6-2(7)4(10,11)1-14-5(12,13)3(8)9/h2-3H,1H2|FC(F)C(F)(F)COC(F)(F)C(F)F
7.959589004516602|3.7626912593841553|231.44589233398438|0.00018069706298235694|4419.812664529835|0.0|4.0|1.0|InChI=1S/C13H30N.C2H7NO3S/c1-5-8-11-14(4,12-9-6-2)13-10-7-3;3-1-2-7(4,5)6/h5-13H2,1-4H3;1-3H2,(H,4,5,6)/q+1;/p-1|CCCC[N+](C)(CCCC)CCCC.NCCS(=O)(=O)[O-]
1.8267666101455688|4.438558101654053|483.284912109375|0.3212234908850866|2739.021034314551|0.0|4.0|2.0|InChI=1S/C4H4N2O2/c7-3-1-2-5-4(8)6-3/h1-2H,(H2,5,6,7,8)|Oc1ccnc(O)n1
4.826199531555176|4.5|533.1614379882812|0.0003582483496325115|2515.630925236823|0.0|5.0|0.0|InChI=1S/C7H13N2.C2F6NO4S2/c1-3-4-9-6-5-8(2)7-9;3-1(4,5)14(10,11)9-15(12,13)2(6,7)8/h5-7H,3-4H2,1-2H3;/q+1;-1|CCCn1cc[n+](C)c1.O=S(=O)([N-]S(=O)(=O)C(F)(F)F)C(F)(F)F
4.22220516204834|4.012750148773193|416.6043395996094|0.022947413817969966|2107.113988403431|0.0|1.0|0.0|InChI=1S/C8H15N2.ClH/c1-3-4-5-10-7-6-9(2)8-10;/h6-8H,3-5H2,1-2H3;1H/q+1;/p-1|CCCCn1cc[n+](C)c1.[Cl-]
1.8224130868911743|4.478606224060059|368.2001953125|0.06762387598357772|1336.4793639822908|0.0|2.0|2.0|InChI=1S/C5H13NO/c1-5(2)6-3-4-7/h5-7H,3-4H2,1-2H3|CC(C)NCCO
2.216245412826538|4.332269668579102|350.4007263183594|0.007648250222513268|2675.24251280217|0.0|2.0|1.0|InChI=1S/C5H13NO/c1-6(2)4-3-5-7/h7H,3-5H2,1-2H3|CN(C)CCCO
4.70405387878418|3.662912607192993|263.15325927734375|0.0005685552355785972|2478.94472916165|0.0|3.0|0.0|InChI=1S/C7H17O3P/c1-6(2)9-11(5,8)10-7(3)4/h6-7H,1-5H3|CC(C)OP(C)(=O)OC(C)C
4.860988140106201|4.152122497558594|343.6752014160156|0.0025321425967471216|1959.3418045632911|0.0|3.0|1.0|InChI=1S/C7H15N.CHF3O3S/c1-4-7-8(5-2)6-3;2-1(3,4)8(5,6)7/h4H,1,5-7H2,2-3H3;(H,5,6,7)|C=CCN(CC)CC.O=S(=O)(O)C(F)(F)F
7.183957099914551|4.038632869720459|390.2443542480469|0.00047898370583295723|3046.7387791200836|0.0|5.0|0.0|InChI=1S/C8H18O4S.C6H11N2/c1-2-3-4-5-6-7-8-12-13(9,10)11;1-3-8-5-4-7(2)6-8/h2-8H2,1H3,(H,9,10,11);4-6H,3H2,1-2H3/q;+1/p-1|CCCCCCCCOS(=O)(=O)[O-].CCn1cc[n+](C)c1
7.131288528442383|4.280764102935791|376.1842041015625|0.00158054983295408|2973.051737740828|0.0|3.0|1.0|InChI=1S/C9H14N.C7H13NO4S/c1-2-3-7-10-8-5-4-6-9-10;1-4-6(9)8-7(2,3)5-13(10,11)12/h4-6,8-9H,2-3,7H2,1H3;4H,1,5H2,2-3H3,(H,8,9)(H,10,11,12)/q+1;/p-1|C=CC([O-])=NC(C)(C)CS(=O)(=O)O.CCCC[n+]1ccccc1
4.7418365478515625|3.6543734073638916|202.01919555664062|0.004356373511752173|2548.328924298569|0.0|1.0|1.0|InChI=1S/C6H3F11O/c7-2(8,1-18)3(9,10)4(11,12)5(13,14)6(15,16)17/h18H,1H2|OCC(F)(F)C(F)(F)C(F)(F)C(F)(F)C(F)(F)F
4.001528263092041|3.679635763168335|323.21649169921875|0.09747992918172273|720.5756886823538|0.0|1.0|0.0|InChI=1S/C11H9N/c1-2-5-10(6-3-1)11-7-4-8-12-9-11/h1-9H|c1ccc(-c2cccnc2)cc1
1.8422776460647583|4.029782295227051|407.3041687011719|0.08359206159897346|1574.514462434968|0.0|2.0|1.0|InChI=1S/C2H5N3O/c3-5-4-1-2-6/h6H,1-2H2|[N-]=[N+]=NCCO
9.529664993286133|3.4519083499908447|231.43028259277344|0.0164269967520471|1930.8412766735478|0.0|6.0|0.0|InChI=1S/C15H26O6/c1-4-7-13(16)19-10-12(21-15(18)9-6-3)11-20-14(17)8-5-2/h12H,4-11H2,1-3H3|CCCC(=O)OCC(COC(=O)CCC)OC(=O)CCC
5.629368782043457|3.786463975906372|273.1470947265625|0.002980614900016343|1827.335994561562|0.0|4.0|2.0|InChI=1S/C6H15NO.NO3/c1-2-3-4-7-5-6-8;2-1(3)4/h7-8H,2-6H2,1H3;/q;-1/p+1|CCCC[NH2+]CCO.O=[N+]([O-])[O-]
2.478971004486084|3.8088736534118652|239.3249969482422|0.0|0.0|0.0|0.0|0.0|InChI=1S/C5H10/c1-3-5-4-2/h3H,1,4-5H2,2H3|C=CCCC
4.426026821136475|3.496462345123291|223.74679565429688|0.08720198404379534|1793.457941411918|0.0|4.0|0.0|InChI=1S/C4H12O4Si/c1-5-9(6-2,7-3)8-4/h1-4H3|CO[Si](OC)(OC)OC
4.544613361358643|3.107318878173828|254.93431091308594|0.0031207390123614777|2525.876870789455|0.0|0.0|1.0|InChI=1S/C6H9N/c1-5-3-6(2)7-4-5/h3-4,7H,1-2H3|Cc1c[nH]c(C)c1
3.508739948272705|4.377242088317871|519.8435668945312|0.008426967888840241|2196.926217568036|0.0|3.0|1.0|InChI=1S/C8H12N3O.ClH/c9-2-1-3-10-4-5-11(8-10)6-7-12;/h4-5,8,12H,1,3,6-7H2;1H/q+1;/p-1|N#CCC[n+]1ccn(CCO)c1.[Cl-]
6.31838321685791|3.358912944793701|231.82809448242188|0.0029417580384586994|1946.4797816561165|0.0|1.0|1.0|InChI=1S/C10H20O/c1-9(2)5-4-6-10(3)7-8-11/h5,10-11H,4,6-8H2,1-3H3|CC(C)=CCCC(C)CCO
5.644837379455566|3.522735118865967|223.41477966308594|0.0|0.0|0.0|0.0|0.0|InChI=1S/C10H22/c1-3-5-7-9-10-8-6-4-2/h3-10H2,1-2H3/i1D3,2D3,3D2,4D2,5D2,6D2,7D2,8D2,9D2,10D2|[2H]C([2H])([2H])C([2H])([2H])C([2H])([2H])C([2H])([2H])C([2H])([2H])C([2H])([2H])C([2H])([2H])C([2H])([2H])C([2H])([2H])C([2H])([2H])[2H]
5.415307998657227|3.985887050628662|377.5961608886719|0.024237748686448145|2471.4195721562437|0.0|3.0|0.0|InChI=1S/C8H15N2.C4N3/c1-3-4-5-10-7-6-9(2)8-10;5-1-4(2-6)3-7/h6-8H,3-5H2,1-2H3;/q+1;-1|CCCCn1cc[n+](C)c1.N#CC(=C=[N-])C#N
6.271371841430664|4.194003582000732|389.9590759277344|0.00032395945218190115|3068.476071539567|0.0|5.0|0.0|InChI=1S/C10H13N2.C2F6NO4S2/c1-2-3-6-12-7-4-5-10(8-11)9-12;3-1(4,5)14(10,11)9-15(12,13)2(6,7)8/h4-5,7,9H,2-3,6H2,1H3;/q+1;-1|CCCC[n+]1cccc(C#N)c1.O=S(=O)([N-]S(=O)(=O)C(F)(F)F)C(F)(F)F
4.476739883422852|3.5907211303710938|281.9737548828125|0.0|0.0|0.0|0.0|0.0|InChI=1S/C6H12BrCl/c7-5-3-1-2-4-6-8/h1-6H2|ClCCCCCCBr
4.18271541595459|3.196255683898926|302.40460205078125|0.9|1319.8255717930306|0.0|2.0|2.0|InChI=1S/C4H7NO.CH2O2/c6-4-2-1-3-5-4;2-1-3/h1-3H2,(H,5,6);1H,(H,2,3)|O=CO.OC1=NCCC1
3.518568754196167|3.3950319290161133|241.74789428710938|0.0028980873624688797|2159.367226596395|0.0|2.0|0.0|InChI=1S/C5H8O2/c1-4(2)5(6)7-3/h1H2,2-3H3|C=C(C)C(=O)OC
6.8607282638549805|2.9869391918182373|169.84243774414062|0.8992666026943663|1763.7995688297292|0.0|1.0|1.0|InChI=1S/C8H17N/c1-2-4-6-8-9-7-5-3-1/h9H,1-8H2|C1CCCCNCCC1
8.184037208557129|3.8410515785217285|254.41705322265625|0.041427248179495176|3120.968592337771|0.0|3.0|0.0|InChI=1S/C14H32P.C3H2N3O2/c1-5-9-10-11-12-13-14-15(6-2,7-3)8-4;7-6(8)3-1-4-2-5-3/h5-14H2,1-4H3;1-2H/q+1;-1|CCCCCCCC[P+](CC)(CC)CC.O=[N+]([O-])c1cnc[n-]1
2.4877376556396484|3.654660940170288|319.6801452636719|0.012777812709263562|1660.100944616398|0.0|1.0|0.0|InChI=1S/C4H8S/c1-2-4-5-3-1/h1-4H2|C1CCSC1
3.866349458694458|3.539748430252075|334.89373779296875|0.009646166067434424|3948.0714358880555|0.0|3.0|2.0|InChI=1S/C7H6N2O3/c8-7(10)5-2-1-3-6(4-5)9(11)12/h1-4H,(H2,8,10)|N=C(O)c1cccc([N+](=O)[O-])c1
2.2163941860198975|3.279398202896118|212.8987579345703|0.00648831433542541|1178.281362252535|0.0|1.0|0.0|InChI=1S/C2H6O/c1-3-2/h1-2H3|COC
3.4237067699432373|3.402452230453491|237.06085205078125|0.0|0.0|0.0|0.0|0.0|InChI=1S/C6H2F4/c7-3-1-4(8)6(10)5(9)2-3/h1-2H|Fc1cc(F)c(F)c(F)c1
6.664648056030273|4.105440139770508|377.0166931152344|0.00019991280655819413|3506.6779892266486|0.0|5.0|0.0|InChI=1S/C10H13N2.C2F6NO4S2/c1-2-3-6-12-7-4-10(9-11)5-8-12;3-1(4,5)14(10,11)9-15(12,13)2(6,7)8/h4-5,7-8H,2-3,6H2,1H3;/q+1;-1|CCCC[n+]1ccc(C#N)cc1.O=S(=O)([N-]S(=O)(=O)C(F)(F)F)C(F)(F)F
4.4936909675598145|4.2385125160217285|305.0932312011719|0.0|0.0|0.0|0.0|0.0|InChI=1S/C15H24/c1-13-7-5-8-14(2)10-12-15(3,4)11-6-9-13/h6-7,10-11H,5,8-9,12H2,1-4H3/b11-6+,13-7+,14-10+|C/C1=C\CC/C(C)=C/CC(C)(C)/C=C/C1
4.11205530166626|3.9317400455474854|320.1208190917969|0.01127932648910648|3680.642959587655|0.0|1.0|0.0|InChI=1S/C10H14O/c1-7-3-4-9-8(2)6-11-10(9)5-7/h6-7H,3-5H2,1-2H3/t7-/m1/s1|Cc1coc2c1CC[C@@H](C)C2
4.734960556030273|4.115469932556152|441.5151672363281|0.012096356991309686|2730.5055099857473|0.0|5.0|0.0|InChI=1S/C6H11N2.C4BN4/c1-3-8-5-4-7(2)6-8;6-1-5(2-7,3-8)4-9/h4-6H,3H2,1-2H3;/q+1;-1|CCn1cc[n+](C)c1.N#C[B-](C#N)(C#N)C#N
4.738673210144043|3.4433681964874268|270.8734130859375|0.003393728379360027|2125.5496612353445|0.0|2.0|0.0|InChI=1S/C9H10O2/c1-8(10)11-7-9-5-3-2-4-6-9/h2-6H,7H2,1H3|CC(=O)OCc1ccccc1
2.819542407989502|3.7748889923095703|261.5330810546875|0.0031399948102939714|2677.765377355848|0.0|1.0|1.0|InChI=1S/C5H12O/c1-3-4-5(2)6/h5-6H,3-4H2,1-2H3|CCCC(C)O
3.2965307235717773|3.740612745285034|257.2628173828125|0.004281005463497563|2550.9099481916087|0.0|1.0|1.0|InChI=1S/C6H14O/c1-3-4-5-6(2)7/h6-7H,3-5H2,1-2H3|CCCCC(C)O
5.369833946228027|3.7656004428863525|317.285888671875|0.03240204594319785|1747.7941910428551|0.0|2.0|0.0|InChI=1S/C14H18N2/c1-15(2)12-9-5-7-11-8-6-10-13(14(11)12)16(3)4/h5-10H,1-4H3|CN(C)c1cccc2cccc(N(C)C)c12
6.817872524261475|3.7595949172973633|249.71922302246094|0.0011941386056443122|3716.453294313143|0.0|2.0|0.0|InChI=1S/C14H28O2/c1-3-5-6-7-8-9-10-11-12-13-14(15)16-4-2/h3-13H2,1-2H3|CCCCCCCCCCCC(=O)OCC
3.174363613128662|3.9629297256469727|313.10455322265625|0.016873730860690304|1388.82188388298|0.0|3.0|1.0|InChI=1S/C6H12O3/c1-3-4-9-6(8)5(2)7/h5,7H,3-4H2,1-2H3|CCCOC(=O)C(C)O
5.754435062408447|3.9571335315704346|365.310302734375|0.0008247851403771858|2893.3405601019163|0.0|4.0|0.0|InChI=1S/C9H14N.F2NO4S2/c1-2-3-7-10-8-5-4-6-9-10;1-8(4,5)3-9(2,6)7/h4-6,8-9H,2-3,7H2,1H3;/q+1;-1|CCCC[n+]1ccccc1.O=S(=O)(F)[N-]S(=O)(=O)F
4.733516693115234|4.0876054763793945|423.8025817871094|0.0346667253591942|1658.2109479157295|0.0|5.0|0.0|InChI=1S/C7H13N2.CH4O4S/c1-3-4-9-6-5-8(2)7-9;1-5-6(2,3)4/h5-7H,3-4H2,1-2H3;1H3,(H,2,3,4)/q+1;/p-1|CCCn1cc[n+](C)c1.COS(=O)(=O)[O-]
6.49107551574707|3.7373125553131104|341.5948791503906|0.07452145280684934|1402.5906291228873|0.0|3.0|0.0|InChI=1S/C10H19N2.C2N3/c1-3-4-5-6-7-12-9-8-11(2)10-12;3-1-5-2-4/h8-10H,3-7H2,1-2H3;/q+1;-1|CCCCCCn1cc[n+](C)c1.N#C[N-]C#N
4.617143630981445|4.5|550.0|0.0016663646659598869|3206.088341406183|0.0|5.0|0.0|InChI=1S/C6H11N2.C2F6NO4S2/c1-3-8-5-4-7(2)6-8;3-1(4,5)14(10,11)9-15(12,13)2(6,7)8/h4-6H,3H2,1-2H3;/q+1;-1|CCn1cc[n+](C)c1.O=S(=O)([N-]S(=O)(=O)C(F)(F)F)C(F)(F)F
3.38385272026062|4.036683559417725|287.8044738769531|0.0024227671474301915|2986.4720389329564|0.0|1.0|1.0|InChI=1S/C8H18O/c1-2-3-4-5-6-7-8-9/h9H,2-8H2,1H3|CCCCCCCCO
2.95808482170105|3.1351895332336426|263.0822448730469|0.0014585461126521329|2701.057400164657|0.0|2.0|0.0|InChI=1S/C3H6O2/c1-2-5-3-4-1/h1-3H2|C1COCO1
4.168720722198486|3.2519617080688477|274.0931701660156|1.9738464200656883e-05|316.4326832418135|0.0|2.0|2.0|InChI=1S/C3H9N.C2H4O2/c1-2-3-4;1-2(3)4/h2-4H2,1H3;1H3,(H,3,4)|CC(=O)O.CCCN
4.10226583480835|3.368717908859253|174.3870391845703|0.0015524679191811273|666.7143461868746|0.0|3.0|3.0|InChI=1S/C3H9NO.C2H4O2/c4-2-1-3-5;1-2(3)4/h5H,1-4H2;1H3,(H,3,4)|CC(=O)O.NCCCO
4.106689929962158|4.09053373336792|323.1899719238281|0.011301978285084516|2143.6758474739963|0.0|5.0|4.0|InChI=1S/C5H13NO2.C3H6O3/c1-6(2-4-7)3-5-8;1-2(4)3(5)6/h7-8H,2-5H2,1H3;2,4H,1H3,(H,5,6)|CC(O)C(=O)O.CN(CCO)CCO
5.6441850662231445|3.9743638038635254|326.8876647949219|0.0011290852802777025|2629.5725561993554|0.0|1.0|0.0|InChI=1S/C13H25N2.BF4/c1-3-4-5-6-7-8-9-10-15-12-11-14(2)13-15;2-1(3,4)5/h11-13H,3-10H2,1-2H3;/q+1;-1|CCCCCCCCCn1cc[n+](C)c1.F[B-](F)(F)F
7.625035762786865|4.240696430206299|355.98260498046875|0.0010094045898860749|1884.918751802765|0.0|5.0|0.0|InChI=1S/C11H25N2S.C2F6NO4S2/c1-6-7-8-9-10-14-11(12(2)3)13(4)5;3-1(4,5)14(10,11)9-15(12,13)2(6,7)8/h6-10H2,1-5H3;/q+1;-1|CCCCCCSC(N(C)C)=[N+](C)C.O=S(=O)([N-]S(=O)(=O)C(F)(F)F)C(F)(F)F
6.399313449859619|3.3890957832336426|157.5795440673828|0.32143910085511074|1812.5860592832537|0.0|4.0|2.0|InChI=1S/C9H20O4/c1-7(11)5-12-9(3)6-13-8(2)4-10/h7-11H,4-6H2,1-3H3|CC(O)COC(C)COC(C)CO
4.788527965545654|3.8364131450653076|332.5635070800781|0.004092835664911672|2884.7934113487768|0.0|2.0|1.0|InChI=1S/C14H13NO2/c1-11-7-5-6-10-13(11)15(17)14(16)12-8-3-2-4-9-12/h2-10,17H,1H3|Cc1ccccc1N(O)C(=O)c1ccccc1
3.5675830841064453|3.5659961700439453|247.61134338378906|0.09364139019665979|1212.2279930655384|0.0|2.0|0.0|InChI=1S/C5H12O2/c1-3-4-7-5-6-2/h3-5H2,1-2H3|CCCOCOC
4.173222541809082|2.726288080215454|197.47828674316406|0.03890111107502791|1651.1156376851552|0.0|1.0|0.0|InChI=1S/C3H6O/c1-3(2)4/h1-2H3/i1D3,2D3|[2H]C([2H])([2H])C(=O)C([2H])([2H])[2H]
6.136293411254883|3.878065586090088|271.11920166015625|0.0|0.0|0.0|0.0|0.0|InChI=1S/C16H26/c1-2-3-4-5-6-7-8-10-13-16-14-11-9-12-15-16/h9,11-12,14-15H,2-8,10,13H2,1H3|CCCCCCCCCCc1ccccc1
6.45774507522583|3.762251138687134|324.64447021484375|0.0|0.0|0.0|0.0|0.0|InChI=1S/C12H18/c1-7-8(2)10(4)12(6)11(5)9(7)3/h1-6H3/i1D3,2D3,3D3,4D3,5D3,6D3|[2H]C([2H])([2H])c1c(C([2H])([2H])[2H])c(C([2H])([2H])[2H])c(C([2H])([2H])[2H])c(C([2H])([2H])[2H])c1C([2H])([2H])[2H]
3.5700795650482178|3.521393299102783|293.01898193359375|0.0|0.0|0.0|0.0|0.0|InChI=1S/C7H7Cl/c8-6-7-4-2-1-3-5-7/h1-5H,6H2|ClCc1ccccc1
4.169949054718018|4.001352787017822|212.14324951171875|0.011520402362404071|891.0788267160004|0.0|1.0|0.0|InChI=1S/C6H18OSi2/c1-8(2,3)7-9(4,5)6/h1-6H3|C[Si](C)(C)O[Si](C)(C)C
8.83581829071045|3.882082462310791|253.6009063720703|0.0005143041467924384|2616.748844663687|0.0|1.0|1.0|InChI=1S/C18H36O/c1-2-3-4-5-6-7-8-9-10-11-12-13-14-15-16-17-18-19/h9-10,19H,2-8,11-18H2,1H3/b10-9-|CCCCCCCC/C=C\CCCCCCCCO
4.53534460067749|3.544593572616577|265.90216064453125|0.4729962914383515|1465.0044937069526|0.0|2.0|1.0|InChI=1S/C5H9NO.C2HF3O2/c1-6-4-2-3-5(6)7;3-2(4,5)1(6)7/h2-4H2,1H3;(H,6,7)|CN1CCCC1=O.O=C(O)C(F)(F)F
5.17416524887085|3.9475598335266113|247.56307983398438|0.0017431496648534466|922.8549129145164|0.0|1.0|0.0|InChI=1S/C12H27N/c1-4-7-10-13(11-8-5-2)12-9-6-3/h4-12H2,1-3H3|CCCCN(CCCC)CCCC
1.9946900606155396|3.632563352584839|210.4850616455078|0.0|0.0|0.0|0.0|0.0|InChI=1S/C3H8/c1-3-2/h3H2,1-2H3|CCC
4.281081676483154|3.534994125366211|197.87831115722656|0.0029387250864524425|2926.062240497148|0.0|1.0|0.0|InChI=1S/C4H3F8N/c5-2(6)1-13(3(7,8)9)4(10,11)12/h2H,1H2|FC(F)CN(C(F)(F)F)C(F)(F)F
5.636765956878662|3.8312652111053467|379.4285888671875|0.0012812871342537295|2398.8058961978745|0.0|4.0|0.0|InChI=1S/C8H15N2.NO3/c1-3-4-5-10-7-6-9(2)8-10;2-1(3)4/h6-8H,3-5H2,1-2H3;/q+1;-1|CCCCn1cc[n+](C)c1.O=[N+]([O-])[O-]
4.053371429443359|3.7776215076446533|233.54681396484375|0.0012636571446957426|1797.7301519113996|0.0|1.0|0.0|InChI=1S/C8H18O/c1-5-6-7-9-8(2,3)4/h5-7H2,1-4H3|CCCCOC(C)(C)C
4.678230285644531|3.603078603744507|230.89634704589844|0.0009655708057167895|295.8528608822867|0.0|3.0|0.0|InChI=1S/C6H16O3Si/c1-4-7-10(8-5-2)9-6-3/h10H,4-6H2,1-3H3|CCO[SiH](OCC)OCC
2.609116792678833|3.051180601119995|253.0410919189453|0.0750440496726678|2533.8529888803937|0.0|2.0|0.0|InChI=1S/CH3NO2/c1-2(3)4/h1H3|C[N+](=O)[O-]
4.169816493988037|3.574995756149292|192.20474243164062|0.007094209146409311|2239.1299449611706|0.0|1.0|0.0|InChI=1S/C5H5F7O/c1-13-2-3(6,7)4(8,9)5(10,11)12/h2H2,1H3|COCC(F)(F)C(F)(F)C(F)(F)F
3.348302125930786|3.932302236557007|300.19775390625|0.6998247053576364|725.459790440121|0.0|2.0|2.0|InChI=1S/C6H16N2/c1-6(5-8)3-2-4-7/h6H,2-5,7-8H2,1H3|CC(CN)CCCN
6.537391662597656|3.9245612621307373|405.44378662109375|0.004616832009211035|2265.9676033468786|0.0|4.0|0.0|InChI=1S/C10H19N2.C3H2N3O2/c1-3-4-5-6-7-12-9-8-11(2)10-12;7-6(8)3-1-4-5-2-3/h8-10H,3-7H2,1-2H3;1-2H/q+1;-1|CCCCCCn1cc[n+](C)c1.O=[N+]([O-])c1cn[n-]c1
2.467557191848755|4.484020709991455|267.89630126953125|0.0012088307886296227|2286.9591819671123|0.0|3.0|1.0|InChI=1S/C7H14O3/c1-5(8)6(9)10-7(2,3)4/h5,8H,1-4H3/t5-/m1/s1|C[C@@H](O)C(=O)OC(C)(C)C
5.529831886291504|4.5|550.0|0.0003082129143219748|3178.0260277738093|0.0|5.0|0.0|InChI=1S/C11H13N2.C2F6NO4S2/c1-12-7-8-13(10-12)9-11-5-3-2-4-6-11;3-1(4,5)14(10,11)9-15(12,13)2(6,7)8/h2-8,10H,9H2,1H3;/q+1;-1|C[n+]1ccn(Cc2ccccc2)c1.O=S(=O)([N-]S(=O)(=O)C(F)(F)F)C(F)(F)F
6.027058124542236|4.111095905303955|370.0265197753906|0.000333046631088175|3476.6659780091404|0.0|4.0|0.0|InChI=1S/C9H14N.C2F6NO4S2/c1-3-9-7-5-6-8-10(9)4-2;3-1(4,5)14(10,11)9-15(12,13)2(6,7)8/h5-8H,3-4H2,1-2H3;/q+1;-1|CCc1cccc[n+]1CC.O=S(=O)([N-]S(=O)(=O)C(F)(F)F)C(F)(F)F
8.559398651123047|3.875563383102417|260.6426086425781|9.806062469908465e-05|3905.2519280437923|0.0|4.0|0.0|InChI=1S/C11H24NO.C6H15O3P/c1-3-4-5-6-7-12(2)8-10-13-11-9-12;1-2-3-4-5-6-9-10(7)8/h3-11H2,1-2H3;10H,2-6H2,1H3,(H,7,8)/q+1;/p-1|CCCCCCO[PH](=O)[O-].CCCCCC[N+]1(C)CCOCC1
7.300450801849365|4.24627161026001|414.24407958984375|0.0026163466442820486|1666.7882718774174|0.0|4.0|0.0|InChI=1S/C15H20N.C2F6NO4S2/c1-2-3-4-7-11-16-12-10-14-8-5-6-9-15(14)13-16;3-1(4,5)14(10,11)9-15(12,13)2(6,7)8/h5-6,8-10,12-13H,2-4,7,11H2,1H3;/q+1;-1|CCCCCC[n+]1ccc2ccccc2c1.O=S(=O)([N-]S(=O)(=O)C(F)(F)F)C(F)(F)F
3.4285151958465576|3.846423864364624|242.51124572753906|0.021133042183028732|1413.0567286145856|0.0|1.0|0.0|InChI=1S/C7H16O/c1-5-7(3,4)8-6-2/h5-6H2,1-4H3|CCOC(C)(C)CC
4.914246559143066|3.6317098140716553|260.855224609375|0.017371865890078098|891.3513436567071|0.0|1.0|0.0|InChI=1S/C6H18N3OP/c1-7(2)11(10,8(3)4)9(5)6/h1-6H3|CN(C)P(=O)(N(C)C)N(C)C
5.253177642822266|4.296590805053711|372.2589111328125|0.004887925570603231|3083.5456930489527|0.0|5.0|0.0|InChI=1S/C8H20PS.F2NO4S2/c1-5-9(6-2,7-3)8-10-4;1-8(4,5)3-9(2,6)7/h5-8H2,1-4H3;/q+1;-1|CC[P+](CC)(CC)CSC.O=S(=O)(F)[N-]S(=O)(=O)F
4.535088062286377|3.9205148220062256|245.74110412597656|0.061004887115943277|1254.0435429540835|0.0|1.0|0.0|InChI=1S/C10H22O/c1-9(2)5-7-11-8-6-10(3)4/h9-10H,5-8H2,1-4H3|CC(C)CCOCCC(C)C
6.223029136657715|3.9872963428497314|292.9826354980469|0.003965657828384241|1793.940446030071|0.0|1.0|0.0|InChI=1S/C13H25N2.BrH/c1-3-5-7-8-10-15-12-11-14(13-15)9-6-4-2;/h11-13H,3-10H2,1-2H3;1H/q+1;/p-1|CCCCCCn1cc[n+](CCCC)c1.[Br-]
5.259081840515137|4.339449405670166|384.7100830078125|0.00042760001532056983|2737.965664711432|0.0|5.0|0.0|InChI=1S/C7H16NO.C2F6NO4S2/c1-8(7-9-2)5-3-4-6-8;3-1(4,5)14(10,11)9-15(12,13)2(6,7)8/h3-7H2,1-2H3;/q+1;-1|COC[N+]1(C)CCCC1.O=S(=O)([N-]S(=O)(=O)C(F)(F)F)C(F)(F)F
5.04168176651001|3.8622913360595703|333.0561828613281|0.0|0.0|0.0|0.0|0.0|InChI=1S/C15H12/c1-2-6-12(7-3-1)15-10-13-8-4-5-9-14(13)11-15/h1-10H,11H2|C1=C(c2ccccc2)Cc2ccccc21
4.180121898651123|3.837784767150879|248.58688354492188|0.0|0.0|0.0|0.0|0.0|InChI=1S/C9H20/c1-4-6-8-9(3)7-5-2/h9H,4-8H2,1-3H3|CCCCC(C)CCC
6.690636157989502|3.967881441116333|269.452392578125|0.0007251806623235772|1950.325108003813|0.0|3.0|0.0|InChI=1S/C10H22N.C4H11O3P/c1-3-4-8-11(2)9-6-5-7-10-11;1-2-3-4-7-8(5)6/h3-10H2,1-2H3;8H,2-4H2,1H3,(H,5,6)/q+1;/p-1|CCCCO[PH](=O)[O-].CCCC[N+]1(C)CCCCC1
8.938132286071777|4.5|297.7559814453125|0.002901922591145587|3415.191643326665|0.0|6.0|1.0|InChI=1S/C16H36P.C7H15NO5S/c1-5-9-13-17(14-10-6-2,15-11-7-3)16-12-8-4;9-7(6-14(10,11)12)5-8-1-3-13-4-2-8/h5-16H2,1-4H3;7,9H,1-6H2,(H,10,11,12)/q+1;/p-1|CCCC[P+](CCCC)(CCCC)CCCC.O=S(=O)([O-])CC(O)CN1CCOCC1
4.031675338745117|3.6105337142944336|214.8075714111328|0.0002156928953478532|1208.7272679060786|0.0|1.0|1.0|InChI=1S/C3H7NO.BF4/c1-4(2)3-5;2-1(3,4)5/h3H,1-2H3;/q;-1/p+1|C[NH+](C)C=O.F[B-](F)(F)F
7.280294418334961|3.9419662952423096|313.67034912109375|0.0005550319816215657|2260.7464709341066|0.0|1.0|0.0|InChI=1S/C16H31N2.BF4/c1-3-4-5-6-7-8-9-10-11-12-13-18-15-14-17(2)16-18;2-1(3,4)5/h14-16H,3-13H2,1-2H3;/q+1;-1|CCCCCCCCCCCCn1cc[n+](C)c1.F[B-](F)(F)F
4.518642425537109|4.492081642150879|550.0|0.0036063361241878136|3369.572286471957|0.0|5.0|0.0|InChI=1S/C5H9N2.C2F6NO4S2/c1-6-3-4-7(2)5-6;3-1(4,5)14(10,11)9-15(12,13)2(6,7)8/h3-5H,1-2H3;/q+1;-1|Cn1cc[n+](C)c1.O=S(=O)([N-]S(=O)(=O)C(F)(F)F)C(F)(F)F
5.463973522186279|4.211911678314209|257.61151123046875|0.0|0.0|0.0|0.0|0.0|InChI=1S/C16H34/c1-13(10-14(2,3)4)11-16(8,9)12-15(5,6)7/h13H,10-12H2,1-9H3|CC(CC(C)(C)C)CC(C)(C)CC(C)(C)C
9.145670890808105|3.7199454307556152|204.1096954345703|0.0026548257784260298|1230.0200086420357|0.0|4.0|0.0|InChI=1S/C12H24O4Si4/c1-9-17(5)13-18(6,10-2)15-20(8,12-4)16-19(7,11-3)14-17/h9-12H,1-4H2,5-8H3|C=C[Si]1(C)O[Si](C)(C=C)O[Si](C)(C=C)O[Si](C)(C=C)O1
3.378361940383911|3.811697006225586|291.2021484375|0.0|0.0|0.0|0.0|0.0|InChI=1S/C9H12/c1-7-4-5-8(2)9(3)6-7/h4-6H,1-3H3|Cc1ccc(C)c(C)c1
3.9870119094848633|3.7757086753845215|331.8075256347656|0.017187352660977963|2309.0602678075807|0.0|2.0|0.0|InChI=1S/C9H6ClNO2/c10-5-11-8(12)6-3-1-2-4-7(6)9(11)13/h1-4H,5H2|O=C1c2ccccc2C(=O)N1CCl
5.740767955780029|3.9536726474761963|268.88360595703125|0.0|0.0|0.0|0.0|0.0|InChI=1S/C15H30/c1-2-3-4-5-6-7-9-12-15-13-10-8-11-14-15/h15H,2-14H2,1H3|CCCCCCCCCC1CCCCC1
3.2770471572875977|3.8680419921875|325.212158203125|0.0|0.0|0.0|0.0|0.0|InChI=1S/C10H12/c1-2-6-10-8-4-3-7-9(10)5-1/h1-2,5-6H,3-4,7-8H2|c1ccc2c(c1)CCCC2
3.3490002155303955|3.4668378829956055|302.3172912597656|0.00010305253094544943|1893.928322705997|0.0|1.0|1.0|InChI=1S/C6H5ClO/c7-5-3-1-2-4-6(5)8/h1-4,8H|Oc1ccccc1Cl
3.425701141357422|3.2877705097198486|229.51893615722656|0.00626621677601217|2282.4839683160003|0.0|1.0|1.0|InChI=1S/C4H10O/c1-3-4(2)5/h4-5H,3H2,1-2H3|CCC(C)O
4.492805004119873|4.051906108856201|371.13677978515625|0.043212950316941674|1158.6517524123906|0.0|4.0|1.0|InChI=1S/C14H12N2O4/c1-10-6-2-4-8-12(10)15(18)14(17)11-7-3-5-9-13(11)16(19)20/h2-9,18H,1H3|Cc1ccccc1N(O)C(=O)c1ccccc1[N+](=O)[O-]
4.217900276184082|3.4752938747406006|306.4937744140625|0.008149382573351282|2136.2007215294675|0.0|2.0|0.0|InChI=1S/C10H8N2/c1-5-11-6-2-9(1)10-3-7-12-8-4-10/h1-8H|c1cc(-c2ccncc2)ccn1
13.86001968383789|4.5|270.1856994628906|0.0821987128430218|5000.0|0.0|8.0|0.0|InChI=1S/C37H68O8/c1-5-9-13-17-21-25-33(38)42-29-37(30-43-34(39)26-22-18-14-10-6-2,31-44-35(40)27-23-19-15-11-7-3)32-45-36(41)28-24-20-16-12-8-4/h5-32H2,1-4H3|CCCCCCCC(=O)OCC(COC(=O)CCCCCCC)(COC(=O)CCCCCCC)COC(=O)CCCCCCC
3.740098237991333|4.171274662017822|288.1191711425781|0.0|0.0|0.0|0.0|0.0|InChI=1S/C8H18N.BrH/c1-3-6-9(2)7-4-5-8-9;/h3-8H2,1-2H3;1H/q+1;/p-1|CCC[N+]1(C)CCCC1.[Br-]
3.03151535987854|3.649869441986084|309.4422607421875|0.008540991756290073|2494.803323944819|0.0|2.0|0.0|InChI=1S/C7H5NO/c9-6-8-7-4-2-1-3-5-7/h1-5H|O=C=Nc1ccccc1
5.816612720489502|3.975501537322998|307.2977600097656|5.391977907440612e-06|4701.505185018134|0.0|6.0|2.0|InChI=1S/2C3H9N.C2F6NO4S2.Ag/c2*1-2-3-4;3-1(4,5)14(10,11)9-15(12,13)2(6,7)8;/h2*2-4H2,1H3;;/q;;-1;+1|CCCN.CCCN.O=S(=O)([N-]S(=O)(=O)C(F)(F)F)C(F)(F)F.[Ag+]
3.3841006755828857|3.8954367637634277|373.64898681640625|0.0034372302846618218|3584.710502192385|0.0|3.0|3.0|InChI=1S/C7H6O4/c8-4-2-1-3-5(9)6(4)7(10)11/h1-3,8-9H,(H,10,11)|O=C(O)c1c(O)cccc1O
3.042689800262451|3.9161627292633057|343.0582580566406|0.0|0.0|0.0|0.0|0.0|InChI=1S/C10H10/c1-2-6-10-8-4-3-7-9(10)5-1/h1-3,5-7H,4,8H2|C1=Cc2ccccc2CC1
7.387345314025879|4.407543659210205|368.2875061035156|0.00036450215951641077|3174.7337977129387|0.0|4.0|0.0|InChI=1S/C14H32N.C2F6NO4S2/c1-5-9-10-11-12-13-14-15(6-2,7-3)8-4;3-1(4,5)14(10,11)9-15(12,13)2(6,7)8/h5-14H2,1-4H3;/q+1;-1|CCCCCCCC[N+](CC)(CC)CC.O=S(=O)([N-]S(=O)(=O)C(F)(F)F)C(F)(F)F
4.433941841125488|3.271778106689453|208.4820098876953|0.0|0.0|0.0|0.0|0.0|InChI=1S/C7H16/c1-3-5-7-6-4-2/h3-7H2,1-2H3/i1D3,2D3,3D2,4D2,5D2,6D2,7D2|[2H]C([2H])([2H])C([2H])([2H])C([2H])([2H])C([2H])([2H])C([2H])([2H])C([2H])([2H])C([2H])([2H])[2H]
5.096828460693359|4.196194648742676|306.9297180175781|0.0055683202034020746|2156.1120731022374|0.0|3.0|2.0|InChI=1S/C6H12O2.C4H11NO/c1-2-3-4-5-6(7)8;1-5(2)3-4-6/h2-5H2,1H3,(H,7,8);6H,3-4H2,1-2H3|CCCCCC(=O)O.CN(C)CCO
5.638129711151123|4.174898147583008|288.11444091796875|0.002631270754734939|2759.82162859981|0.0|2.0|2.0|InChI=1S/C7H15N.C6H12O2/c1-8-7-5-3-2-4-6-7;1-2-3-4-5-6(7)8/h7-8H,2-6H2,1H3;2-5H2,1H3,(H,7,8)|CCCCCC(=O)O.CNC1CCCCC1
6.527419090270996|4.4868574142456055|463.2965087890625|0.0019639843698977125|3307.626540376823|0.0|5.0|0.0|InChI=1S/C13H25N2.C2F6NO4S2/c1-3-4-5-6-7-8-9-10-15-12-11-14(2)13-15;3-1(4,5)14(10,11)9-15(12,13)2(6,7)8/h11-13H,3-10H2,1-2H3;/q+1;-1|CCCCCCCCCn1cc[n+](C)c1.O=S(=O)([N-]S(=O)(=O)C(F)(F)F)C(F)(F)F
4.600643634796143|3.4927239418029785|301.3493957519531|0.005152774531818386|3113.5329737969637|0.0|2.0|0.0|InChI=1S/C8H7BrO2/c1-11-8(10)6-2-4-7(9)5-3-6/h2-5H,1H3|COC(=O)c1ccc(Br)cc1
5.892448425292969|4.461966037750244|478.3564453125|0.0004472495256305857|2844.5360378309497|0.0|5.0|0.0|InChI=1S/C7H13N2.C4F10NO4S2/c1-3-4-9-6-5-8(2)7-9;5-1(6,7)3(11,12)20(16,17)15-21(18,19)4(13,14)2(8,9)10/h5-7H,3-4H2,1-2H3;/q+1;-1|CCCn1cc[n+](C)c1.O=S(=O)([N-]S(=O)(=O)C(F)(F)C(F)(F)F)C(F)(F)C(F)(F)F
4.024594783782959|4.354642868041992|330.3087158203125|0.0004538886069824526|2184.900996229584|0.0|5.0|1.0|InChI=1S/C6H16NO.C2H6O4S/c1-4-7(2,3)5-6-8;1-2-6-7(3,4)5/h8H,4-6H2,1-3H3;2H2,1H3,(H,3,4,5)/q+1;/p-1|CCOS(=O)(=O)[O-].CC[N+](C)(C)CCO
4.080376148223877|3.8412177562713623|320.64825439453125|0.0|0.0|0.0|0.0|0.0|InChI=1S/C13H12/c1-11-7-5-6-10-13(11)12-8-3-2-4-9-12/h2-10H,1H3|Cc1ccccc1-c1ccccc1
4.281839370727539|4.3823041915893555|335.61956787109375|0.006866267280534631|1396.529290172225|0.0|3.0|2.0|InChI=1S/C5H14NO.C3H7NO2/c1-6(2,3)4-5-7;4-2-1-3(5)6/h7H,4-5H2,1-3H3;1-2,4H2,(H,5,6)/q+1;/p-1|C[N+](C)(C)CCO.NCCC(=O)[O-]
3.5168826580047607|3.5349082946777344|316.3640441894531|0.017864050883164683|2184.3672995378547|0.0|1.0|0.0|InChI=1S/C6H11NO/c1-2-7-5-3-4-6(7)8/h2-5H2,1H3|CCN1CCCC1=O
3.8671178817749023|4.2172346115112305|279.51361083984375|0.012892783055125282|2278.9393787765184|0.0|3.0|3.0|InChI=1S/C6H15NO.C2HF3O2/c1-2-3-4-7-5-6-8;3-2(4,5)1(6)7/h7-8H,2-6H2,1H3;(H,6,7)|CCCCNCCO.O=C(O)C(F)(F)F
3.5099236965179443|4.208804130554199|414.6050109863281|0.0|0.0|0.0|0.0|0.0|InChI=1S/C15H12/c1-11-6-7-14-9-12-4-2-3-5-13(12)10-15(14)8-11/h2-10H,1H3|Cc1ccc2cc3ccccc3cc2c1
5.862983226776123|3.9523797035217285|291.6083984375|0.0023676299841534115|3151.352678675479|0.0|2.0|2.0|InChI=1S/C9H18O2.C4H9N/c1-2-3-4-5-6-7-8-9(10)11;1-2-4-5-3-1/h2-8H2,1H3,(H,10,11);5H,1-4H2|C1CCNC1.CCCCCCCCC(=O)O
6.2929229736328125|4.462935924530029|460.88616943359375|7.413833030431663e-05|4235.086524063298|0.0|5.0|0.0|InChI=1S/C8H15N2.C4F10NO4S2/c1-3-4-5-10-7-6-9(2)8-10;5-1(6,7)3(11,12)20(16,17)15-21(18,19)4(13,14)2(8,9)10/h6-8H,3-5H2,1-2H3;/q+1;-1|CCCCn1cc[n+](C)c1.O=S(=O)([N-]S(=O)(=O)C(F)(F)C(F)(F)F)C(F)(F)C(F)(F)F
4.56812858581543|3.4838943481445312|237.3446502685547|0.000793367021724526|2084.0538177988037|0.0|2.0|0.0|InChI=1S/C7H14O2/c1-3-4-5-6-9-7(2)8/h3-6H2,1-2H3|CCCCCOC(C)=O
5.136020660400391|3.4525692462921143|275.1767883300781|0.0|0.0|0.0|0.0|0.0|InChI=1S/C6H12Br2/c7-5-3-1-2-4-6-8/h1-6H2|BrCCCCCCBr
5.746170520782471|3.889460325241089|248.69757080078125|0.00036140557073679536|1556.5214958851864|0.0|1.0|0.0|InChI=1S/C8H20NO.BF4/c1-5-9(3,6-2)7-8-10-4;2-1(3,4)5/h5-8H2,1-4H3;/q+1;-1|CC[N+](C)(CC)CCOC.F[B-](F)(F)F
3.115713119506836|4.105123996734619|251.11085510253906|0.0|0.0|0.0|0.0|0.0|InChI=1S/C8H18/c1-7(2)6-8(3,4)5/h7H,6H2,1-5H3|CC(C)CC(C)(C)C
3.0879452228546143|3.2959938049316406|224.07589721679688|0.03128136886587727|1579.3936269230564|0.0|2.0|0.0|InChI=1S/C3H8O2/c1-4-3-5-2/h3H2,1-2H3|COCOC
4.3165602684021|3.6061978340148926|225.47836303710938|0.03105023939122422|2090.1849080620723|0.0|1.0|1.0|InChI=1S/C5H4F8O/c6-2(7)4(10,11)5(12,13)3(8,9)1-14/h2,14H,1H2|OCC(F)(F)C(F)(F)C(F)(F)C(F)F
4.875057697296143|4.190728187561035|424.29833984375|0.002166777102892936|2375.929289361866|0.0|6.0|2.0|InChI=1S/C2F6NO4S2.C2H7NO.Li/c3-1(4,5)14(10,11)9-15(12,13)2(6,7)8;3-1-2-4;/h;4H,1-3H2;/q-1;;+1|NCCO.O=S(=O)([N-]S(=O)(=O)C(F)(F)F)C(F)(F)F.[Li+]
3.3491151332855225|3.512432336807251|290.2831115722656|0.9|344.50928222216095|0.0|2.0|1.0|InChI=1S/C7H6O2/c8-5-6-3-1-2-4-7(6)9/h1-5,9H|O=Cc1ccccc1O
2.391082286834717|4.2191267013549805|401.7809753417969|0.03779517216056917|2926.255008476561|0.0|5.0|5.0|InChI=1S/C5H12O5/c6-1-3(8)5(10)4(9)2-7/h3-10H,1-2H2/t3-,4+,5+|OC[C@@H](O)[C@H](O)[C@@H](O)CO
5.190969944000244|3.6153781414031982|236.36854553222656|0.00115447709444953|561.4917702710413|0.0|3.0|0.0|InChI=1S/C7H18O3Si/c1-5-8-11(4,9-6-2)10-7-3/h5-7H2,1-4H3|CCO[Si](C)(OCC)OCC
5.712543487548828|4.250804901123047|368.4952697753906|0.0013397725882358317|1949.946121400485|0.0|5.0|0.0|InChI=1S/C7H18NO.C2F6NO4S2/c1-5-8(2,3)6-7-9-4;3-1(4,5)14(10,11)9-15(12,13)2(6,7)8/h5-7H2,1-4H3;/q+1;-1|CC[N+](C)(C)CCOC.O=S(=O)([N-]S(=O)(=O)C(F)(F)F)C(F)(F)F
7.22299861907959|4.103132724761963|361.4547119140625|0.0004296308936919777|1899.0496516062963|0.0|4.0|0.0|InChI=1S/C11H18N.C2F6NO4S2/c1-2-3-4-6-9-12-10-7-5-8-11-12;3-1(4,5)14(10,11)9-15(12,13)2(6,7)8/h5,7-8,10-11H,2-4,6,9H2,1H3;/q+1;-1|CCCCCC[n+]1ccccc1.O=S(=O)([N-]S(=O)(=O)C(F)(F)F)C(F)(F)F
3.6709845066070557|3.9295246601104736|284.0643310546875|0.0|0.0|0.0|0.0|0.0|InChI=1S/C10H16/c1-8(2)10-6-4-9(3)5-7-10/h4,10H,1,5-7H2,2-3H3/t10-/m1/s1|C=C(C)[C@@H]1CC=C(C)CC1
4.731601715087891|3.4936254024505615|254.4086456298828|0.001970968310656849|1974.225716631581|0.0|3.0|1.0|InChI=1S/C7H14O3/c1-3-4-5-10-7(9)6(2)8/h6,8H,3-5H2,1-2H3/t6-/m0/s1|CCCCOC(=O)[C@H](C)O
3.0428054332733154|3.8083620071411133|326.4756774902344|0.00039248942771743497|2350.6084657896413|0.0|1.0|0.0|InChI=1S/C7H12O/c8-7-5-3-1-2-4-6-7/h1-6H2|O=C1CCCCCC1
5.269934177398682|3.6837315559387207|318.3603820800781|0.00592718668425743|2337.8896328583824|0.0|3.0|0.0|InChI=1S/C7H10N.CHF3O3S/c1-2-8-6-4-3-5-7-8;2-1(3,4)8(5,6)7/h3-7H,2H2,1H3;(H,5,6,7)/q+1;/p-1|CC[n+]1ccccc1.O=S(=O)([O-])C(F)(F)F
5.75587272644043|3.658519983291626|211.85382080078125|0.0005193812748833627|619.3398243121095|0.0|4.0|0.0|InChI=1S/C8H20O4Si/c1-5-9-13(10-6-2,11-7-3)12-8-4/h5-8H2,1-4H3|CCO[Si](OCC)(OCC)OCC
8.83057689666748|4.056922912597656|198.00033569335938|2.5934248773472616e-05|982.7090710749379|0.0|6.0|0.0|InChI=1S/C12H36O6Si6/c1-19(2)13-20(3,4)15-22(7,8)17-24(11,12)18-23(9,10)16-21(5,6)14-19/h1-12H3|C[Si]1(C)O[Si](C)(C)O[Si](C)(C)O[Si](C)(C)O[Si](C)(C)O[Si](C)(C)O1
8.097933769226074|3.8865108489990234|274.32666015625|0.019873430855190458|1771.8488693901518|0.0|3.0|0.0|InChI=1S/C17H33N2.CHNS/c1-2-3-4-5-6-9-13-18-15-11-16-19-14-10-7-8-12-17(18)19;2-1-3/h2-16H2,1H3;3H/q+1;/p-1|CCCCCCCC[N+]1=C2CCCCCN2CCC1.N#C[S-]
21.48920249938965|4.5|291.7411193847656|0.0002731546007496769|5000.0|0.0|7.0|0.0|InChI=1S/C32H68P.C20H38O7S/c1-5-9-13-17-18-19-20-21-22-23-24-28-32-33(29-25-14-10-6-2,30-26-15-11-7-3)31-27-16-12-8-4;1-5-9-11-16(7-3)14-26-19(21)13-18(28(23,24)25)20(22)27-15-17(8-4)12-10-6-2/h5-32H2,1-4H3;16-18H,5-15H2,1-4H3,(H,23,24,25)/q+1;/p-1|CCCCC(CC)COC(=O)CC(C(=O)OCC(CC)CCCC)S(=O)(=O)[O-].CCCCCCCCCCCCCC[P+](CCCCCC)(CCCCCC)CCCCCC
3.7053897380828857|4.007594108581543|307.26312255859375|0.00010226493879635396|3474.237157559315|0.0|1.0|1.0|InChI=1S/C10H18O/c1-8-4-6-9(7-5-8)10(2,3)11/h4,9,11H,5-7H2,1-3H3|CC1=CCC(C(C)(C)O)CC1
5.670795440673828|4.213565826416016|394.2144470214844|0.0012295946714006955|2809.8122489250104|0.0|5.0|0.0|InChI=1S/C7H13N2.C2F6NO4S2/c1-4-9-6-5-8(3)7(9)2;3-1(4,5)14(10,11)9-15(12,13)2(6,7)8/h5-6H,4H2,1-3H3;/q+1;-1|CCn1cc[n+](C)c1C.O=S(=O)([N-]S(=O)(=O)C(F)(F)F)C(F)(F)F
6.85365104675293|3.9174201488494873|266.732666015625|0.0|0.0|0.0|0.0|0.0|InChI=1S/C14H24N.BF4/c1-3-4-5-6-7-8-11-15-12-9-10-14(2)13-15;2-1(3,4)5/h9-10,12-13H,3-8,11H2,1-2H3;/q+1;-1|CCCCCCCC[n+]1cccc(C)c1.F[B-](F)(F)F
3.8583552837371826|3.8123886585235596|242.68563842773438|0.0|0.0|0.0|0.0|0.0|InChI=1S/C8H18/c1-3-5-7-8-6-4-2/h3-8H2,1-2H3|CCCCCCCC
7.4464545249938965|4.235671520233154|367.5921630859375|0.0037722880091935022|2098.714179099182|0.0|5.0|0.0|InChI=1S/C14H25N2.C2F6NO4S2/c1-5-6-7-8-10-16-11-9-14(15(3)4)13(2)12-16;3-1(4,5)14(10,11)9-15(12,13)2(6,7)8/h9,11-12H,5-8,10H2,1-4H3;/q+1;-1|CCCCCCn1ccc(=[N+](C)C)c(C)c1.O=S(=O)([N-]S(=O)(=O)C(F)(F)F)C(F)(F)F
10.345242500305176|4.094076633453369|274.3384704589844|0.0003455000346947825|4506.153390727588|0.0|6.0|0.0|InChI=1S/2C9H11NO.C4F10NO4S2.Ag/c2*1-10(2)9(11)8-6-4-3-5-7-8;5-1(6,7)3(11,12)20(16,17)15-21(18,19)4(13,14)2(8,9)10;/h2*3-7H,1-2H3;;/q;;-1;+1|CN(C)C(=O)c1ccccc1.CN(C)C(=O)c1ccccc1.O=S(=O)([N-]S(=O)(=O)C(F)(F)C(F)(F)F)C(F)(F)C(F)(F)F.[Ag+]
5.100738525390625|3.9958081245422363|326.99822998046875|3.64030419577706e-05|2203.293810328129|0.0|1.0|0.0|InChI=1S/C9H17N2.F6P/c1-3-5-6-11-8-7-10(4-2)9-11;1-7(2,3,4,5)6/h7-9H,3-6H2,1-2H3;/q+1;-1|CCCCn1cc[n+](CC)c1.F[P-](F)(F)(F)(F)F
8.521322250366211|3.767961263656616|244.35983276367188|0.0002132114154920255|2752.214288711327|0.0|2.0|0.0|InChI=1S/C18H34O2/c1-3-4-5-6-7-8-9-10-11-12-13-14-15-16-17-18(19)20-2/h8-9H,3-7,10-17H2,1-2H3/b9-8-|CCCCCC/C=C\CCCCCCCCC(=O)OC
2.700451612472534|4.382960319519043|441.1953430175781|0.0039134502253096734|2350.2652351834204|0.0|1.0|1.0|InChI=1S/C6H7O.C5H5.Fe/c7-5-6-3-1-2-4-6;1-2-4-5-3-1;/h1-4,7H,5H2;1-5H;/q2*-1;+2|OCc1ccc[cH-]1.[Fe+2].c1cc[cH-]c1
3.937990188598633|3.5947837829589844|254.4132537841797|0.002913076518321965|2731.4005538966753|0.0|1.0|0.0|InChI=1S/C7H14O/c1-6(2)4-5-7(3)8/h6H,4-5H2,1-3H3|CC(=O)CCC(C)C
4.743561267852783|3.2422070503234863|180.7816925048828|0.004498209659431285|1461.9137826216968|0.0|1.0|0.0|InChI=1S/C4H3F7O/c5-2(6)4(10,11)12-1-3(7,8)9/h2H,1H2|FC(F)C(F)(F)OCC(F)(F)F
1.672480583190918|4.496203422546387|365.4323425292969|0.0004471559882442622|4978.171834682189|0.0|2.0|1.0|InChI=1S/C5H8O3/c1-4(6)2-3-5(7)8/h2-3H2,1H3,(H,7,8)|CC(=O)CCC(=O)O
3.2893478870391846|3.4739582538604736|251.1395721435547|0.00015537988865885473|289.83992131477174|0.0|1.0|0.0|InChI=1S/C5H10O/c1-3-5(6)4-2/h3-4H2,1-2H3|CCC(=O)CC
5.300508499145508|4.065981864929199|429.71649169921875|0.003180188408933842|2568.0027797512903|0.0|2.0|0.0|InChI=1S/C8H15N2.C7H6O2/c1-3-4-5-10-7-6-9(2)8-10;8-7(9)6-4-2-1-3-5-6/h6-8H,3-5H2,1-2H3;1-5H,(H,8,9)/q+1;/p-1|CCCCn1cc[n+](C)c1.O=C([O-])c1ccccc1
3.0906693935394287|3.6686034202575684|287.5038757324219|0.010585732304492761|1183.7079697945621|0.0|1.0|0.0|InChI=1S/C6H8S/c1-5-3-4-6(2)7-5/h3-4H,1-2H3|Cc1ccc(C)s1
8.700019836425781|4.059815883636475|406.2049560546875|0.002214828042074963|2392.9095180914246|0.0|5.0|1.0|InChI=1S/C16H28N3.C7H6O5S/c1-2-3-4-5-6-7-8-9-12-18-14-15-19(16-18)13-10-11-17;8-7(9)5-2-1-3-6(4-5)13(10,11)12/h14-16H,2-10,12-13H2,1H3;1-4H,(H,8,9)(H,10,11,12)/q+1;/p-1|CCCCCCCCCC[n+]1ccn(CCC#N)c1.O=C([O-])c1cccc(S(=O)(=O)O)c1
2.7416224479675293|3.8454418182373047|348.72869873046875|0.0|0.0|0.0|0.0|0.0|InChI=1S/C6H5I/c7-6-4-2-1-3-5-6/h1-5H|Ic1ccccc1
5.595752716064453|3.392435312271118|216.29672241210938|0.7828718333821041|612.1657802063143|0.0|2.0|2.0|InChI=1S/C4H11N.C4H8O2/c1-2-3-4-5;1-2-3-4(5)6/h2-5H2,1H3;2-3H2,1H3,(H,5,6)|CCCC(=O)O.CCCCN
5.825362682342529|3.954711437225342|321.3694152832031|0.0004852998111339275|2406.5617454097514|0.0|3.0|0.0|InChI=1S/C9H14N.CHF3O3S/c1-2-3-7-10-8-5-4-6-9-10;2-1(3,4)8(5,6)7/h4-6,8-9H,2-3,7H2,1H3;(H,5,6,7)/q+1;/p-1|CCCC[n+]1ccccc1.O=S(=O)([O-])C(F)(F)F
5.563904762268066|3.816488027572632|268.568115234375|0.0|0.0|0.0|0.0|0.0|InChI=1S/C10H16N.BF4/c1-3-4-7-11-8-5-10(2)6-9-11;2-1(3,4)5/h5-6,8-9H,3-4,7H2,1-2H3;/q+1;-1|CCCC[n+]1ccc(C)cc1.F[B-](F)(F)F
3.460256814956665|3.3681585788726807|187.2298126220703|0.0|0.0|0.0|0.0|0.0|InChI=1S/C4H4F4/c1-3(5)2-4(6,7)8/h2H,1H3/b3-2+|C/C(F)=C\C(F)(F)F
2.793581008911133|3.5669844150543213|289.7081604003906|0.03952607174357825|1569.3737879792059|0.0|1.0|0.0|InChI=1S/C5H6S/c1-5-3-2-4-6-5/h2-4H,1H3|Cc1cccs1
4.018761157989502|3.4802777767181396|236.0392608642578|0.0024267565836133148|2126.1308480469984|0.0|2.0|0.0|InChI=1S/C6H12O2/c1-3-5-6(7)8-4-2/h3-5H2,1-2H3|CCCC(=O)OCC
2.1785566806793213|3.9699745178222656|349.5033264160156|0.0019103467068651422|1746.8876964116569|0.0|3.0|1.0|InChI=1S/C4H8O3/c1-3(5)4(6)7-2/h3,5H,1-2H3|COC(=O)C(C)O
4.438788890838623|4.046723365783691|400.4635009765625|0.0|0.0|0.0|0.0|0.0|InChI=1S/C18H12/c1-2-8-14-13(7-1)15-9-3-4-11-17(15)18-12-6-5-10-16(14)18/h1-12H|c1ccc2c(c1)c1ccccc1c1ccccc21
15.771102905273438|3.9194765090942383|250.90399169921875|0.0|0.0|0.0|0.0|0.0|InChI=1S/C34H70/c1-3-5-7-9-11-13-15-17-19-21-23-25-27-29-31-33-34-32-30-28-26-24-22-20-18-16-14-12-10-8-6-4-2/h3-34H2,1-2H3|CCCCCCCCCCCCCCCCCCCCCCCCCCCCCCCCCC
2.33412504196167|3.7980167865753174|292.9765930175781|0.0|0.0|0.0|0.0|0.0|InChI=1S/CCl4/c2-1(3,4)5|ClC(Cl)(Cl)Cl
4.49331521987915|3.430415391921997|280.4593200683594|0.012021747943136986|1589.2924603451283|0.0|3.0|1.0|InChI=1S/C4H9N.NO3/c1-2-4-5-3-1;2-1(3)4/h5H,1-4H2;/q;-1/p+1|C1CC[NH2+]C1.O=[N+]([O-])[O-]
12.243829727172852|4.149993419647217|279.65234375|0.0047604689453249185|5000.0|0.0|8.0|0.0|InChI=1S/C29H52O8/c1-5-9-13-17-25(30)34-21-29(22-35-26(31)18-14-10-6-2,23-36-27(32)19-15-11-7-3)24-37-28(33)20-16-12-8-4/h5-24H2,1-4H3|CCCCCC(=O)OCC(COC(=O)CCCCC)(COC(=O)CCCCC)COC(=O)CCCCC
10.18491268157959|4.5|550.0|0.00011429607601839188|3887.7221166445725|0.0|10.0|0.0|InChI=1S/C18H32N4.2C2F6NO4S2/c1-19-13-15-21(17-19)11-9-7-5-3-4-6-8-10-12-22-16-14-20(2)18-22;2*3-1(4,5)14(10,11)9-15(12,13)2(6,7)8/h13-18H,3-12H2,1-2H3;;/q+2;2*-1|C[n+]1ccn(CCCCCCCCCCn2cc[n+](C)c2)c1.O=S(=O)([N-]S(=O)(=O)C(F)(F)F)C(F)(F)F.O=S(=O)([N-]S(=O)(=O)C(F)(F)F)C(F)(F)F
6.6266255378723145|3.981114387512207|271.57403564453125|0.0032029446289789858|3853.3656817828|0.0|1.0|1.0|InChI=1S/C16H32O2/c1-2-3-4-5-6-7-8-9-10-11-12-13-14-15-16(17)18/h2-15H2,1H3,(H,17,18)|CCCCCCCCCCCCCCCC(=O)O
2.6543681621551514|3.9951775074005127|283.0720520019531|0.0|0.0|0.0|0.0|0.0|InChI=1S/C7H14/c1-7-5-3-2-4-6-7/h7H,2-6H2,1H3|CC1CCCCC1
3.004842758178711|3.4867963790893555|240.02597045898438|0.00023038195211614663|1896.5044371864683|0.0|1.0|1.0|InChI=1S/C4H11N/c1-3-4(2)5/h4H,3,5H2,1-2H3|CCC(C)N
2.8019466400146484|3.60975980758667|265.32513427734375|0.00019598398880859633|2574.3136468906837|0.0|1.0|0.0|InChI=1S/C5H10O/c1-5-3-2-4-6-5/h5H,2-4H2,1H3|CC1CCCO1
7.259897708892822|3.860166549682617|337.97021484375|0.03748663867224705|1638.5993214894074|0.0|4.0|2.0|InChI=1S/C10H19N2.C5H9NO4/c1-3-4-5-6-7-12-9-8-11(2)10-12;6-3(5(9)10)1-2-4(7)8/h8-10H,3-7H2,1-2H3;3H,1-2,6H2,(H,7,8)(H,9,10)/q+1;/p-1|CCCCCCn1cc[n+](C)c1.NC(CCC(=O)[O-])C(=O)O
10.5800142288208|4.115232467651367|253.39239501953125|0.0|0.0|0.0|0.0|0.0|InChI=1S/C30H62/c1-25(2)15-11-19-29(7)23-13-21-27(5)17-9-10-18-28(6)22-14-24-30(8)20-12-16-26(3)4/h25-30H,9-24H2,1-8H3|CC(C)CCCC(C)CCCC(C)CCCCC(C)CCCC(C)CCCC(C)C
3.439220666885376|4.080061435699463|291.8456726074219|0.0011856050450738535|2762.826159966699|0.0|1.0|0.0|InChI=1S/C10H18O/c1-9(2)8-4-6-10(3,11-9)7-5-8/h8H,4-7H2,1-3H3|CC12CCC(CC1)C(C)(C)O2
4.606851100921631|3.8556129932403564|235.41012573242188|0.00743130591594793|1492.1562307257127|0.0|1.0|0.0|InChI=1S/C10H22O/c1-7-11-10(5,6)8-9(2,3)4/h7-8H2,1-6H3|CCOC(C)(C)CC(C)(C)C
5.110377788543701|3.916995048522949|308.6006774902344|0.00024703005005662467|1828.6486111007164|0.0|3.0|2.0|InChI=1S/C6H14N2.C3H6O2/c1-2-8-5-3-7-4-6-8;1-2-3(4)5/h7H,2-6H2,1H3;2H2,1H3,(H,4,5)|CCC(=O)O.CCN1CCNCC1
6.243699073791504|3.6174941062927246|269.385986328125|0.0004350659048152141|3363.456773030877|0.0|4.0|0.0|InChI=1S/C9H14N.C2H6O4S/c1-3-9-7-5-6-8-10(9)4-2;1-2-6-7(3,4)5/h5-8H,3-4H2,1-2H3;2H2,1H3,(H,3,4,5)/q+1;/p-1|CCOS(=O)(=O)[O-].CCc1cccc[n+]1CC
3.5111494064331055|3.577399253845215|308.218994140625|0.028568201928259665|1931.3872494418458|0.0|1.0|0.0|InChI=1S/C8H8O/c1-7(9)8-5-3-2-4-6-8/h2-6H,1H3|CC(=O)c1ccccc1
2.50292706489563|3.4469728469848633|271.8622131347656|0.0|0.0|0.0|0.0|0.0|InChI=1S/CHCl3/c2-1(3)4/h1H|ClC(Cl)Cl
3.2266845703125|3.6070961952209473|281.49468994140625|0.00013705411522145025|2505.950633640336|0.0|1.0|0.0|InChI=1S/C6H8S/c1-2-6-4-3-5-7-6/h3-5H,2H2,1H3|CCc1cccs1
4.618441581726074|3.9412736892700195|240.85403442382812|0.011587675239472798|1864.7508891598907|0.0|1.0|0.0|InChI=1S/C11H24O/c1-7-8-12-11(5,6)9-10(2,3)4/h7-9H2,1-6H3|CCCOC(C)(C)CC(C)(C)C
2.925464630126953|3.661924362182617|404.53851318359375|0.003469262712333455|2444.3093869951417|0.0|2.0|0.0|InChI=1S/C5H6N2/c6-4-2-1-3-5-7/h1-3H2|N#CCCCC#N
2.831393003463745|3.9103503227233887|308.8454284667969|0.002488714699318958|2331.229036391587|0.0|1.0|1.0|InChI=1S/C8H11N/c1-7(9)8-5-3-2-4-6-8/h2-7H,9H2,1H3/t7-/m1/s1|C[C@@H](N)c1ccccc1
8.578862190246582|4.234365940093994|374.1356506347656|0.002896787815671315|3283.0468086959213|0.0|4.0|0.0|InChI=1S/C16H28N.C2F6NO4S2/c1-5-6-7-8-9-10-11-17-13-14(2)12-15(3)16(17)4;3-1(4,5)14(10,11)9-15(12,13)2(6,7)8/h12-13H,5-11H2,1-4H3;/q+1;-1|CCCCCCCC[n+]1cc(C)cc(C)c1C.O=S(=O)([N-]S(=O)(=O)C(F)(F)F)C(F)(F)F
3.340070962905884|3.796797275543213|314.4356689453125|0.006067033443576049|2517.6964106478245|0.0|2.0|2.0|InChI=1S/C6H14O2/c7-5-3-1-2-4-6-8/h7-8H,1-6H2|OCCCCCCO
2.492485761642456|4.482448577880859|338.2941589355469|0.004090304213095291|1761.997535812092|0.0|2.0|1.0|InChI=1S/C7H17NO/c1-2-3-6-9-7-4-5-8/h2-8H2,1H3|CCCCOCCCN
5.6696248054504395|3.716376781463623|256.1526794433594|0.000300182274597969|2595.562785750185|0.0|4.0|0.0|InChI=1S/C11H20O4/c1-10(2,3)14-8(12)7-9(13)15-11(4,5)6/h7H2,1-6H3|CC(C)(C)OC(=O)CC(=O)OC(C)(C)C
5.816424369812012|3.8823776245117188|330.3333435058594|0.0028054549040691834|1449.9924718657996|0.0|1.0|0.0|InChI=1S/C10H19N2.F6P/c1-3-4-5-6-7-12-9-8-11(2)10-12;1-7(2,3,4,5)6/h8-10H,3-7H2,1-2H3;/q+1;-1|CCCCCCn1cc[n+](C)c1.F[P-](F)(F)(F)(F)F
2.552995443344116|3.7613813877105713|264.22674560546875|0.0|0.0|0.0|0.0|0.0|InChI=1S/C4H9Cl/c1-4(2)3-5/h4H,3H2,1-2H3|CC(C)CCl
4.5201568603515625|3.6447505950927734|235.8394012451172|0.0038470246535733505|1965.9185096926492|0.0|2.0|0.0|InChI=1S/C8H16O2/c1-6(2)5-10-8(9)7(3)4/h6-7H,5H2,1-4H3|CC(C)COC(=O)C(C)C
7.903318405151367|3.8880276679992676|262.3047180175781|0.0010369949327292001|3993.2913329194193|0.0|2.0|0.0|InChI=1S/C19H34O2/c1-3-4-5-6-7-8-9-10-11-12-13-14-15-16-17-18-19(20)21-2/h7-8,10-11H,3-6,9,12-18H2,1-2H3/b8-7-,11-10-|CCCCC/C=C\C/C=C\CCCCCCCC(=O)OC
4.837762355804443|3.0841503143310547|271.4864807128906|0.031455391030458066|1036.6721963760306|0.0|3.0|2.0|InChI=1S/C4H11NO2/c5-1-3-7-4-2-6/h6H,1-5H2|NCCOCCO
5.041386604309082|2.9449729919433594|208.4354705810547|0.0444366751043398|2355.7125072174763|0.0|2.0|1.0|InChI=1S/C6H7NO/c8-5-6-3-1-2-4-7-6/h1-4,8H,5H2|OCc1ccccn1
4.6649017333984375|3.8587374687194824|240.4626007080078|0.0|0.0|0.0|0.0|0.0|InChI=1S/C8H20N.6FH.Sb/c1-5-9(6-2,7-3)8-4;;;;;;;/h5-8H2,1-4H3;6*1H;/q+1;;;;;;;+5/p-6|CC[N+](CC)(CC)CC.[F-].[F-].[F-].[F-].[F-].[F-].[Sb+5]
4.454837322235107|3.5245676040649414|212.7312774658203|0.014242720250563558|1377.9231800668676|0.0|2.0|2.0|InChI=1S/C4H11N.C2HF3O2/c1-3-5-4-2;3-2(4,5)1(6)7/h5H,3-4H2,1-2H3;(H,6,7)|CCNCC.O=C(O)C(F)(F)F
4.427525520324707|4.0875678062438965|428.4244079589844|0.0|0.0|0.0|0.0|0.0|InChI=1S/C20H12/c1-2-8-16-15(7-1)17-9-3-5-13-11-12-14-6-4-10-18(16)20(14)19(13)17/h1-12H|c1ccc2c(c1)c1cccc3ccc4cccc2c4c31
1.7344201803207397|4.494823455810547|433.19677734375|0.002207458635595316|3032.4715945896064|0.0|1.0|1.0|InChI=1S/C7H8O/c8-6-7-4-2-1-3-5-7/h1-5,8H,6H2|OCc1ccccc1
4.634671211242676|3.684891939163208|176.29835510253906|0.0|0.0|0.0|0.0|0.0|InChI=1S/C6F14/c7-1(8,3(11,12)5(15,16)17)2(9,10)4(13,14)6(18,19)20|FC(F)(F)C(F)(F)C(F)(F)C(F)(F)C(F)(F)C(F)(F)F
2.1890158653259277|3.238255500793457|191.81460571289062|0.0|0.0|0.0|0.0|0.0|InChI=1S/C2H5F/c1-2-3/h2H2,1H3|CCF
7.855981349945068|4.117682933807373|346.6401062011719|0.0004813529590622745|3123.6991469832924|0.0|5.0|0.0|InChI=1S/C13H23N2.C2F6NO4S2/c1-4-5-6-7-10-15-11-8-13(9-12-15)14(2)3;3-1(4,5)14(10,11)9-15(12,13)2(6,7)8/h8-9,11-12H,4-7,10H2,1-3H3;/q+1;-1|CCCCCCn1ccc(=[N+](C)C)cc1.O=S(=O)([N-]S(=O)(=O)C(F)(F)F)C(F)(F)F
5.658279895782471|3.8661205768585205|321.038818359375|0.002086129107172791|2525.9864187934804|0.0|1.0|0.0|InChI=1S/C11H21N2.BF4/c1-3-4-5-6-7-8-13-10-9-12(2)11-13;2-1(3,4)5/h9-11H,3-8H2,1-2H3;/q+1;-1|CCCCCCCn1cc[n+](C)c1.F[B-](F)(F)F
6.374033451080322|4.19154691696167|361.8565979003906|0.39259275845291314|2322.7785395148053|0.0|1.0|0.0|InChI=1S/C10H19N2.4ClH.In/c1-3-4-5-6-7-12-9-8-11(2)10-12;;;;;/h8-10H,3-7H2,1-2H3;4*1H;/q+1;;;;;+3/p-4|CCCCCCn1cc[n+](C)c1.[Cl-].[Cl-].[Cl-].[Cl-].[In+3]
5.266670227050781|3.617281198501587|285.76934814453125|0.050790421554471554|1198.3691808145309|0.0|4.0|0.0|InChI=1S/C6H8N.CH4O4S/c1-7-5-3-2-4-6-7;1-5-6(2,3)4/h2-6H,1H3;1H3,(H,2,3,4)/q+1;/p-1|COS(=O)(=O)[O-].C[n+]1ccccc1
3.0332088470458984|3.4707441329956055|324.8351745605469|0.023643918507323086|1286.7409127471428|0.0|1.0|1.0|InChI=1S/C6H7N/c7-6-4-2-1-3-5-6/h1-5H,7H2|Nc1ccccc1
4.075872898101807|3.2779526710510254|302.4129943847656|0.05145145347593398|2455.0167770340204|0.0|1.0|0.0|InChI=1S/C4H10OS/c1-3-6(5)4-2/h3-4H2,1-2H3|CCS(=O)CC
3.9244282245635986|4.128630638122559|437.6433410644531|0.0|0.0|0.0|0.0|0.0|InChI=1S/C18H12/c1-3-7-15-13(5-1)9-11-18-16-8-4-2-6-14(16)10-12-17(15)18/h1-12H|c1ccc2c(c1)ccc1c3ccccc3ccc21
4.420505046844482|3.6851372718811035|292.8230285644531|0.3825659403567499|1368.142350628639|0.0|1.0|0.0|InChI=1S/C8H12N.CH2O2/c1-7-5-4-6-9(3)8(7)2;2-1-3/h4-6H,1-3H3;1H,(H,2,3)/q+1;/p-1|Cc1ccc[n+](C)c1C.O=C[O-]
7.867136478424072|4.004875183105469|272.4742126464844|0.006133559378562946|3312.1873844345246|0.0|1.0|1.0|InChI=1S/C19H38O2/c1-2-3-4-5-6-7-8-9-10-11-12-13-14-15-16-17-18-19(20)21/h2-18H2,1H3,(H,20,21)|CCCCCCCCCCCCCCCCCCC(=O)O
2.696044445037842|3.9942965507507324|338.90069580078125|0.0|0.0|0.0|0.0|0.0|InChI=1S/C6H11Br/c7-6-4-2-1-3-5-6/h6H,1-5H2|BrC1CCCCC1
1.9394365549087524|4.082472801208496|346.662109375|0.0018069388864528288|2866.7500684053025|0.0|1.0|1.0|InChI=1S/C5H10O/c6-5-3-1-2-4-5/h5-6H,1-4H2|OC1CCCC1
6.504411220550537|2.45440936088562|88.02782440185547|0.1808622053774932|1736.2236401330172|0.0|2.0|2.0|InChI=1S/C4H12N2/c5-3-1-2-4-6/h1-6H2|NCCCCN
2.6185431480407715|3.595120668411255|130.6360626220703|0.03447584543694795|2924.7597831109542|0.0|2.0|2.0|InChI=1S/C4H10O2/c1-3(5)4(2)6/h3-6H,1-2H3|CC(O)C(C)O
2.1437065601348877|4.365487575531006|296.7093505859375|0.001990984935853993|2784.8622281141916|0.0|1.0|1.0|InChI=1S/C6H14O/c1-4-5-6(2,3)7/h7H,4-5H2,1-3H3|CCCC(C)(C)O
2.941277265548706|3.7734081745147705|261.3916931152344|0.0001400344819767582|2741.9050778284623|0.0|1.0|0.0|InChI=1S/C6H12O/c1-5-3-4-6(2)7-5/h5-6H,3-4H2,1-2H3|CC1CCC(C)O1
4.145073890686035|3.6799232959747314|374.28228759765625|0.5133836535938143|1120.5360683592553|0.0|2.0|0.0|InChI=1S/C12H8N2/c1-3-9-5-6-11-10(4-2-7-13-11)12(9)14-8-1/h1-8H|c1cnc2c(c1)ccc1ncccc12
2.728879690170288|3.7276854515075684|229.93008422851562|0.0|0.0|0.0|0.0|0.0|InChI=1S/C5H12/c1-3-5-4-2/h3-5H2,1-2H3|CCCCC
3.817436695098877|3.530215263366699|304.96075439453125|0.004494896914297399|4552.296524915064|0.0|2.0|0.0|InChI=1S/C7H7NO2/c1-6-2-4-7(5-3-6)8(9)10/h2-5H,1H3|Cc1ccc([N+](=O)[O-])cc1
4.070558071136475|4.0119757652282715|280.5072326660156|0.0|0.0|0.0|0.0|0.0|InChI=1S/C11H22/c1-2-3-5-8-11-9-6-4-7-10-11/h11H,2-10H2,1H3|CCCCCC1CCCCC1
2.621586561203003|4.090209484100342|318.40673828125|0.1681264816252389|2029.4029086972023|0.0|1.0|1.0|InChI=1S/C6H12O/c1-2-3-4-5-6-7/h4-5,7H,2-3,6H2,1H3/b5-4+|CCC/C=C/CO
3.405128240585327|3.4371378421783447|288.6573791503906|0.004918919732138785|2688.8104322840804|0.0|2.0|0.0|InChI=1S/C5H6OS/c1-6-5-2-3-7-4-5/h2-4H,1H3|COc1ccsc1
4.729908466339111|3.1603946685791016|328.152587890625|0.009682503513901508|428.9326134251733|0.0|2.0|2.0|InChI=1S/C4H7NO.C2H4O2/c6-4-2-1-3-5-4;1-2(3)4/h1-3H2,(H,5,6);1H3,(H,3,4)|CC(=O)O.OC1=NCCC1
5.133362293243408|3.6590394973754883|256.1771545410156|0.006332193870525939|3784.7131611554623|0.0|1.0|0.0|InChI=1S/C10H20O/c1-3-4-5-6-7-8-9-10(2)11/h3-9H2,1-2H3|CCCCCCCCC(C)=O
4.961912631988525|3.2663865089416504|240.72219848632812|0.0016366655169684236|2119.6266664520203|0.0|3.0|1.0|InChI=1S/C4H11N.NO3/c1-2-3-4-5;2-1(3)4/h2-5H2,1H3;/q;-1/p+1|CCCC[NH3+].O=[N+]([O-])[O-]
7.266589164733887|3.971007823944092|303.31585693359375|0.015622944805590702|1974.9140550573943|0.0|2.0|0.0|InChI=1S/C17H24N.CHNS/c1-2-3-4-5-6-9-13-18-14-12-16-10-7-8-11-17(16)15-18;2-1-3/h7-8,10-12,14-15H,2-6,9,13H2,1H3;3H/q+1;/p-1|CCCCCCCC[n+]1ccc2ccccc2c1.N#C[S-]
5.517968654632568|4.5|534.7860717773438|0.0036304133349559374|3425.015057403228|0.0|4.0|1.0|InChI=1S/C8H15N2.C7H13NO4S/c1-3-4-5-10-7-6-9(2)8-10;1-4-6(9)8-7(2,3)5-13(10,11)12/h6-8H,3-5H2,1-2H3;4H,1,5H2,2-3H3,(H,8,9)(H,10,11,12)/q+1;/p-1|C=CC([O-])=NC(C)(C)CS(=O)(=O)O.CCCCn1cc[n+](C)c1
5.871767997741699|4.063910007476807|330.293212890625|0.00011083514555537046|2411.542350730519|0.0|5.0|1.0|InChI=1S/C5H11NO.C2F6NO4S2/c1-4-5(7)6(2)3;3-1(4,5)14(10,11)9-15(12,13)2(6,7)8/h4H2,1-3H3;/q;-1/p+1|CCC(=O)[NH+](C)C.O=S(=O)([N-]S(=O)(=O)C(F)(F)F)C(F)(F)F
2.8189520835876465|3.899540424346924|285.0244140625|0.0005520954521631836|2626.9004041402745|0.0|2.0|0.0|InChI=1S/C6H10O2/c1-4-8-6(7)5(2)3/h2,4H2,1,3H3|C=C(C)C(=O)OCC
4.35108757019043|4.181771278381348|259.9884033203125|0.0|0.0|0.0|0.0|0.0|InChI=1S/C12H26/c1-10(8-11(2,3)4)9-12(5,6)7/h10H,8-9H2,1-7H3|CC(CC(C)(C)C)CC(C)(C)C
7.446379661560059|4.144009113311768|291.5257568359375|0.0015752407052753144|3922.890931763094|0.0|1.0|0.0|InChI=1S/C9H17N2.C6F18P/c1-3-4-5-6-11-8-7-10(2)9-11;7-1(8,9)4(16,17)25(22,23,24,5(18,19)2(10,11)12)6(20,21)3(13,14)15/h7-9H,3-6H2,1-2H3;/q+1;-1|CCCCCn1cc[n+](C)c1.FC(F)(F)C(F)(F)[P-](F)(F)(F)(C(F)(F)C(F)(F)F)C(F)(F)C(F)(F)F
5.691022872924805|3.8277738094329834|271.6172790527344|0.0|0.0|0.0|0.0|0.0|InChI=1S/C14H24N/c1-3-4-5-6-7-8-11-15-12-9-10-14(2)13-15/h9-10,12-13H,3-8,11H2,1-2H3/q+1|CCCCCCCC[n+]1cccc(C)c1
5.181035995483398|3.594575881958008|237.1684112548828|0.00020449155744755597|767.41623896544|0.0|2.0|0.0|InChI=1S/C9H18O2/c1-3-5-6-7-8-11-9(10)4-2/h3-8H2,1-2H3|CCCCCCOC(=O)CC
3.4829208850860596|3.5463688373565674|301.38409423828125|0.003537964737126373|2634.1555820617846|0.0|1.0|0.0|InChI=1S/C5H11NO/c1-3-6(4-2)5-7/h5H,3-4H2,1-2H3|CCN(C=O)CC
4.661178112030029|2.955831527709961|211.92349243164062|0.3036138370170067|1809.7771601182005|0.0|1.0|1.0|InChI=1S/C4H8O2/c1-2-3-4(5)6/h2-3H2,1H3,(H,5,6)|CCCC(=O)O
2.002577543258667|4.483047008514404|333.6438903808594|0.007312319462467975|1656.2339952435814|0.0|2.0|1.0|InChI=1S/C5H14N2/c1-7(2)5-3-4-6/h3-6H2,1-2H3|CN(C)CCCN
4.6387939453125|3.4605181217193604|277.3773193359375|0.0|0.0|0.0|0.0|0.0|InChI=1S/C5H10Br2/c6-4-2-1-3-5-7/h1-5H2|BrCCCCCBr
5.107247829437256|3.7358596324920654|277.0675964355469|0.00020981174501716888|1951.8867955198423|0.0|1.0|0.0|InChI=1S/C8H15N2.BF4/c1-4-5-10-7-6-9(3)8(10)2;2-1(3,4)5/h6-7H,4-5H2,1-3H3;/q+1;-1|CCCn1cc[n+](C)c1C.F[B-](F)(F)F
4.133922100067139|3.6037166118621826|364.23809814453125|0.003670199200109618|1200.5803780039105|0.0|3.0|1.0|InChI=1S/C5H8N2.C2H4O2/c1-2-7-4-3-6-5-7;1-2(3)4/h3-5H,2H2,1H3;1H3,(H,3,4)|CC(=O)O.CCn1ccnc1
12.312067985534668|3.5831263065338135|229.9938201904297|0.0014056871035706172|3709.820230694681|0.0|2.0|0.0|InChI=1S/C23H46O2/c1-3-4-5-6-7-8-9-10-11-12-13-14-15-16-17-18-19-20-21-22-23(24)25-2/h3-22H2,1-2H3|CCCCCCCCCCCCCCCCCCCCCC(=O)OC
3.266132116317749|4.060429573059082|294.7062683105469|0.0|0.0|0.0|0.0|0.0|InChI=1S/C10H16/c1-7-4-5-8-6-9(7)10(8,2)3/h8-9H,1,4-6H2,2-3H3/t8-,9-/m0/s1|C=C1CC[C@H]2C[C@@H]1C2(C)C
6.46767520904541|3.7948968410491943|241.3730926513672|0.00024043762318031898|1695.9797478568155|0.0|4.0|0.0|InChI=1S/C8H20N.C2BF2O4/c1-5-9(6-2,7-3)8-4;4-3(5)8-1(6)2(7)9-3/h5-8H2,1-4H3;/q+1;-1|CC[N+](CC)(CC)CC.O=C1O[B-](F)(F)OC1=O
3.710052251815796|3.9256646633148193|281.73931884765625|0.0|0.0|0.0|0.0|0.0|InChI=1S/C10H16/c1-8(2)10-6-4-9(3)5-7-10/h4,10H,1,5-7H2,2-3H3/t10-/m0/s1|C=C(C)[C@H]1CC=C(C)CC1
6.689171314239502|3.698667049407959|335.2865295410156|0.004519988194370088|2559.2320441779552|0.0|4.0|0.0|InChI=1S/C12H23N2.NO3/c1-3-4-5-6-7-8-9-14-11-10-13(2)12-14;2-1(3)4/h10-12H,3-9H2,1-2H3;/q+1;-1|CCCCCCCCn1cc[n+](C)c1.O=[N+]([O-])[O-]
5.069433689117432|4.022192478179932|277.58404541015625|0.0|0.0|0.0|0.0|0.0|InChI=1S/C14H28/c1-2-3-4-5-6-8-11-14-12-9-7-10-13-14/h14H,2-13H2,1H3|CCCCCCCCC1CCCCC1
2.0118408203125|4.481155872344971|358.6982116699219|0.0019133158983905972|3202.1323744960177|0.0|1.0|1.0|InChI=1S/C7H14O/c8-6-7-4-2-1-3-5-7/h7-8H,1-6H2|OCC1CCCCC1
3.9484970569610596|3.77717661857605|248.17813110351562|0.007357434398551818|1223.3061043808204|0.0|2.0|0.0|InChI=1S/C7H18N2/c1-8(2)6-5-7-9(3)4/h5-7H2,1-4H3|CN(C)CCCN(C)C
7.183584690093994|4.0876874923706055|276.74444580078125|0.0008621292616400002|3966.291404361882|0.0|2.0|0.0|InChI=1S/C20H36O2/c1-3-5-6-7-8-9-10-11-12-13-14-15-16-17-18-19-20(21)22-4-2/h8-9,11-12H,3-7,10,13-19H2,1-2H3/b9-8-,12-11-|CCCCC/C=C\C/C=C\CCCCCCCC(=O)OCC
4.364368438720703|4.351339340209961|378.86492919921875|0.05457087129420457|2211.088679832029|0.0|1.0|0.0|InChI=1S/C11H21N2.BrH/c1-10(2)7-12-5-6-13(9-12)8-11(3)4;/h5-6,9-11H,7-8H2,1-4H3;1H/q+1;/p-1|CC(C)Cn1cc[n+](CC(C)C)c1.[Br-]
5.302150249481201|4.5|431.3143310546875|0.0008319319707163391|1973.5809558292694|0.0|4.0|0.0|InChI=1S/C12H24N.C2F6NO4S2/c1-3-8-13(2)9-11-4-5-12(10-13)7-6-11;3-1(4,5)14(10,11)9-15(12,13)2(6,7)8/h11-12H,3-10H2,1-2H3;/q+1;-1|CCC[N+]1(C)CC2CCC(CC2)C1.O=S(=O)([N-]S(=O)(=O)C(F)(F)F)C(F)(F)F
3.0858588218688965|3.245009183883667|280.1086730957031|0.0012584317698323114|3231.723700002545|0.0|1.0|0.0|InChI=1S/C3H5ClO/c4-1-3-2-5-3/h3H,1-2H2/t3-/m1/s1|ClC[C@@H]1CO1
3.9058845043182373|3.112969398498535|274.8114318847656|0.00047822175164458726|2631.1436406999856|0.0|1.0|1.0|InChI=1S/C4H6O2/c1-3(2)4(5)6/h1H2,2H3,(H,5,6)|C=C(C)C(=O)O
5.3768229484558105|4.483822345733643|380.9388732910156|0.0011210701465298842|2250.509523981149|0.0|4.0|0.0|InChI=1S/C9H20N.C2F6NO4S2/c1-9(2)8-10(3)6-4-5-7-10;3-1(4,5)14(10,11)9-15(12,13)2(6,7)8/h9H,4-8H2,1-3H3;/q+1;-1|CC(C)C[N+]1(C)CCCC1.O=S(=O)([N-]S(=O)(=O)C(F)(F)F)C(F)(F)F
3.122527837753296|3.7808918952941895|302.98663330078125|0.0|0.0|0.0|0.0|0.0|InChI=1S/C7H8/c1-7-5-3-2-4-6-7/h2-6H,1H3/i1D3,2D,3D,4D,5D,6D|[2H]c1c([2H])c([2H])c(C([2H])([2H])[2H])c([2H])c1[2H]
5.1297607421875|3.9752001762390137|343.8808898925781|0.03712963037720296|2177.720828523154|0.0|1.0|0.0|InChI=1S/C11H21N2.BrH/c1-3-4-5-6-7-8-13-10-9-12(2)11-13;/h9-11H,3-8H2,1-2H3;1H/q+1;/p-1|CCCCCCCn1cc[n+](C)c1.[Br-]
6.401230335235596|3.544987916946411|269.1745300292969|0.07516570172491566|1649.566373243526|0.0|2.0|0.0|InChI=1S/C10H16N.C2N3/c1-2-3-5-8-11-9-6-4-7-10-11;3-1-5-2-4/h4,6-7,9-10H,2-3,5,8H2,1H3;/q+1;-1|CCCCC[n+]1ccccc1.N#C[N-]C#N
6.8002705574035645|4.1383185386657715|395.2415771484375|3.9349371617127965e-05|3038.8943849886177|0.0|5.0|0.0|InChI=1S/C11H14N2.C2F6NO4S2/c1-2-3-8-13-9-12-10-6-4-5-7-11(10)13;3-1(4,5)14(10,11)9-15(12,13)2(6,7)8/h4-7,9H,2-3,8H2,1H3;/q;-1/p+1|CCCCn1c[nH+]c2ccccc21.O=S(=O)([N-]S(=O)(=O)C(F)(F)F)C(F)(F)F
1.8664047718048096|4.484757423400879|388.7071533203125|0.0005784494917254014|2189.993853252353|0.0|3.0|1.0|InChI=1S/C5H10O3/c1-3-8-5(7)4(2)6/h4,6H,3H2,1-2H3|CCOC(=O)C(C)O
5.521694660186768|3.080718994140625|232.31427001953125|0.0010638525928074604|2819.7621628858033|0.0|2.0|2.0|InChI=1S/C6H14O2/c1-5(7)3-4-6(2)8/h5-8H,3-4H2,1-2H3|CC(O)CCC(C)O
4.792850971221924|3.2881617546081543|224.8320770263672|0.007603397074244671|2211.779463471937|0.0|2.0|0.0|InChI=1S/C4H9N3O/c1-2-8-4-3-6-7-5/h2-4H2,1H3|CCOCCN=[N+]=[N-]
3.150139331817627|3.56561017036438|248.9662628173828|0.005817931458225816|2081.1418265318334|0.0|1.0|1.0|InChI=1S/C5H12O/c1-5(2,3)4-6/h6H,4H2,1-3H3|CC(C)(C)CO
4.3573222160339355|3.4458682537078857|217.46067810058594|0.0|0.0|0.0|0.0|0.0|InChI=1S/C7F8/c8-2-1(7(13,14)15)3(9)5(11)6(12)4(2)10|Fc1c(F)c(F)c(C(F)(F)F)c(F)c1F
3.642613172531128|3.58042573928833|292.3748474121094|0.00022185603308595939|2831.975866782217|0.0|1.0|0.0|InChI=1S/C8H10O/c1-7-4-3-5-8(6-7)9-2/h3-6H,1-2H3|COc1cccc(C)c1
8.686574935913086|3.7770345211029053|249.22433471679688|0.00015762329136033974|2976.9387772692016|0.0|2.0|0.0|InChI=1S/C19H36O2/c1-3-4-5-6-7-8-9-10-11-12-13-14-15-16-17-18-19(20)21-2/h10-11H,3-9,12-18H2,1-2H3/b11-10-|CCCCCCCC/C=C\CCCCCCCC(=O)OC
4.222713947296143|3.7782256603240967|256.08575439453125|0.0|0.0|0.0|0.0|0.0|InChI=1S/C10H16/c1-5-10(4)8-6-7-9(2)3/h5,7H,1,4,6,8H2,2-3H3|C=CC(=C)CCC=C(C)C
3.402843713760376|4.225366592407227|433.16827392578125|0.0013585062707188534|2349.9801080227194|0.0|2.0|1.0|InChI=1S/C6H11N2O.BF4/c1-7-2-3-8(6-7)4-5-9;2-1(3,4)5/h2-3,6,9H,4-5H2,1H3;/q+1;-1|C[n+]1ccn(CCO)c1.F[B-](F)(F)F
4.632753372192383|4.064924240112305|439.3329162597656|0.012054335091525975|2616.030673064967|0.0|5.0|1.0|InChI=1S/C6H11N2.C2H7NO3S/c1-3-8-5-4-7(2)6-8;3-1-2-7(4,5)6/h4-6H,3H2,1-2H3;1-3H2,(H,4,5,6)/q+1;/p-1|CCn1cc[n+](C)c1.NCCS(=O)(=O)[O-]
7.4035773277282715|3.964477300643921|266.8921203613281|0.016269275114425417|1949.3510255683498|0.0|2.0|0.0|InChI=1S/C15H26N.CHNS/c1-4-5-6-7-8-9-10-16-12-14(2)11-15(3)13-16;2-1-3/h11-13H,4-10H2,1-3H3;3H/q+1;/p-1|CCCCCCCC[n+]1cc(C)cc(C)c1.N#C[S-]
4.417862415313721|4.341447353363037|347.13140869140625|0.0007011283672262842|2489.6849275048526|0.0|4.0|3.0|InChI=1S/C5H14NO.C3H7NO3/c1-6(2,3)4-5-7;4-2(1-5)3(6)7/h7H,4-5H2,1-3H3;2,5H,1,4H2,(H,6,7)/q+1;/p-1/t;2-/m.0/s1|C[N+](C)(C)CCO.N[C@@H](CO)C(=O)[O-]
11.010705947875977|4.06958532333374|250.74746704101562|0.040718532097790805|572.1777000150197|0.0|2.0|0.0|InChI=1S/C24H52P.C2H2N3/c1-5-9-13-14-15-16-17-18-19-20-24-25(21-10-6-2,22-11-7-3)23-12-8-4;1-2-4-5-3-1/h5-24H2,1-4H3;1-2H/q+1;-1|CCCCCCCCCCCC[P+](CCCC)(CCCC)CCCC.c1c[n-]nn1
2.75565505027771|3.5140273571014404|171.28115844726562|0.0|0.0|0.0|0.0|0.0|InChI=1S/C2ClF5/c3-1(4,5)2(6,7)8|FC(F)(F)C(F)(F)Cl
6.694128513336182|4.072314262390137|412.8298034667969|0.0036474296420231918|2242.01189672767|0.0|5.0|0.0|InChI=1S/C14H24N3.CHF3O3S/c1-2-3-4-5-6-7-10-16-12-13-17(14-16)11-8-9-15;2-1(3,4)8(5,6)7/h12-14H,2-8,10-11H2,1H3;(H,5,6,7)/q+1;/p-1|CCCCCCCC[n+]1ccn(CCC#N)c1.O=S(=O)([O-])C(F)(F)F
1.5733492374420166|4.497158050537109|450.19903564453125|0.00277008262648068|2447.0161039014|0.0|1.0|1.0|InChI=1S/C3H6Cl2O/c4-1-3(6)2-5/h3,6H,1-2H2|OC(CCl)CCl
5.327323913574219|3.9155004024505615|352.47882080078125|0.017193887984702814|2236.5291650705803|0.0|1.0|0.0|InChI=1S/C10H19N2.HI/c1-3-4-5-6-7-12-9-8-11(2)10-12;/h8-10H,3-7H2,1-2H3;1H/q+1;/p-1|CCCCCCn1cc[n+](C)c1.[I-]
3.410122871398926|3.4408748149871826|251.10621643066406|0.11362917097372367|1028.6950808086901|0.0|2.0|2.0|InChI=1S/C4H12N2/c1-4(2,6)3-5/h3,5-6H2,1-2H3|CC(C)(N)CN
3.6714870929718018|3.8740038871765137|278.8706970214844|0.0|0.0|0.0|0.0|0.0|InChI=1S/C10H14/c1-8(2)10-6-4-9(3)5-7-10/h4-8H,1-3H3|Cc1ccc(C(C)C)cc1
3.6740164756774902|3.7094457149505615|356.5041809082031|0.003987442357569142|2821.3198713276106|0.0|1.0|1.0|InChI=1S/C8H9NO/c1-9-8(10)7-5-3-2-4-6-7/h2-6H,1H3,(H,9,10)|CN=C(O)c1ccccc1
5.266992568969727|4.117375373840332|287.07177734375|0.0058513878086924875|2990.7476613450326|0.0|4.0|2.0|InChI=1S/C11H22O4/c1-2-3-4-5-6-7-11(14)15-9-10(13)8-12/h10,12-13H,2-9H2,1H3|CCCCCCCC(=O)OCC(O)CO
3.1370561122894287|3.7951912879943848|262.7456970214844|0.0024189170594687264|2651.1118969273284|0.0|1.0|1.0|InChI=1S/C6H14O/c1-3-5-6(7)4-2/h6-7H,3-5H2,1-2H3|CCCC(O)CC
4.3964762687683105|3.0886597633361816|185.88299560546875|0.0013245697801164808|2201.4487913767657|0.0|1.0|1.0|InChI=1S/C3H2F6O/c4-2(5,6)1(10)3(7,8)9/h1,10H|OC(C(F)(F)F)C(F)(F)F
4.152371406555176|3.37471079826355|187.9135284423828|0.0036842494685158504|2350.5503969390948|0.0|1.0|0.0|InChI=1S/C4H3F7O/c5-2(6)12-1-3(7,8)4(9,10)11/h2H,1H2|FC(F)OCC(F)(F)C(F)(F)F
19.758350372314453|3.7495644092559814|172.95321655273438|2.057537771007291e-07|5000.0|0.0|10.0|0.0|InChI=1S/C24H72O10Si11/c1-35(2,3)25-37(7,8)27-39(11,12)29-41(15,16)31-43(19,20)33-45(23,24)34-44(21,22)32-42(17,18)30-40(13,14)28-38(9,10)26-36(4,5)6/h1-24H3|C[Si](C)(C)O[Si](C)(C)O[Si](C)(C)O[Si](C)(C)O[Si](C)(C)O[Si](C)(C)O[Si](C)(C)O[Si](C)(C)O[Si](C)(C)O[Si](C)(C)O[Si](C)(C)C
3.075127124786377|3.6491806507110596|239.56529235839844|0.00803621356602867|979.405962813164|0.0|1.0|0.0|InChI=1S/C5H12O/c1-3-4-5-6-2/h3-5H2,1-2H3|CCCCOC
3.53224778175354|4.074047088623047|455.8243713378906|0.014253686645545202|2873.619992855597|0.0|1.0|0.0|InChI=1S/C7H11N2.ClH/c1-3-4-9-6-5-8(2)7-9;/h3,5-7H,1,4H2,2H3;1H/q+1;/p-1|C=CCn1cc[n+](C)c1.[Cl-]
5.146944046020508|3.6770637035369873|255.97909545898438|0.01093614187566549|2788.993132737396|0.0|1.0|0.0|InChI=1S/C10H20O/c1-2-3-4-5-6-7-8-9-10-11/h10H,2-9H2,1H3|CCCCCCCCCC=O
4.1928791999816895|4.184046268463135|468.65478515625|0.004011248711573006|2877.0390141511916|0.0|4.0|0.0|InChI=1S/C6H11N2.CH4O3S/c1-3-8-5-4-7(2)6-8;1-5(2,3)4/h4-6H,3H2,1-2H3;1H3,(H,2,3,4)/q+1;/p-1|CCn1cc[n+](C)c1.CS(=O)(=O)[O-]
4.334118843078613|3.756714105606079|260.8526306152344|0.0|0.0|0.0|0.0|0.0|InChI=1S/C8H17Cl/c1-2-3-4-5-6-7-8-9/h2-8H2,1H3|CCCCCCCCCl
3.5844554901123047|3.412020683288574|167.70932006835938|0.0|0.0|0.0|0.0|0.0|InChI=1S/C4F8/c5-1(6)2(7,8)4(11,12)3(1,9)10|FC1(F)C(F)(F)C(F)(F)C1(F)F
4.089187145233154|3.1164016723632812|248.37149047851562|0.0018390361377300217|981.2029006256486|0.0|3.0|0.0|InChI=1S/C4H6O3/c1-3(5)7-4(2)6/h1-2H3|CC(=O)OC(C)=O
2.1996805667877197|4.108510971069336|344.77960205078125|0.0|0.0|0.0|0.0|0.0|InChI=1S/C4H8Br2/c5-3-1-2-4-6/h1-4H2|BrCCCCBr
2.406019449234009|3.5209577083587646|298.62091064453125|0.008294142743256263|1991.446239106224|0.0|1.0|0.0|InChI=1S/C4H4S/c1-2-4-5-3-1/h1-4H|c1ccsc1
5.734480381011963|4.5|475.16162109375|0.0009443644237877221|4255.504682203011|0.0|5.0|0.0|InChI=1S/C8H15N2.C4F10NO4S2/c1-8(2,3)10-6-5-9(4)7-10;5-1(6,7)3(11,12)20(16,17)15-21(18,19)4(13,14)2(8,9)10/h5-7H,1-4H3;/q+1;-1|C[n+]1ccn(C(C)(C)C)c1.O=S(=O)([N-]S(=O)(=O)C(F)(F)C(F)(F)F)C(F)(F)C(F)(F)F
4.803408145904541|3.5697059631347656|240.12339782714844|0.002114500101189554|2251.001299785627|0.0|2.0|0.0|InChI=1S/C8H16O2/c1-3-5-6-7-8(9)10-4-2/h3-7H2,1-2H3|CCCCCC(=O)OCC
5.034633159637451|3.604943037033081|245.5039520263672|0.005333998964178359|4069.0097047321665|0.0|3.0|0.0|InChI=1S/C8H18O3/c1-3-9-5-7-11-8-6-10-4-2/h3-8H2,1-2H3|CCOCCOCCOCC
5.224249362945557|4.5|507.71295166015625|0.0018117613324416361|1829.233972526953|0.0|6.0|0.0|InChI=1S/C8H15N2O.C2F6NO4S2/c1-3-9-4-5-10(8-9)6-7-11-2;3-1(4,5)14(10,11)9-15(12,13)2(6,7)8/h4-5,8H,3,6-7H2,1-2H3;/q+1;-1|CC[n+]1ccn(CCOC)c1.O=S(=O)([N-]S(=O)(=O)C(F)(F)F)C(F)(F)F
5.894641876220703|4.290831089019775|398.2249755859375|0.001481909447335534|1572.2522896936775|0.0|5.0|0.0|InChI=1S/C9H20NO.C2F6NO4S2/c1-10(8-9-11-2)6-4-3-5-7-10;3-1(4,5)14(10,11)9-15(12,13)2(6,7)8/h3-9H2,1-2H3;/q+1;-1|COCC[N+]1(C)CCCCC1.O=S(=O)([N-]S(=O)(=O)C(F)(F)F)C(F)(F)F
3.290651798248291|3.975918769836426|291.34716796875|0.004809815631210853|852.528926473618|0.0|1.0|0.0|InChI=1S/C8H17N/c1-9(2)8-6-4-3-5-7-8/h8H,3-7H2,1-2H3|CN(C)C1CCCCC1
3.6660497188568115|3.5194292068481445|273.4727478027344|0.009313422323868635|2427.7639649983125|0.0|2.0|1.0|InChI=1S/C6H11NO/c8-7-6-4-2-1-3-5-6/h8H,1-5H2|ON=C1CCCCC1
3.8762035369873047|3.6919167041778564|307.8248291015625|0.006845852263847894|2550.3708526423675|0.0|2.0|0.0|InChI=1S/C5H9ClO2/c1-8-5(7)3-2-4-6/h2-4H2,1H3|COC(=O)CCCCl
3.9685542583465576|3.9279210567474365|425.9070129394531|0.001719522366704692|1810.4668011475705|0.0|2.0|0.0|InChI=1S/C6H11N2.C2H4O2/c1-3-8-5-4-7(2)6-8;1-2(3)4/h4-6H,3H2,1-2H3;1H3,(H,3,4)/q+1;/p-1|CC(=O)[O-].CCn1cc[n+](C)c1
4.939067840576172|4.5|550.0|0.007709996926787856|3344.3008838907117|0.0|4.0|1.0|InChI=1S/C7H13NO4S.C6H11N2/c1-4-6(9)8-7(2,3)5-13(10,11)12;1-3-8-5-4-7(2)6-8/h4H,1,5H2,2-3H3,(H,8,9)(H,10,11,12);4-6H,3H2,1-2H3/q;+1/p-1|C=CC([O-])=NC(C)(C)CS(=O)(=O)O.CCn1cc[n+](C)c1
3.971383571624756|4.36086368560791|362.4742736816406|0.03722185726836882|1415.2040513971367|0.0|7.0|3.0|InChI=1S/C7H18NO3.CH4O4S/c1-8(2-5-9,3-6-10)4-7-11;1-5-6(2,3)4/h9-11H,2-7H2,1H3;1H3,(H,2,3,4)/q+1;/p-1|COS(=O)(=O)[O-].C[N+](CCO)(CCO)CCO
3.615659236907959|3.1472883224487305|269.5204162597656|0.0032752430237825755|2211.0644031373313|0.0|1.0|1.0|InChI=1S/C4H6N2/c1-4-2-5-6-3-4/h2-3H,1H3,(H,5,6)|Cc1cn[nH]c1
4.16364049911499|4.5|459.2076721191406|0.0008871559185281906|2686.150339539331|0.0|7.0|3.0|InChI=1S/C8H20NO3.C2F6NO4S2/c1-2-9(3-6-10,4-7-11)5-8-12;3-1(4,5)14(10,11)9-15(12,13)2(6,7)8/h10-12H,2-8H2,1H3;/q+1;-1|CC[N+](CCO)(CCO)CCO.O=S(=O)([N-]S(=O)(=O)C(F)(F)F)C(F)(F)F
5.841604709625244|3.8262064456939697|269.8356628417969|0.0|0.0|0.0|0.0|0.0|InChI=1S/C10H16N.BF4/c1-3-4-7-11-8-5-6-10(2)9-11;2-1(3,4)5/h5-6,8-9H,3-4,7H2,1-2H3;/q+1;-1|CCCC[n+]1cccc(C)c1.F[B-](F)(F)F
4.9548187255859375|4.0620551109313965|297.101806640625|0.00013106945610938294|3627.0725769194273|0.0|2.0|0.0|InChI=1S/C11H21N2O.BF4/c1-3-4-5-6-9-14-11-13-8-7-12(2)10-13;2-1(3,4)5/h7-8,10H,3-6,9,11H2,1-2H3;/q+1;-1|CCCCCCOCn1cc[n+](C)c1.F[B-](F)(F)F
4.39728307723999|4.239422798156738|309.6672668457031|0.0|0.0|0.0|0.0|0.0|InChI=1S/C15H24/c1-11-6-5-7-12(2)13-10-15(3,4)14(13)9-8-11/h6,13-14H,2,5,7-10H2,1,3-4H3/b11-6-/t13-,14-/m1/s1|C=C1CC/C=C(/C)CC[C@@H]2[C@@H]1CC2(C)C
5.948921203613281|3.6364591121673584|249.62974548339844|0.0035959077700028264|1118.2604785547346|0.0|2.0|0.0|InChI=1S/C12H20O2Si/c1-5-13-15(4,14-6-2)12-9-7-8-11(3)10-12/h7-10H,5-6H2,1-4H3|CCO[Si](C)(OCC)c1cccc(C)c1
4.2185845375061035|3.752469301223755|304.5777893066406|0.018969646774483716|1876.1477234614297|0.0|2.0|0.0|InChI=1S/C10H14N2/c1-12-7-3-5-10(12)9-4-2-6-11-8-9/h2,4,6,8,10H,3,5,7H2,1H3/t10-/m0/s1|CN1CCC[C@H]1c1cccnc1
5.2629714012146|4.4837493896484375|494.3309631347656|0.0008821430109718118|4182.549850353024|0.0|5.0|0.0|InChI=1S/C6H11N2.C4F10NO4S2/c1-3-8-5-4-7(2)6-8;5-1(6,7)3(11,12)20(16,17)15-21(18,19)4(13,14)2(8,9)10/h4-6H,3H2,1-2H3;/q+1;-1|CCn1cc[n+](C)c1.O=S(=O)([N-]S(=O)(=O)C(F)(F)C(F)(F)F)C(F)(F)C(F)(F)F
5.180754661560059|3.7256100177764893|186.4265899658203|0.0|0.0|0.0|0.0|0.0|InChI=1S/C8H5F13/c1-2-3(9,10)4(11,12)5(13,14)6(15,16)7(17,18)8(19,20)21/h2H2,1H3|CCC(F)(F)C(F)(F)C(F)(F)C(F)(F)C(F)(F)C(F)(F)F
2.8050949573516846|3.2848165035247803|261.88824462890625|0.003489551968520578|2033.719057900641|0.0|2.0|0.0|InChI=1S/C2H5NO2/c1-2-3(4)5/h2H2,1H3|CC[N+](=O)[O-]
3.3806586265563965|4.170414447784424|397.2803649902344|0.0188297850205493|1914.3077049975702|0.0|1.0|0.0|InChI=1S/C7H13N2.BrH/c1-3-8-5-6-9(4-2)7-8;/h5-7H,3-4H2,1-2H3;1H/q+1;/p-1|CCn1cc[n+](CC)c1.[Br-]
3.4332945346832275|3.599915027618408|262.699462890625|0.00010228307404750327|2001.100110714812|0.0|2.0|1.0|InChI=1S/C5H13NO/c1-5(7)4-6(2)3/h5,7H,4H2,1-3H3|CC(O)CN(C)C
4.181388854980469|3.277597665786743|186.39138793945312|0.04768756702180348|1131.781717898515|0.0|1.0|0.0|InChI=1S/C4H4F6O/c5-3(6,7)1-11-2-4(8,9)10/h1-2H2|FC(F)(F)COCC(F)(F)F
4.590714931488037|4.5|402.0562438964844|0.0003159638269399564|3661.915388504629|0.0|7.0|2.0|InChI=1S/C7H15NO5S.C5H14NO/c9-7(6-14(10,11)12)5-8-1-3-13-4-2-8;1-6(2,3)4-5-7/h7,9H,1-6H2,(H,10,11,12);7H,4-5H2,1-3H3/q;+1/p-1|C[N+](C)(C)CCO.O=S(=O)([O-])CC(O)CN1CCOCC1
8.977400779724121|3.2790215015411377|222.6970672607422|0.17119393749569078|1580.2357608277568|0.0|6.0|5.0|InChI=1S/C7H6O3.C6H15NO3/c8-6-4-2-1-3-5(6)7(9)10;8-4-1-7(2-5-9)3-6-10/h1-4,8H,(H,9,10);8-10H,1-6H2|O=C(O)c1ccccc1O.OCCN(CCO)CCO
2.7790074348449707|3.2516226768493652|232.25697326660156|0.00020232068513138435|1594.7977773479683|0.0|1.0|0.0|InChI=1S/C3H6O/c1-3(2)4/h1-2H3|CC(C)=O
4.0810346603393555|3.113527774810791|204.77505493164062|0.005492438051089908|2139.293099817703|0.0|1.0|1.0|InChI=1S/C4H10O/c1-4(2,3)5/h5H,1-3H3|CC(C)(C)O
10.731071472167969|4.262501239776611|264.5549621582031|0.009113242521282873|3974.596022069973|0.0|8.0|0.0|InChI=1S/C25H44O8/c1-9-17(5)21(26)30-13-25(14-31-22(27)18(6)10-2,15-32-23(28)19(7)11-3)16-33-24(29)20(8)12-4/h17-20H,9-16H2,1-8H3|CCC(C)C(=O)OCC(COC(=O)C(C)CC)(COC(=O)C(C)CC)COC(=O)C(C)CC
1.9414702653884888|3.4720778465270996|242.07907104492188|0.0|0.0|0.0|0.0|0.0|InChI=1S/C2H3Cl/c1-2-3/h2H,1H2|C=CCl
4.849751949310303|4.124843120574951|449.0316162109375|0.002313204047222271|2240.904434500719|0.0|3.0|1.0|InChI=1S/C8H15N2.C2H5NO2/c1-3-4-5-10-7-6-9(2)8-10;3-1-2(4)5/h6-8H,3-5H2,1-2H3;1,3H2,(H,4,5)/q+1;/p-1|CCCCn1cc[n+](C)c1.NCC(=O)[O-]
8.50839614868164|4.5|288.31243896484375|1.1696492043499501e-05|5000.0|0.0|6.0|1.0|InChI=1S/C16H36N.C7H15NO5S/c1-5-9-13-17(14-10-6-2,15-11-7-3)16-12-8-4;9-7(6-14(10,11)12)5-8-1-3-13-4-2-8/h5-16H2,1-4H3;7,9H,1-6H2,(H,10,11,12)/q+1;/p-1|CCCC[N+](CCCC)(CCCC)CCCC.O=S(=O)([O-])CC(O)CN1CCOCC1
2.312875270843506|3.921140670776367|242.74720764160156|0.059138671844414126|957.3190258654234|0.0|1.0|1.0|InChI=1S/C4H11N/c1-4(2,3)5/h5H2,1-3H3|CC(C)(C)N
3.903904676437378|3.394723653793335|234.6182861328125|0.006570974989039736|1621.7862008149475|0.0|2.0|2.0|InChI=1S/C4H12N2/c1-5-3-4-6-2/h5-6H,3-4H2,1-2H3|CNCCNC
25.0|4.5|550.0|0.0|0.0|0.0|0.0|0.0|InChI=1S/3C32H68P.6ClH.Gd/c3*1-5-9-13-17-18-19-20-21-22-23-24-28-32-33(29-25-14-10-6-2,30-26-15-11-7-3)31-27-16-12-8-4;;;;;;;/h3*5-32H2,1-4H3;6*1H;/q3*+1;;;;;;;+3/p-6|CCCCCCCCCCCCCC[P+](CCCCCC)(CCCCCC)CCCCCC.CCCCCCCCCCCCCC[P+](CCCCCC)(CCCCCC)CCCCCC.CCCCCCCCCCCCCC[P+](CCCCCC)(CCCCCC)CCCCCC.[Cl-].[Cl-].[Cl-].[Cl-].[Cl-].[Cl-].[Gd+3]
4.263385772705078|3.8616044521331787|258.88995361328125|0.09213135192559958|1535.8874988148589|0.0|2.0|0.0|InChI=1S/C9H18O2/c1-4-5-9(10)11-7-6-8(2)3/h8H,4-7H2,1-3H3|CCCC(=O)OCCC(C)C
6.420857906341553|3.646808624267578|291.2472229003906|0.0026562150857402755|2598.35711170956|0.0|2.0|2.0|InChI=1S/C6H11NO.C6H12O2/c8-6-4-2-1-3-5-7-6;1-2-3-4-5-6(7)8/h1-5H2,(H,7,8);2-5H2,1H3,(H,7,8)|CCCCCC(=O)O.OC1=NCCCCC1
4.946812152862549|3.9712281227111816|272.90411376953125|0.0|0.0|0.0|0.0|0.0|InChI=1S/C13H26/c1-2-3-4-5-7-10-13-11-8-6-9-12-13/h13H,2-12H2,1H3|CCCCCCCC1CCCCC1
9.007204055786133|3.345365047454834|247.90960693359375|0.018305072531123415|2126.8149380554464|0.0|7.0|3.0|InChI=1S/C4H11NO2.C2F6NO4S2.Li/c6-3-1-5-2-4-7;3-1(4,5)14(10,11)9-15(12,13)2(6,7)8;/h5-7H,1-4H2;;/q;-1;+1|O=S(=O)([N-]S(=O)(=O)C(F)(F)F)C(F)(F)F.OCCNCCO.[Li+]
4.016635894775391|1.9|76.61431884765625|0.016176967530398774|1170.9341354769692|0.0|1.0|0.0|InChI=1S/NO/c1-2|[N]=O
6.165786266326904|3.597689628601074|281.8561096191406|0.00036818757295096024|1627.1664463826644|0.0|3.0|0.0|InChI=1S/C9H14N.NO3/c1-2-3-7-10-8-5-4-6-9-10;2-1(3)4/h4-6,8-9H,2-3,7H2,1H3;/q+1;-1|CCCC[n+]1ccccc1.O=[N+]([O-])[O-]
2.315791130065918|4.388337135314941|360.97625732421875|0.001088310800627471|2813.190872610672|0.0|3.0|1.0|InChI=1S/C6H12O3/c1-4(2)9-6(8)5(3)7/h4-5,7H,1-3H3/t5-/m0/s1|CC(C)OC(=O)[C@H](C)O
10.751504898071289|4.5|303.6629333496094|0.014178776156488557|561.6474567008439|0.0|8.0|0.0|InChI=1S/C29H52O8/c1-9-13-21(5)25(30)34-17-29(18-35-26(31)22(6)14-10-2,19-36-27(32)23(7)15-11-3)20-37-28(33)24(8)16-12-4/h21-24H,9-20H2,1-8H3|CCCC(C)C(=O)OCC(COC(=O)C(C)CCC)(COC(=O)C(C)CCC)COC(=O)C(C)CCC
4.7037153244018555|3.490889310836792|242.66107177734375|0.002076746693889689|1893.9688724931596|0.0|3.0|0.0|InChI=1S/C7H14O3/c1-3-9-6-5-7(8)10-4-2/h3-6H2,1-2H3|CCOCCC(=O)OCC
2.798035144805908|3.872065305709839|246.65185546875|0.0019398136869434532|687.42706866607|0.0|1.0|0.0|InChI=1S/C5H13N/c1-5(2)6(3)4/h5H,1-4H3|CC(C)N(C)C
3.1273462772369385|3.701956033706665|300.9961853027344|0.0|0.0|0.0|0.0|0.0|InChI=1S/C7H7Cl/c1-6-4-2-3-5-7(6)8/h2-5H,1H3|Cc1ccccc1Cl
5.2744951248168945|3.7857580184936523|302.0606689453125|0.00021519496115998316|2938.676687894383|0.0|4.0|0.0|InChI=1S/C8H12N.C2H6O4S/c1-3-9-6-4-5-8(2)7-9;1-2-6-7(3,4)5/h4-7H,3H2,1-2H3;2H2,1H3,(H,3,4,5)/q+1;/p-1|CCOS(=O)(=O)[O-].CC[n+]1cccc(C)c1
4.954611778259277|3.578493118286133|269.9173278808594|0.012725093669173071|2056.026994504054|0.0|2.0|0.0|InChI=1S/C6H12N4/c7-9-8-3-6-10-4-1-2-5-10/h1-6H2|[N-]=[N+]=NCCN1CCCC1
3.745995044708252|3.7311601638793945|243.5446319580078|0.004454820150101343|1911.2414918728778|0.0|2.0|0.0|InChI=1S/C6H16N2/c1-7(2)5-6-8(3)4/h5-6H2,1-4H3|CN(C)CCN(C)C
8.546465873718262|4.126657009124756|262.4072570800781|0.0005348460680955037|5000.0|0.0|6.0|2.0|InChI=1S/C12H26O4S.C8H17NO2/c1-2-3-4-5-6-7-8-9-10-11-12-16-17(13,14)15;1-5(2)7(9)8(10)11-6(3)4/h2-12H2,1H3,(H,13,14,15);5-7H,9H2,1-4H3/t;7-/m.0/s1|CC(C)OC(=O)[C@@H](N)C(C)C.CCCCCCCCCCCCOS(=O)(=O)O
5.094233512878418|3.397975206375122|298.8572998046875|0.00025229707314540636|326.38077212598387|0.0|2.0|1.0|InChI=1S/C5H9NO.C3H6O2/c1-6-4-2-3-5(6)7;1-2-3(4)5/h2-4H2,1H3;2H2,1H3,(H,4,5)|CCC(=O)O.CN1CCCC1=O
3.0517048835754395|4.196215629577637|322.0466613769531|0.0|0.0|0.0|0.0|0.0|InChI=1S/C10H18/c1-2-6-10-8-4-3-7-9(10)5-1/h9-10H,1-8H2/t9-,10-|C1CC[C@H]2CCCC[C@@H]2C1
3.7872908115386963|3.7455341815948486|217.0747833251953|0.004481965563704178|2516.811981947866|0.0|1.0|1.0|InChI=1S/C5H3F9O/c6-2(7,1-15)3(8,9)4(10,11)5(12,13)14/h15H,1H2|OCC(F)(F)C(F)(F)C(F)(F)C(F)(F)F
4.715051651000977|3.4235293865203857|343.9326477050781|0.0004219199625770524|382.9196999057963|0.0|2.0|2.0|InChI=1S/C6H11NO.C2H4O2/c8-6-4-2-1-3-5-7-6;1-2(3)4/h1-5H2,(H,7,8);1H3,(H,3,4)|CC(=O)O.OC1=NCCCCC1
5.699934482574463|3.856443166732788|265.5793151855469|0.00045664384483501354|1068.3755859465293|0.0|1.0|0.0|InChI=1S/C9H20N.C2H4O2/c1-3-4-7-10(2)8-5-6-9-10;1-2(3)4/h3-9H2,1-2H3;1H3,(H,3,4)/q+1;/p-1|CC(=O)[O-].CCCC[N+]1(C)CCCC1
2.885625123977661|3.66157865524292|272.56024169921875|0.0|0.0|0.0|0.0|0.0|InChI=1S/C4H9Br/c1-2-3-4-5/h2-4H2,1H3|CCCCBr
4.458950042724609|3.6929311752319336|191.37747192382812|0.000969564700672106|2426.833854680148|0.0|1.0|0.0|InChI=1S/C6H5F9O/c1-2-16-6(14,15)4(9,10)3(7,8)5(11,12)13/h2H2,1H3|CCOC(F)(F)C(F)(F)C(F)(F)C(F)(F)F
9.394082069396973|4.5|550.0|0.00017885987867493892|3448.0444887464873|0.0|10.0|0.0|InChI=1S/C16H28N4.2C2F6NO4S2/c1-17-11-13-19(15-17)9-7-5-3-4-6-8-10-20-14-12-18(2)16-20;2*3-1(4,5)14(10,11)9-15(12,13)2(6,7)8/h11-16H,3-10H2,1-2H3;;/q+2;2*-1|C[n+]1ccn(CCCCCCCCn2cc[n+](C)c2)c1.O=S(=O)([N-]S(=O)(=O)C(F)(F)F)C(F)(F)F.O=S(=O)([N-]S(=O)(=O)C(F)(F)F)C(F)(F)F
2.240658760070801|3.7799251079559326|219.17446899414062|0.0|0.0|0.0|0.0|0.0|InChI=1S/C4H10/c1-4(2)3/h4H,1-3H3|CC(C)C
8.431890487670898|4.026566982269287|245.7274932861328|0.0|0.0|0.0|0.0|0.0|InChI=1S/C20H44P.ClH/c1-5-9-13-14-15-16-20-21(17-10-6-2,18-11-7-3)19-12-8-4;/h5-20H2,1-4H3;1H/q+1;/p-1|CCCCCCCC[P+](CCCC)(CCCC)CCCC.[Cl-]
2.9693856239318848|3.9113175868988037|385.517822265625|0.06959456292177658|1771.3421610219737|0.0|1.0|0.0|InChI=1S/C6H12N2O/c1-7-4-3-5-8(2)6(7)9/h3-5H2,1-2H3|CN1CCCN(C)C1=O
4.2373046875|3.963167667388916|317.8373107910156|0.05475419357430373|1626.2002040806883|0.0|2.0|0.0|InChI=1S/C11H14O2/c1-4-5-9-6-7-10(12-2)11(8-9)13-3/h4,6-8H,1,5H2,2-3H3|C=CCc1ccc(OC)c(OC)c1
4.798073768615723|3.8219494819641113|251.92181396484375|0.013713923790410133|1743.2472767592171|0.0|2.0|0.0|InChI=1S/C10H22O2/c1-3-5-7-11-9-10-12-8-6-4-2/h3-10H2,1-2H3|CCCCOCCOCCCC
4.817112445831299|4.232769012451172|281.9200744628906|0.0|0.0|0.0|0.0|0.0|InChI=1S/C15H30/c1-10(2)13-7-14(11(3)4)9-15(8-13)12(5)6/h10-15H,7-9H2,1-6H3|CC(C)C1CC(C(C)C)CC(C(C)C)C1
5.343184947967529|3.471107244491577|182.74110412597656|0.0003377532219891531|2683.8921403386803|0.0|1.0|0.0|InChI=1S/C6H3F11O/c7-2(4(10,11)12)5(13,14)18-1-3(8,9)6(15,16)17/h2H,1H2|FC(C(F)(F)F)C(F)(F)OCC(F)(F)C(F)(F)F
3.659226417541504|3.864593267440796|285.65155029296875|0.0|0.0|0.0|0.0|0.0|InChI=1S/C10H14/c1-2-3-7-10-8-5-4-6-9-10/h4-6,8-9H,2-3,7H2,1H3|CCCCc1ccccc1
2.3055050373077393|3.394115924835205|256.715087890625|0.17068329814094224|1570.3985093200558|0.0|1.0|1.0|InChI=1S/C3H7N/c1-2-4-3-1/h4H,1-3H2|C1CNC1
5.936465263366699|3.4214415550231934|248.40061950683594|0.00010405676656673299|2143.033392856305|0.0|4.0|3.0|InChI=1S/C9H21NO3/c1-7(11)4-10(5-8(2)12)6-9(3)13/h7-9,11-13H,4-6H2,1-3H3|CC(O)CN(CC(C)O)CC(C)O
12.940796852111816|4.3037800788879395|271.7321472167969|0.0|0.0|0.0|0.0|0.0|InChI=1S/C32H68P.BrH/c1-5-9-13-17-18-19-20-21-22-23-24-28-32-33(29-25-14-10-6-2,30-26-15-11-7-3)31-27-16-12-8-4;/h5-32H2,1-4H3;1H/q+1;/p-1|CCCCCCCCCCCCCC[P+](CCCCCC)(CCCCCC)CCCCCC.[Br-]
4.435575485229492|3.410773277282715|187.38743591308594|0.003299085086412962|3390.032168264476|0.0|1.0|0.0|InChI=1S/C5H3F7O/c1-2(13)3(6,7)4(8,9)5(10,11)12/h1H3|CC(=O)C(F)(F)C(F)(F)C(F)(F)F
7.617371082305908|3.8620615005493164|213.66567993164062|0.0|0.0|0.0|0.0|0.0|InChI=1S/C16H36N.F6P/c1-5-9-13-17(14-10-6-2,15-11-7-3)16-12-8-4;1-7(2,3,4,5)6/h5-16H2,1-4H3;/q+1;-1|CCCC[N+](CCCC)(CCCC)CCCC.F[P-](F)(F)(F)(F)F
4.315600872039795|3.761503219604492|326.73919677734375|0.014477124878147287|1412.4641886225|0.0|4.0|0.0|InChI=1S/C10H10O4/c1-13-9(11)7-5-3-4-6-8(7)10(12)14-2/h3-6H,1-2H3|COC(=O)c1ccccc1C(=O)OC
1.8610014915466309|4.491225242614746|356.4278259277344|0.0036160621294938603|2482.3969838028656|0.0|2.0|2.0|InChI=1S/C5H12O2/c1-4(6)3-5(2)7/h4-7H,3H2,1-2H3|CC(O)CC(C)O
4.809845924377441|3.497546434402466|243.19090270996094|0.031363519680835596|2913.759464462285|0.0|1.0|0.0|InChI=1S/C8H16O/c1-2-3-4-5-6-7-8-9/h8H,2-7H2,1H3|CCCCCCCC=O
5.146552085876465|4.216076850891113|412.20892333984375|0.0033427884022395496|2785.7399154241816|0.0|4.0|2.0|InChI=1S/C8H15N2.C4H9NO3/c1-3-4-5-10-7-6-9(2)8-10;1-2(6)3(5)4(7)8/h6-8H,3-5H2,1-2H3;2-3,6H,5H2,1H3,(H,7,8)/q+1;/p-1/t;2-,3+/m.1/s1|CCCCn1cc[n+](C)c1.C[C@@H](O)[C@H](N)C(=O)[O-]
4.10136604309082|3.3680994510650635|339.3659973144531|0.01239730494170975|1420.8580669161215|0.0|1.0|1.0|InChI=1S/C6H11NO/c8-6-4-2-1-3-5-7-6/h1-5H2,(H,7,8)|OC1=NCCCCC1
2.1333045959472656|3.512105703353882|394.43695068359375|0.012556517449712479|1821.662868797502|0.0|2.0|3.0|InChI=1S/CH4N2S/c2-1(3)4/h(H4,2,3,4)|N=C(N)S
3.611001968383789|3.324037551879883|231.6822509765625|0.005362773184299172|1232.2977250919962|0.0|2.0|0.0|InChI=1S/C4H10O2/c1-5-3-4-6-2/h3-4H2,1-2H3|COCCOC
2.930860757827759|3.6479685306549072|296.8090515136719|0.0|0.0|0.0|0.0|0.0|InChI=1S/C6H4ClF/c7-5-1-3-6(8)4-2-5/h1-4H|Fc1ccc(Cl)cc1
5.600524425506592|4.004075527191162|374.4870910644531|0.011489006332058986|1704.7009638655836|0.0|3.0|0.0|InChI=1S/C10H19N2.CHNS/c1-3-4-5-6-7-12-9-8-11(2)10-12;2-1-3/h8-10H,3-7H2,1-2H3;3H/q+1;/p-1|CCCCCCn1cc[n+](C)c1.N#C[S-]
4.978767395019531|3.1168642044067383|187.82591247558594|0.0|0.0|0.0|0.0|0.0|InChI=1S/C6H12/c1-2-4-6-5-3-1/h1-6H2/i1D2,2D2,3D2,4D2,5D2,6D2|[2H]C1([2H])C([2H])([2H])C([2H])([2H])C([2H])([2H])C([2H])([2H])C1([2H])[2H]
5.872236251831055|4.494471549987793|393.7835388183594|0.0003474874248644798|4881.031495759575|0.0|5.0|0.0|InChI=1S/C10H24PS.C2F6NO4S2/c1-5-11(6-2,7-3)9-10-12-8-4;3-1(4,5)14(10,11)9-15(12,13)2(6,7)8/h5-10H2,1-4H3;/q+1;-1|CCSCC[P+](CC)(CC)CC.O=S(=O)([N-]S(=O)(=O)C(F)(F)F)C(F)(F)F
4.341562271118164|3.9189305305480957|251.55511474609375|0.0|0.0|0.0|0.0|0.0|InChI=1S/C10H22/c1-4-6-7-9-10(3)8-5-2/h10H,4-9H2,1-3H3|CCCCCC(C)CCC
7.636613368988037|4.090721607208252|281.72344970703125|0.014234473641098738|2246.8616325137255|0.0|7.0|3.0|InChI=1S/C6H15NO5S.C5H14NO/c8-4-1-7(2-5-9)3-6-13(10,11)12;1-6(2,3)4-5-7/h8-9H,1-6H2,(H,10,11,12);7H,4-5H2,1-3H3/q;+1/p-1|C[N+](C)(C)CCO.O=S(=O)([O-])CCN(CCO)CCO
5.486542701721191|4.22121000289917|366.38421630859375|0.00019951098470664545|2727.449281322368|0.0|4.0|0.0|InChI=1S/C6H16N.C2F6NO4S2/c1-5-6-7(2,3)4;3-1(4,5)14(10,11)9-15(12,13)2(6,7)8/h5-6H2,1-4H3;/q+1;-1|CCC[N+](C)(C)C.O=S(=O)([N-]S(=O)(=O)C(F)(F)F)C(F)(F)F
6.03949499130249|4.5|372.8211669921875|0.0014403340897527221|4651.438468521029|0.0|6.0|1.0|InChI=1S/C19H20F3N3O3/c20-19(21,22)14-3-1-4-15(13-14)24-17-16(5-2-6-23-17)18(26)28-12-9-25-7-10-27-11-8-25/h1-6,13H,7-12H2,(H,23,24)|O=C(OCCN1CCOCC1)c1cccnc1Nc1cccc(C(F)(F)F)c1
5.125820636749268|4.054974555969238|423.4945373535156|0.00011270237033858984|3800.140485235138|0.0|5.0|0.0|InChI=1S/C6H11N2.C3H2BF2O4/c1-3-8-5-4-7(2)6-8;5-4(6)9-2(7)1-3(8)10-4/h4-6H,3H2,1-2H3;1H2/q+1;-1|CCn1cc[n+](C)c1.O=C1CC(=O)O[B-](F)(F)O1
6.9325361251831055|4.310268402099609|374.22381591796875|0.004637186046854372|1975.1580120804736|0.0|6.0|1.0|InChI=1S/C8H15N3.C4F10NO4S2/c1-10-5-3-7-11-6-2-4-9-8(10)11;5-1(6,7)3(11,12)20(16,17)15-21(18,19)4(13,14)2(8,9)10/h2-7H2,1H3;/q;-1/p+1|CN1CCCN2CCC[NH+]=C12.O=S(=O)([N-]S(=O)(=O)C(F)(F)C(F)(F)F)C(F)(F)C(F)(F)F
3.334460973739624|4.032653331756592|461.98382568359375|0.08359208454412258|1878.0819656982915|0.0|3.0|0.0|InChI=1S/C5H9N2.CHNS/c1-6-3-4-7(2)5-6;2-1-3/h3-5H,1-2H3;3H/q+1;/p-1|Cn1cc[n+](C)c1.N#C[S-]
3.927482843399048|4.0629119873046875|374.1388244628906|0.015143772425151499|1855.8648351514723|0.0|1.0|0.0|InChI=1S/C8H15N2.BrH/c1-3-4-5-10-7-6-9(2)8-10;/h6-8H,3-5H2,1-2H3;1H/q+1;/p-1|CCCCn1cc[n+](C)c1.[Br-]
14.401585578918457|4.4132843017578125|276.2166748046875|0.0016814581915123705|1466.046376569354|0.0|1.0|0.0|InChI=1S/C32H68P.C4H8O2/c1-5-9-13-17-18-19-20-21-22-23-24-28-32-33(29-25-14-10-6-2,30-26-15-11-7-3)31-27-16-12-8-4;1-2-3-4(5)6/h5-32H2,1-4H3;2-3H2,1H3,(H,5,6)/q+1;/p-1|CCCC(=O)[O-].CCCCCCCCCCCCCC[P+](CCCCCC)(CCCCCC)CCCCCC
8.43832015991211|2.806224822998047|182.21612548828125|0.04921469555246203|1861.7313469715295|0.0|5.0|5.0|InChI=1S/C4H11NO2.C3H6O3/c6-3-1-5-2-4-7;1-2(4)3(5)6/h5-7H,1-4H2;2,4H,1H3,(H,5,6)|CC(O)C(=O)O.OCCNCCO
4.42236852645874|3.399019956588745|246.35040283203125|0.013236182681872155|2141.0013985666105|0.0|4.0|0.0|InChI=1S/C5H12O4/c1-6-3-8-5-9-4-7-2/h3-5H2,1-2H3|COCOCOCOC
4.0212273597717285|4.075161933898926|380.7246398925781|0.00078892521557512|997.7588377195299|0.0|2.0|1.0|InChI=1S/C6H12N3.F6P/c1-8-4-5-9(6-8)3-2-7;1-7(2,3,4,5)6/h4-6H,2-3,7H2,1H3;/q+1;-1|C[n+]1ccn(CCN)c1.F[P-](F)(F)(F)(F)F
6.698940753936768|3.782722234725952|263.4319152832031|0.00032323447116926456|2178.7061624414746|0.0|1.0|0.0|InChI=1S/C11H21N2.BF4/c1-4-5-6-7-8-13-10-9-12(3)11(13)2;2-1(3,4)5/h9-10H,4-8H2,1-3H3;/q+1;-1|CCCCCCn1cc[n+](C)c1C.F[B-](F)(F)F
5.085463047027588|3.3064143657684326|317.8419189453125|0.0037296751681140357|246.14377672387155|0.0|4.0|3.0|InChI=1S/C4H11NO2.C2H4O2/c5-1-3-7-4-2-6;1-2(3)4/h6H,1-5H2;1H3,(H,3,4)|CC(=O)O.NCCOCCO
3.79573917388916|3.5473766326904297|228.1973876953125|0.0002366520232794871|2215.1770312111425|0.0|2.0|0.0|InChI=1S/C6H12O2/c1-5(7)8-6(2,3)4/h1-4H3|CC(=O)OC(C)(C)C
5.6906890869140625|4.07755708694458|378.5282287597656|0.00411696160306233|1488.301324929422|0.0|5.0|0.0|InChI=1S/C7H13N2.C4H11O4P/c1-3-8-5-6-9(4-2)7-8;1-3-7-9(5,6)8-4-2/h5-7H,3-4H2,1-2H3;3-4H2,1-2H3,(H,5,6)/q+1;/p-1|CCOP(=O)([O-])OCC.CCn1cc[n+](CC)c1
11.616670608520508|4.070445537567139|195.4344024658203|8.600082187178887e-06|1323.8966000771406|0.0|8.0|0.0|InChI=1S/C16H48O8Si8/c1-25(2)17-26(3,4)19-28(7,8)21-30(11,12)23-32(15,16)24-31(13,14)22-29(9,10)20-27(5,6)18-25/h1-16H3|C[Si]1(C)O[Si](C)(C)O[Si](C)(C)O[Si](C)(C)O[Si](C)(C)O[Si](C)(C)O[Si](C)(C)O[Si](C)(C)O1
8.154617309570312|3.9432361125946045|212.67807006835938|0.0032756655904059564|3008.6926082631094|0.0|1.0|0.0|InChI=1S/C9H20NO.C6F18P/c1-10(8-9-11-2)6-4-3-5-7-10;7-1(8,9)4(16,17)25(22,23,24,5(18,19)2(10,11)12)6(20,21)3(13,14)15/h3-9H2,1-2H3;/q+1;-1|COCC[N+]1(C)CCCCC1.FC(F)(F)C(F)(F)[P-](F)(F)(F)(C(F)(F)C(F)(F)F)C(F)(F)C(F)(F)F
9.796911239624023|3.145263671875|120.55730438232422|0.17543907137287784|5000.0|0.0|7.0|2.0|InChI=1S/C12H26O7/c13-1-3-15-5-7-17-9-11-19-12-10-18-8-6-16-4-2-14/h13-14H,1-12H2|OCCOCCOCCOCCOCCOCCO
3.975301504135132|3.164721965789795|329.1209411621094|0.00195507402661228|1453.1257854095709|0.0|2.0|2.0|InChI=1S/C6H6O2/c7-5-3-1-2-4-6(5)8/h1-4,7-8H|Oc1ccccc1O
3.479900598526001|3.508197069168091|329.6263122558594|0.016892286232189694|2282.826072756623|0.0|2.0|0.0|InChI=1S/C7H6O2/c1-5-4-6(8)2-3-7(5)9/h2-4H,1H3|CC1=CC(=O)C=CC1=O
5.093183517456055|4.181974411010742|429.1698913574219|0.000878566140473081|3006.301883602333|0.0|4.0|0.0|InChI=1S/C8H15N2.C2H2F4O3S/c1-3-4-5-10-7-6-9(2)8-10;3-1(4)2(5,6)10(7,8)9/h6-8H,3-5H2,1-2H3;1H,(H,7,8,9)/q+1;/p-1|CCCCn1cc[n+](C)c1.O=S(=O)([O-])C(F)(F)C(F)F
5.094817638397217|3.5514028072357178|312.8460998535156|0.006568237597646559|1472.112815400754|0.0|2.0|0.0|InChI=1S/C10H8BrNO2/c11-5-6-12-9(13)7-3-1-2-4-8(7)10(12)14/h1-4H,5-6H2|O=C1c2ccccc2C(=O)N1CCBr
3.03788685798645|3.1344621181488037|156.21536254882812|0.0|0.0|0.0|0.0|0.0|InChI=1S/C2HF5/c3-1(4)2(5,6)7/h1H|FC(F)C(F)(F)F
2.826049327850342|4.2285308837890625|293.4384460449219|0.21917212812222878|956.3861072968383|0.0|1.0|1.0|InChI=1S/C6H12O/c1-3-5-6(7)4-2/h4,6-7H,2-3,5H2,1H3|C=CC(O)CCC
5.634338855743408|3.8711307048797607|199.10523986816406|0.0|0.0|0.0|0.0|0.0|InChI=1S/C8BrF17/c9-7(22,23)5(18,19)3(14,15)1(10,11)2(12,13)4(16,17)6(20,21)8(24,25)26|FC(F)(F)C(F)(F)C(F)(F)C(F)(F)C(F)(F)C(F)(F)C(F)(F)C(F)(F)Br
8.48799991607666|3.696521282196045|247.09727478027344|0.00013565797669659783|3093.6784902498384|0.0|2.0|0.0|InChI=1S/C17H32O2/c1-3-4-5-6-7-8-9-10-11-12-13-14-15-16-17(18)19-2/h8-9H,3-7,10-16H2,1-2H3/b9-8-|CCCCCC/C=C\CCCCCCCC(=O)OC
4.189008712768555|4.298673152923584|451.03326416015625|0.007207766718383539|2608.2067830984097|0.0|4.0|2.0|InChI=1S/C6H11N2.C4H9NO3/c1-3-8-5-4-7(2)6-8;1-2(6)3(5)4(7)8/h4-6H,3H2,1-2H3;2-3,6H,5H2,1H3,(H,7,8)/q+1;/p-1/t;2-,3+/m.1/s1|CCn1cc[n+](C)c1.C[C@@H](O)[C@H](N)C(=O)[O-]
2.9835364818573|3.8807146549224854|352.48553466796875|0.0|0.0|0.0|0.0|0.0|InChI=1S/C10H8/c1-2-6-10-8-4-3-7-9(10)5-1/h1-8H|c1ccc2ccccc2c1
6.427534103393555|3.6373672485351562|248.54351806640625|0.004175004684978035|2289.628660766843|0.0|1.0|1.0|InChI=1S/C15H26O/c1-6-15(5,16)12-8-11-14(4)10-7-9-13(2)3/h6,9,11,16H,1,7-8,10,12H2,2-5H3/b14-11-|C=CC(C)(O)CC/C=C(/C)CCC=C(C)C
6.5855255126953125|3.9884891510009766|371.9796447753906|0.0008187687862160912|1951.456081962528|0.0|5.0|0.0|InChI=1S/C10H19N2.C2H6O4S/c1-3-4-5-6-7-12-9-8-11(2)10-12;1-2-6-7(3,4)5/h8-10H,3-7H2,1-2H3;2H2,1H3,(H,3,4,5)/q+1;/p-1|CCCCCCn1cc[n+](C)c1.CCOS(=O)(=O)[O-]
1.5874212980270386|2.9311342239379883|199.56895446777344|0.0|0.0|0.0|0.0|0.0|InChI=1S/ClH/h1H|Cl
3.749673366546631|3.926002025604248|276.2728271484375|0.005548394440310022|1722.4209431193517|0.0|1.0|1.0|InChI=1S/C8H19N/c1-2-3-4-5-6-7-8-9/h2-9H2,1H3|CCCCCCCCN
3.7429850101470947|3.4588534832000732|292.9427795410156|0.025803092406870252|762.1484082945602|0.0|3.0|3.0|InChI=1S/C4H13N3/c5-1-3-7-4-2-6/h7H,1-6H2|NCCNCCN
14.523746490478516|4.3542985916137695|317.6910095214844|0.005199675465370489|1485.4150516222096|0.0|3.0|0.0|InChI=1S/C32H68P.C5HN4/c1-5-9-13-17-18-19-20-21-22-23-24-28-32-33(29-25-14-10-6-2,30-26-15-11-7-3)31-27-16-12-8-4;6-1-4-5(2-7)9-3-8-4/h5-32H2,1-4H3;3H/q+1;-1|CCCCCCCCCCCCCC[P+](CCCCCC)(CCCCCC)CCCCCC.N#Cc1nc[n-]c1C#N
3.888522148132324|3.605193853378296|291.97393798828125|0.0015803155743476804|1582.1697697871543|0.0|2.0|1.0|InChI=1S/C8H10O2/c1-2-10-8-6-4-3-5-7(8)9/h3-6,9H,2H2,1H3|CCOc1ccccc1O
5.619100570678711|4.5|477.39776611328125|0.001262114557071054|3105.9718375668867|0.0|5.0|0.0|InChI=1S/C7H13N2.C4F10NO4S2/c1-7(2)9-5-4-8(3)6-9;5-1(6,7)3(11,12)20(16,17)15-21(18,19)4(13,14)2(8,9)10/h4-7H,1-3H3;/q+1;-1|CC(C)n1cc[n+](C)c1.O=S(=O)([N-]S(=O)(=O)C(F)(F)C(F)(F)F)C(F)(F)C(F)(F)F
2.6600234508514404|3.5963821411132812|216.64743041992188|0.0|0.0|0.0|0.0|0.0|InChI=1S/C3H2ClF3/c1-2(4)3(5,6)7/h1H2|C=C(Cl)C(F)(F)F
5.770741939544678|3.5288503170013428|273.5542297363281|0.03102314818562116|1668.5808675356368|0.0|2.0|0.0|InChI=1S/C9H14N.C2N3/c1-2-3-7-10-8-5-4-6-9-10;3-1-5-2-4/h4-6,8-9H,2-3,7H2,1H3;/q+1;-1|CCCC[n+]1ccccc1.N#C[N-]C#N
7.3294196128845215|3.767728328704834|255.31341552734375|0.0007959671026718258|2958.4863806971457|0.0|2.0|0.0|InChI=1S/C16H30O2/c1-3-4-5-6-7-8-9-10-11-12-13-14-15-18-16(2)17/h4-5H,3,6-15H2,1-2H3/b5-4+|CC/C=C/CCCCCCCCCCOC(C)=O
6.150600433349609|3.940615177154541|269.8153991699219|0.0|0.0|0.0|0.0|0.0|InChI=1S/C15H22/c1-12(2)6-5-7-14(4)15-10-8-13(3)9-11-15/h6,8-11,14H,5,7H2,1-4H3/t14-/m1/s1|CC(C)=CCC[C@@H](C)c1ccc(C)cc1
7.932933330535889|4.047576904296875|331.94122314453125|0.002570989018470134|4275.866351528617|0.0|2.0|0.0|InChI=1S/C9H14N3.C6F18P/c1-11-7-8-12(9-11)6-4-2-3-5-10;7-1(8,9)4(16,17)25(22,23,24,5(18,19)2(10,11)12)6(20,21)3(13,14)15/h7-9H,2-4,6H2,1H3;/q+1;-1|C[n+]1ccn(CCCCC#N)c1.FC(F)(F)C(F)(F)[P-](F)(F)(F)(C(F)(F)C(F)(F)F)C(F)(F)C(F)(F)F
2.378460168838501|3.1915769577026367|232.24948120117188|0.15863646903615736|1484.3414766209846|0.0|2.0|0.0|InChI=1S/C2H3NO/c1-3-2-4/h1H3|CN=C=O
3.7970519065856934|3.9716644287109375|293.8008728027344|0.0|0.0|0.0|0.0|0.0|InChI=1S/C8H10/c1-7-5-3-4-6-8(7)2/h3-6H,1-2H3/i1D3,2D3,3D,4D,5D,6D|[2H]c1c([2H])c([2H])c(C([2H])([2H])[2H])c(C([2H])([2H])[2H])c1[2H]
3.908992290496826|3.6596789360046387|305.2755432128906|0.0|0.0|0.0|0.0|0.0|InChI=1S/C8H9I/c1-6-4-3-5-7(2)8(6)9/h3-5H,1-2H3|Cc1cccc(C)c1I
5.263538837432861|3.750856399536133|360.64776611328125|0.0031086909780650854|2128.867360310222|0.0|4.0|0.0|InChI=1S/C7H10N.F2NO4S2/c1-2-8-6-4-3-5-7-8;1-8(4,5)3-9(2,6)7/h3-7H,2H2,1H3;/q+1;-1|CC[n+]1ccccc1.O=S(=O)(F)[N-]S(=O)(=O)F
2.5913097858428955|3.686204671859741|282.3866882324219|0.0025519520557404384|1613.8647860224683|0.0|1.0|0.0|InChI=1S/C5H10O/c1-2-4-6-5-3-1/h1-5H2|C1CCOCC1
3.6027138233184814|3.879890203475952|247.1802215576172|0.0|0.0|0.0|0.0|0.0|InChI=1S/C8H18/c1-4-6-7-8(3)5-2/h8H,4-7H2,1-3H3|CCCCC(C)CC
5.476674556732178|3.4615089893341064|259.540283203125|4.3049193082076905e-05|315.1022260908496|0.0|2.0|0.0|InChI=1S/C11H14O2/c1-3-11(12)13-9(2)10-7-5-4-6-8-10/h4-9H,3H2,1-2H3|CCC(=O)OC(C)c1ccccc1
6.979818820953369|3.7727110385894775|284.7010803222656|0.0032863936267418133|1641.931965368664|0.0|3.0|0.0|InChI=1S/C13H22N.NO3/c1-2-3-4-5-6-8-11-14-12-9-7-10-13-14;2-1(3)4/h7,9-10,12-13H,2-6,8,11H2,1H3;/q+1;-1|CCCCCCCC[n+]1ccccc1.O=[N+]([O-])[O-]
9.243929862976074|3.8475656509399414|229.9749755859375|0.03837642222186523|566.2085427300478|0.0|4.0|1.0|InChI=1S/C16H36P.C2H7NO3S/c1-5-9-13-17(14-10-6-2,15-11-7-3)16-12-8-4;3-1-2-7(4,5)6/h5-16H2,1-4H3;1-3H2,(H,4,5,6)/q+1;/p-1|CCCC[P+](CCCC)(CCCC)CCCC.NCCS(=O)(=O)[O-]
4.753300666809082|3.467167615890503|267.552978515625|0.000982120667302119|2331.771733028384|0.0|1.0|0.0|InChI=1S/C6H5Cl2OP/c7-10(8)9-6-4-2-1-3-5-6/h1-5H|ClP(Cl)Oc1ccccc1
4.195051193237305|4.5|550.0|0.24005606407915128|2509.381260130633|0.0|1.0|0.0|InChI=1S/C6H11N2.2Al.6ClH.Cl/c1-3-8-5-4-7(2)6-8;;;;;;;;;/h4-6H,3H2,1-2H3;;;6*1H;/q+1;2*+2;;;;;;;+1/p-6|CCn1cc[n+](C)c1.[Al+2].[Al+2].[Cl+].[Cl-].[Cl-].[Cl-].[Cl-].[Cl-].[Cl-]
7.240199089050293|4.5|550.0|2.826739834780952e-06|3752.995240189338|0.0|10.0|0.0|InChI=1S/C11H18N4.2C2F6NO4S2/c1-12-6-8-14(10-12)4-3-5-15-9-7-13(2)11-15;2*3-1(4,5)14(10,11)9-15(12,13)2(6,7)8/h6-11H,3-5H2,1-2H3;;/q+2;2*-1|C[n+]1ccn(CCCn2cc[n+](C)c2)c1.O=S(=O)([N-]S(=O)(=O)C(F)(F)F)C(F)(F)F.O=S(=O)([N-]S(=O)(=O)C(F)(F)F)C(F)(F)F
3.90985369682312|3.5468194484710693|280.3489990234375|0.0|0.0|0.0|0.0|0.0|InChI=1S/C5H10Cl2/c6-4-2-1-3-5-7/h1-5H2|ClCCCCCCl
4.459325790405273|3.3890042304992676|327.0738830566406|0.0001030096570154411|197.45508859845964|0.0|1.0|1.0|InChI=1S/C10H8O/c11-10-7-3-5-8-4-1-2-6-9(8)10/h1-7,11H|Oc1cccc2ccccc12
6.644928932189941|3.5881295204162598|248.18597412109375|0.003954924219977157|2431.7375995301886|0.0|3.0|1.0|InChI=1S/C7H17N3.C2H6O4S/c1-6-8-7(9(2)3)10(4)5;1-2-6-7(3,4)5/h6H2,1-5H3;2H2,1H3,(H,3,4,5)|CCN=C(N(C)C)N(C)C.CCOS(=O)(=O)O
3.169144868850708|3.284359931945801|195.46421813964844|0.0|0.0|0.0|0.0|0.0|InChI=1S/C3H2F4/c4-2-1-3(5,6)7/h1-2H/b2-1-|F/C=C\C(F)(F)F
2.8936142921447754|3.97406005859375|359.4531555175781|0.0003418508020391014|2050.0557461755493|0.0|1.0|1.0|InChI=1S/C7H12O2/c8-7(9)6-4-2-1-3-5-6/h6H,1-5H2,(H,8,9)|O=C(O)C1CCCCC1
3.755277395248413|3.4091689586639404|313.0061950683594|0.0008592050346908486|2201.2276379636405|0.0|2.0|0.0|InChI=1S/C6H6OS/c1-5(7)6-3-2-4-8-6/h2-4H,1H3|CC(=O)c1cccs1
5.716856002807617|3.8179423809051514|264.4146728515625|0.11478084261384316|937.1608887894361|0.0|2.0|0.0|InChI=1S/C8H18N.C2N3/c1-3-6-9(2)7-4-5-8-9;3-1-5-2-4/h3-8H2,1-2H3;/q+1;-1|CCC[N+]1(C)CCCC1.N#C[N-]C#N
3.335350751876831|3.825810670852661|281.42535400390625|0.01623511680833831|2057.1210110553925|0.0|1.0|0.0|InChI=1S/C7H14O/c1-2-3-4-5-6-7-8/h7H,2-6H2,1H3|CCCCCCC=O
8.76612377166748|3.859487533569336|248.24905395507812|0.0|0.0|0.0|0.0|0.0|InChI=1S/C20H42/c1-3-5-7-9-11-13-15-17-19-20-18-16-14-12-10-8-6-4-2/h3-20H2,1-2H3|CCCCCCCCCCCCCCCCCCCC
9.734064102172852|4.16875696182251|328.6171875|0.002383964509040094|3528.2899537740172|0.0|6.0|0.0|InChI=1S/C12H20N3.C12H26O4S/c1-2-3-4-5-8-14-10-11-15(12-14)9-6-7-13;1-2-3-4-5-6-7-8-9-10-11-12-16-17(13,14)15/h10-12H,2-6,8-9H2,1H3;2-12H2,1H3,(H,13,14,15)/q+1;/p-1|CCCCCCCCCCCCOS(=O)(=O)[O-].CCCCCC[n+]1ccn(CCC#N)c1
